  No;Problem;                                                                            ;;
   1;3CNF2/v03m1d2C[[0,0,1]]p[[[],[],[1,0,0,0]]]nm0.5np0.5c135s0.tptp;     TIMEOUT;      ;
   2;3CNF2/v03m1d2C[[0,0,1]]p[[[],[],[1,0,0,0]]]nm0.5np0.5c135s1.tptp;     TIMEOUT;      ;
   3;3CNF2/v03m1d2C[[0,0,1]]p[[[],[],[1,0,0,0]]]nm0.5np0.5c135s2.tptp;     TIMEOUT;      ;
   4;3CNF2/v03m1d2C[[0,0,1]]p[[[],[],[1,0,0,0]]]nm0.5np0.5c135s3.tptp;     TIMEOUT;      ;
   5;3CNF2/v03m1d2C[[0,0,1]]p[[[],[],[1,0,0,0]]]nm0.5np0.5c135s4.tptp;     TIMEOUT;      ;
   6;3CNF2/v03m1d2C[[0,0,1]]p[[[],[],[1,0,0,0]]]nm0.5np0.5c135s5.tptp;     TIMEOUT;      ;
   7;3CNF2/v03m1d2C[[0,0,1]]p[[[],[],[1,0,0,0]]]nm0.5np0.5c135s6.tptp;     TIMEOUT;      ;
   8;3CNF2/v03m1d2C[[0,0,1]]p[[[],[],[1,0,0,0]]]nm0.5np0.5c135s7.tptp;     TIMEOUT;      ;
   9;3CNF2/v03m1d2C[[0,0,1]]p[[[],[],[1,0,0,0]]]nm0.5np0.5c135s8.tptp;     TIMEOUT;      ;
  10;3CNF2/v03m1d2C[[0,0,1]]p[[[],[],[1,0,0,0]]]nm0.5np0.5c135s9.tptp;     TIMEOUT;      ;
  11;3CNF2/v03m1d2C[[0,0,1]]p[[[],[],[1,0,0,0]]]nm0.5np0.5c150s0.tptp;     TIMEOUT;      ;
  12;3CNF2/v03m1d2C[[0,0,1]]p[[[],[],[1,0,0,0]]]nm0.5np0.5c150s1.tptp;     TIMEOUT;      ;
  13;3CNF2/v03m1d2C[[0,0,1]]p[[[],[],[1,0,0,0]]]nm0.5np0.5c150s2.tptp;     TIMEOUT;      ;
  14;3CNF2/v03m1d2C[[0,0,1]]p[[[],[],[1,0,0,0]]]nm0.5np0.5c150s3.tptp;     TIMEOUT;      ;
  15;3CNF2/v03m1d2C[[0,0,1]]p[[[],[],[1,0,0,0]]]nm0.5np0.5c150s4.tptp;     TIMEOUT;      ;
  16;3CNF2/v03m1d2C[[0,0,1]]p[[[],[],[1,0,0,0]]]nm0.5np0.5c150s5.tptp;     TIMEOUT;      ;
  17;3CNF2/v03m1d2C[[0,0,1]]p[[[],[],[1,0,0,0]]]nm0.5np0.5c150s6.tptp;     TIMEOUT;      ;
  18;3CNF2/v03m1d2C[[0,0,1]]p[[[],[],[1,0,0,0]]]nm0.5np0.5c150s7.tptp;     TIMEOUT;      ;
  19;3CNF2/v03m1d2C[[0,0,1]]p[[[],[],[1,0,0,0]]]nm0.5np0.5c150s8.tptp;     TIMEOUT;      ;
  20;3CNF2/v03m1d2C[[0,0,1]]p[[[],[],[1,0,0,0]]]nm0.5np0.5c150s9.tptp;     TIMEOUT;      ;
  21;3CNF2/v03m1d2C[[0,0,1]]p[[[],[],[1,0,0,0]]]nm0.5np0.5c165s0.tptp;     TIMEOUT;      ;
  22;3CNF2/v03m1d2C[[0,0,1]]p[[[],[],[1,0,0,0]]]nm0.5np0.5c165s1.tptp;     TIMEOUT;      ;
  23;3CNF2/v03m1d2C[[0,0,1]]p[[[],[],[1,0,0,0]]]nm0.5np0.5c165s2.tptp;     TIMEOUT;      ;
  24;3CNF2/v03m1d2C[[0,0,1]]p[[[],[],[1,0,0,0]]]nm0.5np0.5c165s3.tptp;     TIMEOUT;      ;
  25;3CNF2/v03m1d2C[[0,0,1]]p[[[],[],[1,0,0,0]]]nm0.5np0.5c165s4.tptp;     TIMEOUT;      ;
  26;3CNF2/v03m1d2C[[0,0,1]]p[[[],[],[1,0,0,0]]]nm0.5np0.5c165s5.tptp;     TIMEOUT;      ;
  27;3CNF2/v03m1d2C[[0,0,1]]p[[[],[],[1,0,0,0]]]nm0.5np0.5c165s6.tptp;     TIMEOUT;      ;
  28;3CNF2/v03m1d2C[[0,0,1]]p[[[],[],[1,0,0,0]]]nm0.5np0.5c165s7.tptp;     TIMEOUT;      ;
  29;3CNF2/v03m1d2C[[0,0,1]]p[[[],[],[1,0,0,0]]]nm0.5np0.5c165s8.tptp;     TIMEOUT;      ;
  30;3CNF2/v03m1d2C[[0,0,1]]p[[[],[],[1,0,0,0]]]nm0.5np0.5c165s9.tptp;     TIMEOUT;      ;
  31;3CNF2/v03m1d2C[[0,0,1]]p[[[],[],[1,0,0,0]]]nm0.5np0.5c180s0.tptp;     TIMEOUT;      ;
  32;3CNF2/v03m1d2C[[0,0,1]]p[[[],[],[1,0,0,0]]]nm0.5np0.5c180s1.tptp;     TIMEOUT;      ;
  33;3CNF2/v03m1d2C[[0,0,1]]p[[[],[],[1,0,0,0]]]nm0.5np0.5c180s2.tptp;     TIMEOUT;      ;
  34;3CNF2/v03m1d2C[[0,0,1]]p[[[],[],[1,0,0,0]]]nm0.5np0.5c180s3.tptp;     TIMEOUT;      ;
  35;3CNF2/v03m1d2C[[0,0,1]]p[[[],[],[1,0,0,0]]]nm0.5np0.5c180s4.tptp;     TIMEOUT;      ;
  36;3CNF2/v03m1d2C[[0,0,1]]p[[[],[],[1,0,0,0]]]nm0.5np0.5c180s5.tptp;     TIMEOUT;      ;
  37;3CNF2/v03m1d2C[[0,0,1]]p[[[],[],[1,0,0,0]]]nm0.5np0.5c180s6.tptp;     TIMEOUT;      ;
  38;3CNF2/v03m1d2C[[0,0,1]]p[[[],[],[1,0,0,0]]]nm0.5np0.5c180s7.tptp;     TIMEOUT;      ;
  39;3CNF2/v03m1d2C[[0,0,1]]p[[[],[],[1,0,0,0]]]nm0.5np0.5c180s8.tptp;     TIMEOUT;      ;
  40;3CNF2/v03m1d2C[[0,0,1]]p[[[],[],[1,0,0,0]]]nm0.5np0.5c180s9.tptp;     TIMEOUT;      ;
  41;3CNF2/v04m1d2C[[0,1,4]]p[[[],[0,3,0],[0,3,3,0]]]nm0.5np0.5c200s0.tptp; TIMEOUT;      ;
  42;3CNF2/v04m1d2C[[0,1,4]]p[[[],[0,3,0],[0,3,3,0]]]nm0.5np0.5c200s1.tptp; TIMEOUT;      ;
  43;3CNF2/v04m1d2C[[0,1,4]]p[[[],[0,3,0],[0,3,3,0]]]nm0.5np0.5c200s2.tptp;   19.42; Sat  ;
  44;3CNF2/v04m1d2C[[0,1,4]]p[[[],[0,3,0],[0,3,3,0]]]nm0.5np0.5c200s3.tptp; TIMEOUT;      ;
  45;3CNF2/v04m1d2C[[0,1,4]]p[[[],[0,3,0],[0,3,3,0]]]nm0.5np0.5c200s4.tptp;  251.03; Sat  ;
  46;3CNF2/v04m1d2C[[0,1,4]]p[[[],[0,3,0],[0,3,3,0]]]nm0.5np0.5c200s5.tptp;   59.11; Sat  ;
  47;3CNF2/v04m1d2C[[0,1,4]]p[[[],[0,3,0],[0,3,3,0]]]nm0.5np0.5c200s6.tptp;   99.93; Unsat;
  48;3CNF2/v04m1d2C[[0,1,4]]p[[[],[0,3,0],[0,3,3,0]]]nm0.5np0.5c200s7.tptp;   22.91; Sat  ;
  49;3CNF2/v04m1d2C[[0,1,4]]p[[[],[0,3,0],[0,3,3,0]]]nm0.5np0.5c200s8.tptp;    5.15; Sat  ;
  50;3CNF2/v04m1d2C[[0,1,4]]p[[[],[0,3,0],[0,3,3,0]]]nm0.5np0.5c200s9.tptp; TIMEOUT;      ;
  51;3CNF2/v04m1d2C[[0,1,4]]p[[[],[0,3,0],[0,3,3,0]]]nm0.5np0.5c220s0.tptp; TIMEOUT;      ;
  52;3CNF2/v04m1d2C[[0,1,4]]p[[[],[0,3,0],[0,3,3,0]]]nm0.5np0.5c220s1.tptp;  471.21; Sat  ;
  53;3CNF2/v04m1d2C[[0,1,4]]p[[[],[0,3,0],[0,3,3,0]]]nm0.5np0.5c220s2.tptp;  475.69; Sat  ;
  54;3CNF2/v04m1d2C[[0,1,4]]p[[[],[0,3,0],[0,3,3,0]]]nm0.5np0.5c220s3.tptp; TIMEOUT;      ;
  55;3CNF2/v04m1d2C[[0,1,4]]p[[[],[0,3,0],[0,3,3,0]]]nm0.5np0.5c220s4.tptp;  257.42; Sat  ;
  56;3CNF2/v04m1d2C[[0,1,4]]p[[[],[0,3,0],[0,3,3,0]]]nm0.5np0.5c220s5.tptp; TIMEOUT;      ;
  57;3CNF2/v04m1d2C[[0,1,4]]p[[[],[0,3,0],[0,3,3,0]]]nm0.5np0.5c220s6.tptp; TIMEOUT;      ;
  58;3CNF2/v04m1d2C[[0,1,4]]p[[[],[0,3,0],[0,3,3,0]]]nm0.5np0.5c220s7.tptp;   92.42; Unsat;
  59;3CNF2/v04m1d2C[[0,1,4]]p[[[],[0,3,0],[0,3,3,0]]]nm0.5np0.5c220s8.tptp;   78.27; Sat  ;
  60;3CNF2/v04m1d2C[[0,1,4]]p[[[],[0,3,0],[0,3,3,0]]]nm0.5np0.5c220s9.tptp;  937.14; Sat  ;
  61;3CNF2/v04m1d2C[[0,1,4]]p[[[],[0,3,0],[0,3,3,0]]]nm0.5np0.5c240s0.tptp;   39.65; Sat  ;
  62;3CNF2/v04m1d2C[[0,1,4]]p[[[],[0,3,0],[0,3,3,0]]]nm0.5np0.5c240s1.tptp; TIMEOUT;      ;
  63;3CNF2/v04m1d2C[[0,1,4]]p[[[],[0,3,0],[0,3,3,0]]]nm0.5np0.5c240s2.tptp; TIMEOUT;      ;
  64;3CNF2/v04m1d2C[[0,1,4]]p[[[],[0,3,0],[0,3,3,0]]]nm0.5np0.5c240s3.tptp; TIMEOUT;      ;
  65;3CNF2/v04m1d2C[[0,1,4]]p[[[],[0,3,0],[0,3,3,0]]]nm0.5np0.5c240s4.tptp; TIMEOUT;      ;
  66;3CNF2/v04m1d2C[[0,1,4]]p[[[],[0,3,0],[0,3,3,0]]]nm0.5np0.5c240s5.tptp;  117.25; Sat  ;
  67;3CNF2/v04m1d2C[[0,1,4]]p[[[],[0,3,0],[0,3,3,0]]]nm0.5np0.5c240s6.tptp;  831.97; Unsat;
  68;3CNF2/v04m1d2C[[0,1,4]]p[[[],[0,3,0],[0,3,3,0]]]nm0.5np0.5c240s7.tptp; TIMEOUT;      ;
  69;3CNF2/v04m1d2C[[0,1,4]]p[[[],[0,3,0],[0,3,3,0]]]nm0.5np0.5c240s8.tptp; TIMEOUT;      ;
  70;3CNF2/v04m1d2C[[0,1,4]]p[[[],[0,3,0],[0,3,3,0]]]nm0.5np0.5c240s9.tptp; TIMEOUT;      ;
  71;3CNF2/v04m1d2C[[0,1,4]]p[[[],[0,3,0],[0,3,3,0]]]nm0.5np0.5c260s0.tptp;   19.67; Unsat;
  72;3CNF2/v04m1d2C[[0,1,4]]p[[[],[0,3,0],[0,3,3,0]]]nm0.5np0.5c260s1.tptp;  849.93; Unsat;
  73;3CNF2/v04m1d2C[[0,1,4]]p[[[],[0,3,0],[0,3,3,0]]]nm0.5np0.5c260s2.tptp; TIMEOUT;      ;
  74;3CNF2/v04m1d2C[[0,1,4]]p[[[],[0,3,0],[0,3,3,0]]]nm0.5np0.5c260s3.tptp; TIMEOUT;      ;
  75;3CNF2/v04m1d2C[[0,1,4]]p[[[],[0,3,0],[0,3,3,0]]]nm0.5np0.5c260s4.tptp; TIMEOUT;      ;
  76;3CNF2/v04m1d2C[[0,1,4]]p[[[],[0,3,0],[0,3,3,0]]]nm0.5np0.5c260s5.tptp; TIMEOUT;      ;
  77;3CNF2/v04m1d2C[[0,1,4]]p[[[],[0,3,0],[0,3,3,0]]]nm0.5np0.5c260s6.tptp; TIMEOUT;      ;
  78;3CNF2/v04m1d2C[[0,1,4]]p[[[],[0,3,0],[0,3,3,0]]]nm0.5np0.5c260s7.tptp;   21.46; Unsat;
  79;3CNF2/v04m1d2C[[0,1,4]]p[[[],[0,3,0],[0,3,3,0]]]nm0.5np0.5c260s8.tptp;   17.44; Unsat;
  80;3CNF2/v04m1d2C[[0,1,4]]p[[[],[0,3,0],[0,3,3,0]]]nm0.5np0.5c260s9.tptp;   82.97; Unsat;
  81;3CNF2/v04m1d2C[[0,1,4]]p[[[],[0,3,0],[0,3,3,0]]]nm0.5np0.5c280s0.tptp; TIMEOUT;      ;
  82;3CNF2/v04m1d2C[[0,1,4]]p[[[],[0,3,0],[0,3,3,0]]]nm0.5np0.5c280s1.tptp;   27.92; Unsat;
  83;3CNF2/v04m1d2C[[0,1,4]]p[[[],[0,3,0],[0,3,3,0]]]nm0.5np0.5c280s2.tptp;  116.48; Unsat;
  84;3CNF2/v04m1d2C[[0,1,4]]p[[[],[0,3,0],[0,3,3,0]]]nm0.5np0.5c280s3.tptp;    5.80; Unsat;
  85;3CNF2/v04m1d2C[[0,1,4]]p[[[],[0,3,0],[0,3,3,0]]]nm0.5np0.5c280s4.tptp;    1.68; Unsat;
  86;3CNF2/v04m1d2C[[0,1,4]]p[[[],[0,3,0],[0,3,3,0]]]nm0.5np0.5c280s5.tptp;  372.96; Unsat;
  87;3CNF2/v04m1d2C[[0,1,4]]p[[[],[0,3,0],[0,3,3,0]]]nm0.5np0.5c280s6.tptp;    3.55; Unsat;
  88;3CNF2/v04m1d2C[[0,1,4]]p[[[],[0,3,0],[0,3,3,0]]]nm0.5np0.5c280s7.tptp;   22.13; Unsat;
  89;3CNF2/v04m1d2C[[0,1,4]]p[[[],[0,3,0],[0,3,3,0]]]nm0.5np0.5c280s8.tptp;    0.29; Unsat;
  90;3CNF2/v04m1d2C[[0,1,4]]p[[[],[0,3,0],[0,3,3,0]]]nm0.5np0.5c280s9.tptp; TIMEOUT;      ;
  91;3CNF2/v04m1d2C[[0,1,4]]p[[[],[0,3,0],[0,3,3,0]]]nm0.5np0.5c300s0.tptp;    5.30; Unsat;
  92;3CNF2/v04m1d2C[[0,1,4]]p[[[],[0,3,0],[0,3,3,0]]]nm0.5np0.5c300s1.tptp;   46.57; Unsat;
  93;3CNF2/v04m1d2C[[0,1,4]]p[[[],[0,3,0],[0,3,3,0]]]nm0.5np0.5c300s2.tptp;  320.51; Unsat;
  94;3CNF2/v04m1d2C[[0,1,4]]p[[[],[0,3,0],[0,3,3,0]]]nm0.5np0.5c300s3.tptp;   19.45; Unsat;
  95;3CNF2/v04m1d2C[[0,1,4]]p[[[],[0,3,0],[0,3,3,0]]]nm0.5np0.5c300s4.tptp;    2.26; Unsat;
  96;3CNF2/v04m1d2C[[0,1,4]]p[[[],[0,3,0],[0,3,3,0]]]nm0.5np0.5c300s5.tptp;  505.47; Unsat;
  97;3CNF2/v04m1d2C[[0,1,4]]p[[[],[0,3,0],[0,3,3,0]]]nm0.5np0.5c300s6.tptp; TIMEOUT;      ;
  98;3CNF2/v04m1d2C[[0,1,4]]p[[[],[0,3,0],[0,3,3,0]]]nm0.5np0.5c300s7.tptp;   15.19; Unsat;
  99;3CNF2/v04m1d2C[[0,1,4]]p[[[],[0,3,0],[0,3,3,0]]]nm0.5np0.5c300s8.tptp;  157.46; Unsat;
 100;3CNF2/v04m1d2C[[0,1,4]]p[[[],[0,3,0],[0,3,3,0]]]nm0.5np0.5c300s9.tptp; TIMEOUT;      ;
 101;3CNF2/v04m1d2C[[0,1,4]]p[[[],[0,3,0],[0,3,3,0]]]nm0.5np0.5c320s0.tptp;    1.17; Unsat;
 102;3CNF2/v04m1d2C[[0,1,4]]p[[[],[0,3,0],[0,3,3,0]]]nm0.5np0.5c320s1.tptp; TIMEOUT;      ;
 103;3CNF2/v04m1d2C[[0,1,4]]p[[[],[0,3,0],[0,3,3,0]]]nm0.5np0.5c320s2.tptp;    3.78; Unsat;
 104;3CNF2/v04m1d2C[[0,1,4]]p[[[],[0,3,0],[0,3,3,0]]]nm0.5np0.5c320s3.tptp;    1.76; Unsat;
 105;3CNF2/v04m1d2C[[0,1,4]]p[[[],[0,3,0],[0,3,3,0]]]nm0.5np0.5c320s4.tptp;   21.41; Unsat;
 106;3CNF2/v04m1d2C[[0,1,4]]p[[[],[0,3,0],[0,3,3,0]]]nm0.5np0.5c320s5.tptp; TIMEOUT;      ;
 107;3CNF2/v04m1d2C[[0,1,4]]p[[[],[0,3,0],[0,3,3,0]]]nm0.5np0.5c320s6.tptp;   81.27; Unsat;
 108;3CNF2/v04m1d2C[[0,1,4]]p[[[],[0,3,0],[0,3,3,0]]]nm0.5np0.5c320s7.tptp;    1.56; Unsat;
 109;3CNF2/v04m1d2C[[0,1,4]]p[[[],[0,3,0],[0,3,3,0]]]nm0.5np0.5c320s8.tptp;  248.19; Unsat;
 110;3CNF2/v04m1d2C[[0,1,4]]p[[[],[0,3,0],[0,3,3,0]]]nm0.5np0.5c320s9.tptp;    2.86; Unsat;
 111;3CNF2/v04m1d2C[[0,2,3]]p[[[],[0,3,0],[0,3,3,0]]]nm0.5np0.5c120s0.tptp;    0.19; Sat  ;
 112;3CNF2/v04m1d2C[[0,2,3]]p[[[],[0,3,0],[0,3,3,0]]]nm0.5np0.5c120s1.tptp;    0.15; Sat  ;
 113;3CNF2/v04m1d2C[[0,2,3]]p[[[],[0,3,0],[0,3,3,0]]]nm0.5np0.5c120s2.tptp;    0.21; Sat  ;
 114;3CNF2/v04m1d2C[[0,2,3]]p[[[],[0,3,0],[0,3,3,0]]]nm0.5np0.5c120s3.tptp;    0.03; Sat  ;
 115;3CNF2/v04m1d2C[[0,2,3]]p[[[],[0,3,0],[0,3,3,0]]]nm0.5np0.5c120s4.tptp;    0.66; Sat  ;
 116;3CNF2/v04m1d2C[[0,2,3]]p[[[],[0,3,0],[0,3,3,0]]]nm0.5np0.5c120s5.tptp;    1.15; Sat  ;
 117;3CNF2/v04m1d2C[[0,2,3]]p[[[],[0,3,0],[0,3,3,0]]]nm0.5np0.5c120s6.tptp;    4.78; Sat  ;
 118;3CNF2/v04m1d2C[[0,2,3]]p[[[],[0,3,0],[0,3,3,0]]]nm0.5np0.5c120s7.tptp;    0.97; Unsat;
 119;3CNF2/v04m1d2C[[0,2,3]]p[[[],[0,3,0],[0,3,3,0]]]nm0.5np0.5c120s8.tptp;    0.31; Sat  ;
 120;3CNF2/v04m1d2C[[0,2,3]]p[[[],[0,3,0],[0,3,3,0]]]nm0.5np0.5c120s9.tptp;    0.43; Sat  ;
 121;3CNF2/v04m1d2C[[0,2,3]]p[[[],[0,3,0],[0,3,3,0]]]nm0.5np0.5c140s0.tptp;    0.31; Unsat;
 122;3CNF2/v04m1d2C[[0,2,3]]p[[[],[0,3,0],[0,3,3,0]]]nm0.5np0.5c140s1.tptp;    0.26; Unsat;
 123;3CNF2/v04m1d2C[[0,2,3]]p[[[],[0,3,0],[0,3,3,0]]]nm0.5np0.5c140s2.tptp;    4.09; Sat  ;
 124;3CNF2/v04m1d2C[[0,2,3]]p[[[],[0,3,0],[0,3,3,0]]]nm0.5np0.5c140s3.tptp;    0.29; Sat  ;
 125;3CNF2/v04m1d2C[[0,2,3]]p[[[],[0,3,0],[0,3,3,0]]]nm0.5np0.5c140s4.tptp;    3.74; Sat  ;
 126;3CNF2/v04m1d2C[[0,2,3]]p[[[],[0,3,0],[0,3,3,0]]]nm0.5np0.5c140s5.tptp;    7.67; Sat  ;
 127;3CNF2/v04m1d2C[[0,2,3]]p[[[],[0,3,0],[0,3,3,0]]]nm0.5np0.5c140s6.tptp;    0.83; Sat  ;
 128;3CNF2/v04m1d2C[[0,2,3]]p[[[],[0,3,0],[0,3,3,0]]]nm0.5np0.5c140s7.tptp;    4.94; Sat  ;
 129;3CNF2/v04m1d2C[[0,2,3]]p[[[],[0,3,0],[0,3,3,0]]]nm0.5np0.5c140s8.tptp;    2.03; Sat  ;
 130;3CNF2/v04m1d2C[[0,2,3]]p[[[],[0,3,0],[0,3,3,0]]]nm0.5np0.5c140s9.tptp;    0.17; Unsat;
 131;3CNF2/v04m1d2C[[0,2,3]]p[[[],[0,3,0],[0,3,3,0]]]nm0.5np0.5c160s0.tptp;    0.84; Unsat;
 132;3CNF2/v04m1d2C[[0,2,3]]p[[[],[0,3,0],[0,3,3,0]]]nm0.5np0.5c160s1.tptp;   11.34; Sat  ;
 133;3CNF2/v04m1d2C[[0,2,3]]p[[[],[0,3,0],[0,3,3,0]]]nm0.5np0.5c160s2.tptp;   11.30; Sat  ;
 134;3CNF2/v04m1d2C[[0,2,3]]p[[[],[0,3,0],[0,3,3,0]]]nm0.5np0.5c160s3.tptp;    1.35; Sat  ;
 135;3CNF2/v04m1d2C[[0,2,3]]p[[[],[0,3,0],[0,3,3,0]]]nm0.5np0.5c160s4.tptp;    0.87; Unsat;
 136;3CNF2/v04m1d2C[[0,2,3]]p[[[],[0,3,0],[0,3,3,0]]]nm0.5np0.5c160s5.tptp;    5.43; Unsat;
 137;3CNF2/v04m1d2C[[0,2,3]]p[[[],[0,3,0],[0,3,3,0]]]nm0.5np0.5c160s6.tptp;    1.18; Sat  ;
 138;3CNF2/v04m1d2C[[0,2,3]]p[[[],[0,3,0],[0,3,3,0]]]nm0.5np0.5c160s7.tptp;    0.11; Unsat;
 139;3CNF2/v04m1d2C[[0,2,3]]p[[[],[0,3,0],[0,3,3,0]]]nm0.5np0.5c160s8.tptp;    2.32; Sat  ;
 140;3CNF2/v04m1d2C[[0,2,3]]p[[[],[0,3,0],[0,3,3,0]]]nm0.5np0.5c160s9.tptp;    0.07; Unsat;
 141;3CNF2/v04m1d2C[[0,2,3]]p[[[],[0,3,0],[0,3,3,0]]]nm0.5np0.5c180s0.tptp;    0.40; Unsat;
 142;3CNF2/v04m1d2C[[0,2,3]]p[[[],[0,3,0],[0,3,3,0]]]nm0.5np0.5c180s1.tptp;    0.20; Unsat;
 143;3CNF2/v04m1d2C[[0,2,3]]p[[[],[0,3,0],[0,3,3,0]]]nm0.5np0.5c180s2.tptp;    0.12; Unsat;
 144;3CNF2/v04m1d2C[[0,2,3]]p[[[],[0,3,0],[0,3,3,0]]]nm0.5np0.5c180s3.tptp;    0.25; Unsat;
 145;3CNF2/v04m1d2C[[0,2,3]]p[[[],[0,3,0],[0,3,3,0]]]nm0.5np0.5c180s4.tptp;    4.45; Sat  ;
 146;3CNF2/v04m1d2C[[0,2,3]]p[[[],[0,3,0],[0,3,3,0]]]nm0.5np0.5c180s5.tptp;    0.18; Unsat;
 147;3CNF2/v04m1d2C[[0,2,3]]p[[[],[0,3,0],[0,3,3,0]]]nm0.5np0.5c180s6.tptp;   11.03; Unsat;
 148;3CNF2/v04m1d2C[[0,2,3]]p[[[],[0,3,0],[0,3,3,0]]]nm0.5np0.5c180s7.tptp;    0.27; Unsat;
 149;3CNF2/v04m1d2C[[0,2,3]]p[[[],[0,3,0],[0,3,3,0]]]nm0.5np0.5c180s8.tptp;    0.34; Unsat;
 150;3CNF2/v04m1d2C[[0,2,3]]p[[[],[0,3,0],[0,3,3,0]]]nm0.5np0.5c180s9.tptp;    1.23; Unsat;
 151;3CNF2/v04m1d2C[[0,2,3]]p[[[],[0,3,0],[0,3,3,0]]]nm0.5np0.5c200s0.tptp;    0.30; Unsat;
 152;3CNF2/v04m1d2C[[0,2,3]]p[[[],[0,3,0],[0,3,3,0]]]nm0.5np0.5c200s1.tptp;    0.11; Unsat;
 153;3CNF2/v04m1d2C[[0,2,3]]p[[[],[0,3,0],[0,3,3,0]]]nm0.5np0.5c200s2.tptp;    0.63; Unsat;
 154;3CNF2/v04m1d2C[[0,2,3]]p[[[],[0,3,0],[0,3,3,0]]]nm0.5np0.5c200s3.tptp;    0.51; Unsat;
 155;3CNF2/v04m1d2C[[0,2,3]]p[[[],[0,3,0],[0,3,3,0]]]nm0.5np0.5c200s4.tptp;    0.25; Unsat;
 156;3CNF2/v04m1d2C[[0,2,3]]p[[[],[0,3,0],[0,3,3,0]]]nm0.5np0.5c200s5.tptp;    0.06; Unsat;
 157;3CNF2/v04m1d2C[[0,2,3]]p[[[],[0,3,0],[0,3,3,0]]]nm0.5np0.5c200s6.tptp;    2.28; Unsat;
 158;3CNF2/v04m1d2C[[0,2,3]]p[[[],[0,3,0],[0,3,3,0]]]nm0.5np0.5c200s7.tptp;    0.34; Unsat;
 159;3CNF2/v04m1d2C[[0,2,3]]p[[[],[0,3,0],[0,3,3,0]]]nm0.5np0.5c200s8.tptp;    0.25; Unsat;
 160;3CNF2/v04m1d2C[[0,2,3]]p[[[],[0,3,0],[0,3,3,0]]]nm0.5np0.5c200s9.tptp;    0.12; Unsat;
 161;3CNF2/v04m1d2C[[0,3,2]]p[[[],[0,3,0],[0,3,3,0]]]nm0.5np0.5c080s0.tptp;    0.03; Sat  ;
 162;3CNF2/v04m1d2C[[0,3,2]]p[[[],[0,3,0],[0,3,3,0]]]nm0.5np0.5c080s1.tptp;    0.03; Sat  ;
 163;3CNF2/v04m1d2C[[0,3,2]]p[[[],[0,3,0],[0,3,3,0]]]nm0.5np0.5c080s2.tptp;    0.03; Sat  ;
 164;3CNF2/v04m1d2C[[0,3,2]]p[[[],[0,3,0],[0,3,3,0]]]nm0.5np0.5c080s3.tptp;    0.05; Sat  ;
 165;3CNF2/v04m1d2C[[0,3,2]]p[[[],[0,3,0],[0,3,3,0]]]nm0.5np0.5c080s4.tptp;    0.03; Sat  ;
 166;3CNF2/v04m1d2C[[0,3,2]]p[[[],[0,3,0],[0,3,3,0]]]nm0.5np0.5c080s5.tptp;    0.05; Sat  ;
 167;3CNF2/v04m1d2C[[0,3,2]]p[[[],[0,3,0],[0,3,3,0]]]nm0.5np0.5c080s6.tptp;    0.04; Sat  ;
 168;3CNF2/v04m1d2C[[0,3,2]]p[[[],[0,3,0],[0,3,3,0]]]nm0.5np0.5c080s7.tptp;    0.03; Sat  ;
 169;3CNF2/v04m1d2C[[0,3,2]]p[[[],[0,3,0],[0,3,3,0]]]nm0.5np0.5c080s8.tptp;    0.04; Sat  ;
 170;3CNF2/v04m1d2C[[0,3,2]]p[[[],[0,3,0],[0,3,3,0]]]nm0.5np0.5c080s9.tptp;    0.03; Unsat;
 171;3CNF2/v04m1d2C[[0,3,2]]p[[[],[0,3,0],[0,3,3,0]]]nm0.5np0.5c100s0.tptp;    0.07; Sat  ;
 172;3CNF2/v04m1d2C[[0,3,2]]p[[[],[0,3,0],[0,3,3,0]]]nm0.5np0.5c100s1.tptp;    0.06; Sat  ;
 173;3CNF2/v04m1d2C[[0,3,2]]p[[[],[0,3,0],[0,3,3,0]]]nm0.5np0.5c100s2.tptp;    0.23; Unsat;
 174;3CNF2/v04m1d2C[[0,3,2]]p[[[],[0,3,0],[0,3,3,0]]]nm0.5np0.5c100s3.tptp;    0.11; Unsat;
 175;3CNF2/v04m1d2C[[0,3,2]]p[[[],[0,3,0],[0,3,3,0]]]nm0.5np0.5c100s4.tptp;    0.04; Unsat;
 176;3CNF2/v04m1d2C[[0,3,2]]p[[[],[0,3,0],[0,3,3,0]]]nm0.5np0.5c100s5.tptp;    0.18; Sat  ;
 177;3CNF2/v04m1d2C[[0,3,2]]p[[[],[0,3,0],[0,3,3,0]]]nm0.5np0.5c100s6.tptp;    0.22; Sat  ;
 178;3CNF2/v04m1d2C[[0,3,2]]p[[[],[0,3,0],[0,3,3,0]]]nm0.5np0.5c100s7.tptp;    0.05; Unsat;
 179;3CNF2/v04m1d2C[[0,3,2]]p[[[],[0,3,0],[0,3,3,0]]]nm0.5np0.5c100s8.tptp;    0.03; Sat  ;
 180;3CNF2/v04m1d2C[[0,3,2]]p[[[],[0,3,0],[0,3,3,0]]]nm0.5np0.5c100s9.tptp;    0.02; Sat  ;
 181;3CNF2/v04m1d2C[[0,3,2]]p[[[],[0,3,0],[0,3,3,0]]]nm0.5np0.5c120s0.tptp;    0.59; Unsat;
 182;3CNF2/v04m1d2C[[0,3,2]]p[[[],[0,3,0],[0,3,3,0]]]nm0.5np0.5c120s1.tptp;    0.07; Unsat;
 183;3CNF2/v04m1d2C[[0,3,2]]p[[[],[0,3,0],[0,3,3,0]]]nm0.5np0.5c120s2.tptp;    0.09; Unsat;
 184;3CNF2/v04m1d2C[[0,3,2]]p[[[],[0,3,0],[0,3,3,0]]]nm0.5np0.5c120s3.tptp;    0.11; Sat  ;
 185;3CNF2/v04m1d2C[[0,3,2]]p[[[],[0,3,0],[0,3,3,0]]]nm0.5np0.5c120s4.tptp;    0.05; Unsat;
 186;3CNF2/v04m1d2C[[0,3,2]]p[[[],[0,3,0],[0,3,3,0]]]nm0.5np0.5c120s5.tptp;    0.09; Sat  ;
 187;3CNF2/v04m1d2C[[0,3,2]]p[[[],[0,3,0],[0,3,3,0]]]nm0.5np0.5c120s6.tptp;    0.04; Unsat;
 188;3CNF2/v04m1d2C[[0,3,2]]p[[[],[0,3,0],[0,3,3,0]]]nm0.5np0.5c120s7.tptp;    0.51; Unsat;
 189;3CNF2/v04m1d2C[[0,3,2]]p[[[],[0,3,0],[0,3,3,0]]]nm0.5np0.5c120s8.tptp;    0.06; Unsat;
 190;3CNF2/v04m1d2C[[0,3,2]]p[[[],[0,3,0],[0,3,3,0]]]nm0.5np0.5c120s9.tptp;    0.16; Sat  ;
 191;3CNF2/v04m1d2C[[0,3,2]]p[[[],[0,3,0],[0,3,3,0]]]nm0.5np0.5c140s0.tptp;    0.10; Unsat;
 192;3CNF2/v04m1d2C[[0,3,2]]p[[[],[0,3,0],[0,3,3,0]]]nm0.5np0.5c140s1.tptp;    0.03; Unsat;
 193;3CNF2/v04m1d2C[[0,3,2]]p[[[],[0,3,0],[0,3,3,0]]]nm0.5np0.5c140s2.tptp;    0.06; Unsat;
 194;3CNF2/v04m1d2C[[0,3,2]]p[[[],[0,3,0],[0,3,3,0]]]nm0.5np0.5c140s3.tptp;    0.08; Unsat;
 195;3CNF2/v04m1d2C[[0,3,2]]p[[[],[0,3,0],[0,3,3,0]]]nm0.5np0.5c140s4.tptp;    0.03; Unsat;
 196;3CNF2/v04m1d2C[[0,3,2]]p[[[],[0,3,0],[0,3,3,0]]]nm0.5np0.5c140s5.tptp;    0.11; Unsat;
 197;3CNF2/v04m1d2C[[0,3,2]]p[[[],[0,3,0],[0,3,3,0]]]nm0.5np0.5c140s6.tptp;    0.10; Sat  ;
 198;3CNF2/v04m1d2C[[0,3,2]]p[[[],[0,3,0],[0,3,3,0]]]nm0.5np0.5c140s7.tptp;    0.45; Unsat;
 199;3CNF2/v04m1d2C[[0,3,2]]p[[[],[0,3,0],[0,3,3,0]]]nm0.5np0.5c140s8.tptp;    0.05; Unsat;
 200;3CNF2/v04m1d2C[[0,3,2]]p[[[],[0,3,0],[0,3,3,0]]]nm0.5np0.5c140s9.tptp;    0.14; Unsat;
 201;3CNF2/v04m1d2C[[0,3,2]]p[[[],[0,3,0],[0,3,3,0]]]nm0.5np0.5c160s0.tptp;    0.50; Unsat;
 202;3CNF2/v04m1d2C[[0,3,2]]p[[[],[0,3,0],[0,3,3,0]]]nm0.5np0.5c160s1.tptp;    0.09; Unsat;
 203;3CNF2/v04m1d2C[[0,3,2]]p[[[],[0,3,0],[0,3,3,0]]]nm0.5np0.5c160s2.tptp;    0.47; Unsat;
 204;3CNF2/v04m1d2C[[0,3,2]]p[[[],[0,3,0],[0,3,3,0]]]nm0.5np0.5c160s3.tptp;    0.09; Unsat;
 205;3CNF2/v04m1d2C[[0,3,2]]p[[[],[0,3,0],[0,3,3,0]]]nm0.5np0.5c160s4.tptp;    0.31; Unsat;
 206;3CNF2/v04m1d2C[[0,3,2]]p[[[],[0,3,0],[0,3,3,0]]]nm0.5np0.5c160s5.tptp;    0.04; Unsat;
 207;3CNF2/v04m1d2C[[0,3,2]]p[[[],[0,3,0],[0,3,3,0]]]nm0.5np0.5c160s6.tptp;    0.09; Unsat;
 208;3CNF2/v04m1d2C[[0,3,2]]p[[[],[0,3,0],[0,3,3,0]]]nm0.5np0.5c160s7.tptp;    0.05; Unsat;
 209;3CNF2/v04m1d2C[[0,3,2]]p[[[],[0,3,0],[0,3,3,0]]]nm0.5np0.5c160s8.tptp;    0.05; Unsat;
 210;3CNF2/v04m1d2C[[0,3,2]]p[[[],[0,3,0],[0,3,3,0]]]nm0.5np0.5c160s9.tptp;    0.07; Unsat;
 211;3CNF2/v04m1d2C[[0,4,1]]p[[[],[0,3,0],[0,3,3,0]]]nm0.5np0.5c060s0.tptp;    0.02; Sat  ;
 212;3CNF2/v04m1d2C[[0,4,1]]p[[[],[0,3,0],[0,3,3,0]]]nm0.5np0.5c060s1.tptp;    0.02; Sat  ;
 213;3CNF2/v04m1d2C[[0,4,1]]p[[[],[0,3,0],[0,3,3,0]]]nm0.5np0.5c060s2.tptp;    0.03; Sat  ;
 214;3CNF2/v04m1d2C[[0,4,1]]p[[[],[0,3,0],[0,3,3,0]]]nm0.5np0.5c060s3.tptp;    0.03; Sat  ;
 215;3CNF2/v04m1d2C[[0,4,1]]p[[[],[0,3,0],[0,3,3,0]]]nm0.5np0.5c060s4.tptp;    0.02; Sat  ;
 216;3CNF2/v04m1d2C[[0,4,1]]p[[[],[0,3,0],[0,3,3,0]]]nm0.5np0.5c060s5.tptp;    0.03; Sat  ;
 217;3CNF2/v04m1d2C[[0,4,1]]p[[[],[0,3,0],[0,3,3,0]]]nm0.5np0.5c060s6.tptp;    0.03; Sat  ;
 218;3CNF2/v04m1d2C[[0,4,1]]p[[[],[0,3,0],[0,3,3,0]]]nm0.5np0.5c060s7.tptp;    0.02; Sat  ;
 219;3CNF2/v04m1d2C[[0,4,1]]p[[[],[0,3,0],[0,3,3,0]]]nm0.5np0.5c060s8.tptp;    0.03; Sat  ;
 220;3CNF2/v04m1d2C[[0,4,1]]p[[[],[0,3,0],[0,3,3,0]]]nm0.5np0.5c060s9.tptp;    0.02; Sat  ;
 221;3CNF2/v04m1d2C[[0,4,1]]p[[[],[0,3,0],[0,3,3,0]]]nm0.5np0.5c080s0.tptp;    0.04; Unsat;
 222;3CNF2/v04m1d2C[[0,4,1]]p[[[],[0,3,0],[0,3,3,0]]]nm0.5np0.5c080s1.tptp;    0.03; Unsat;
 223;3CNF2/v04m1d2C[[0,4,1]]p[[[],[0,3,0],[0,3,3,0]]]nm0.5np0.5c080s2.tptp;    0.04; Sat  ;
 224;3CNF2/v04m1d2C[[0,4,1]]p[[[],[0,3,0],[0,3,3,0]]]nm0.5np0.5c080s3.tptp;    0.04; Sat  ;
 225;3CNF2/v04m1d2C[[0,4,1]]p[[[],[0,3,0],[0,3,3,0]]]nm0.5np0.5c080s4.tptp;    0.03; Unsat;
 226;3CNF2/v04m1d2C[[0,4,1]]p[[[],[0,3,0],[0,3,3,0]]]nm0.5np0.5c080s5.tptp;    0.02; Sat  ;
 227;3CNF2/v04m1d2C[[0,4,1]]p[[[],[0,3,0],[0,3,3,0]]]nm0.5np0.5c080s6.tptp;    0.03; Unsat;
 228;3CNF2/v04m1d2C[[0,4,1]]p[[[],[0,3,0],[0,3,3,0]]]nm0.5np0.5c080s7.tptp;    0.03; Sat  ;
 229;3CNF2/v04m1d2C[[0,4,1]]p[[[],[0,3,0],[0,3,3,0]]]nm0.5np0.5c080s8.tptp;    0.02; Sat  ;
 230;3CNF2/v04m1d2C[[0,4,1]]p[[[],[0,3,0],[0,3,3,0]]]nm0.5np0.5c080s9.tptp;    0.03; Unsat;
 231;3CNF2/v04m1d2C[[0,4,1]]p[[[],[0,3,0],[0,3,3,0]]]nm0.5np0.5c100s0.tptp;    0.16; Sat  ;
 232;3CNF2/v04m1d2C[[0,4,1]]p[[[],[0,3,0],[0,3,3,0]]]nm0.5np0.5c100s1.tptp;    0.05; Unsat;
 233;3CNF2/v04m1d2C[[0,4,1]]p[[[],[0,3,0],[0,3,3,0]]]nm0.5np0.5c100s2.tptp;    0.05; Unsat;
 234;3CNF2/v04m1d2C[[0,4,1]]p[[[],[0,3,0],[0,3,3,0]]]nm0.5np0.5c100s3.tptp;    0.04; Unsat;
 235;3CNF2/v04m1d2C[[0,4,1]]p[[[],[0,3,0],[0,3,3,0]]]nm0.5np0.5c100s4.tptp;    0.03; Unsat;
 236;3CNF2/v04m1d2C[[0,4,1]]p[[[],[0,3,0],[0,3,3,0]]]nm0.5np0.5c100s5.tptp;    0.03; Unsat;
 237;3CNF2/v04m1d2C[[0,4,1]]p[[[],[0,3,0],[0,3,3,0]]]nm0.5np0.5c100s6.tptp;    0.04; Unsat;
 238;3CNF2/v04m1d2C[[0,4,1]]p[[[],[0,3,0],[0,3,3,0]]]nm0.5np0.5c100s7.tptp;    0.07; Sat  ;
 239;3CNF2/v04m1d2C[[0,4,1]]p[[[],[0,3,0],[0,3,3,0]]]nm0.5np0.5c100s8.tptp;    0.03; Unsat;
 240;3CNF2/v04m1d2C[[0,4,1]]p[[[],[0,3,0],[0,3,3,0]]]nm0.5np0.5c100s9.tptp;    0.03; Unsat;
 241;3CNF2/v04m1d2C[[0,4,1]]p[[[],[0,3,0],[0,3,3,0]]]nm0.5np0.5c120s0.tptp;    0.04; Unsat;
 242;3CNF2/v04m1d2C[[0,4,1]]p[[[],[0,3,0],[0,3,3,0]]]nm0.5np0.5c120s1.tptp;    0.21; Unsat;
 243;3CNF2/v04m1d2C[[0,4,1]]p[[[],[0,3,0],[0,3,3,0]]]nm0.5np0.5c120s2.tptp;    0.05; Unsat;
 244;3CNF2/v04m1d2C[[0,4,1]]p[[[],[0,3,0],[0,3,3,0]]]nm0.5np0.5c120s3.tptp;    0.05; Unsat;
 245;3CNF2/v04m1d2C[[0,4,1]]p[[[],[0,3,0],[0,3,3,0]]]nm0.5np0.5c120s4.tptp;    0.03; Unsat;
 246;3CNF2/v04m1d2C[[0,4,1]]p[[[],[0,3,0],[0,3,3,0]]]nm0.5np0.5c120s5.tptp;    0.09; Unsat;
 247;3CNF2/v04m1d2C[[0,4,1]]p[[[],[0,3,0],[0,3,3,0]]]nm0.5np0.5c120s6.tptp;    0.05; Unsat;
 248;3CNF2/v04m1d2C[[0,4,1]]p[[[],[0,3,0],[0,3,3,0]]]nm0.5np0.5c120s7.tptp;    0.04; Unsat;
 249;3CNF2/v04m1d2C[[0,4,1]]p[[[],[0,3,0],[0,3,3,0]]]nm0.5np0.5c120s8.tptp;    0.04; Unsat;
 250;3CNF2/v04m1d2C[[0,4,1]]p[[[],[0,3,0],[0,3,3,0]]]nm0.5np0.5c120s9.tptp;    0.05; Unsat;
 251;3CNF2/v05m1d2C[[0,0,1]]p[[[],[],[0,1,4,0]]]nm0.5np0.5c500s0.tptp;     TIMEOUT;      ;
 252;3CNF2/v05m1d2C[[0,0,1]]p[[[],[],[0,1,4,0]]]nm0.5np0.5c500s1.tptp;     TIMEOUT;      ;
 253;3CNF2/v05m1d2C[[0,0,1]]p[[[],[],[0,1,4,0]]]nm0.5np0.5c500s2.tptp;     TIMEOUT;      ;
 254;3CNF2/v05m1d2C[[0,0,1]]p[[[],[],[0,1,4,0]]]nm0.5np0.5c500s3.tptp;     TIMEOUT;      ;
 255;3CNF2/v05m1d2C[[0,0,1]]p[[[],[],[0,1,4,0]]]nm0.5np0.5c500s4.tptp;     TIMEOUT;      ;
 256;3CNF2/v05m1d2C[[0,0,1]]p[[[],[],[0,1,4,0]]]nm0.5np0.5c500s5.tptp;     TIMEOUT;      ;
 257;3CNF2/v05m1d2C[[0,0,1]]p[[[],[],[0,1,4,0]]]nm0.5np0.5c500s6.tptp;     TIMEOUT;      ;
 258;3CNF2/v05m1d2C[[0,0,1]]p[[[],[],[0,1,4,0]]]nm0.5np0.5c500s7.tptp;     TIMEOUT;      ;
 259;3CNF2/v05m1d2C[[0,0,1]]p[[[],[],[0,1,4,0]]]nm0.5np0.5c500s8.tptp;     TIMEOUT;      ;
 260;3CNF2/v05m1d2C[[0,0,1]]p[[[],[],[0,1,4,0]]]nm0.5np0.5c500s9.tptp;     TIMEOUT;      ;
 261;3CNF2/v05m1d2C[[0,0,1]]p[[[],[],[0,1,4,0]]]nm0.5np0.5c520s0.tptp;     TIMEOUT;      ;
 262;3CNF2/v05m1d2C[[0,0,1]]p[[[],[],[0,1,4,0]]]nm0.5np0.5c520s1.tptp;     TIMEOUT;      ;
 263;3CNF2/v05m1d2C[[0,0,1]]p[[[],[],[0,1,4,0]]]nm0.5np0.5c520s2.tptp;     TIMEOUT;      ;
 264;3CNF2/v05m1d2C[[0,0,1]]p[[[],[],[0,1,4,0]]]nm0.5np0.5c520s3.tptp;     TIMEOUT;      ;
 265;3CNF2/v05m1d2C[[0,0,1]]p[[[],[],[0,1,4,0]]]nm0.5np0.5c520s4.tptp;     TIMEOUT;      ;
 266;3CNF2/v05m1d2C[[0,0,1]]p[[[],[],[0,1,4,0]]]nm0.5np0.5c520s5.tptp;     TIMEOUT;      ;
 267;3CNF2/v05m1d2C[[0,0,1]]p[[[],[],[0,1,4,0]]]nm0.5np0.5c520s6.tptp;     TIMEOUT;      ;
 268;3CNF2/v05m1d2C[[0,0,1]]p[[[],[],[0,1,4,0]]]nm0.5np0.5c520s7.tptp;     TIMEOUT;      ;
 269;3CNF2/v05m1d2C[[0,0,1]]p[[[],[],[0,1,4,0]]]nm0.5np0.5c520s8.tptp;     TIMEOUT;      ;
 270;3CNF2/v05m1d2C[[0,0,1]]p[[[],[],[0,1,4,0]]]nm0.5np0.5c520s9.tptp;     TIMEOUT;      ;
 271;3CNF2/v05m1d2C[[0,0,1]]p[[[],[],[0,1,4,0]]]nm0.5np0.5c540s0.tptp;     TIMEOUT;      ;
 272;3CNF2/v05m1d2C[[0,0,1]]p[[[],[],[0,1,4,0]]]nm0.5np0.5c540s1.tptp;     TIMEOUT;      ;
 273;3CNF2/v05m1d2C[[0,0,1]]p[[[],[],[0,1,4,0]]]nm0.5np0.5c540s2.tptp;     TIMEOUT;      ;
 274;3CNF2/v05m1d2C[[0,0,1]]p[[[],[],[0,1,4,0]]]nm0.5np0.5c540s3.tptp;     TIMEOUT;      ;
 275;3CNF2/v05m1d2C[[0,0,1]]p[[[],[],[0,1,4,0]]]nm0.5np0.5c540s4.tptp;     TIMEOUT;      ;
 276;3CNF2/v05m1d2C[[0,0,1]]p[[[],[],[0,1,4,0]]]nm0.5np0.5c540s5.tptp;     TIMEOUT;      ;
 277;3CNF2/v05m1d2C[[0,0,1]]p[[[],[],[0,1,4,0]]]nm0.5np0.5c540s6.tptp;     TIMEOUT;      ;
 278;3CNF2/v05m1d2C[[0,0,1]]p[[[],[],[0,1,4,0]]]nm0.5np0.5c540s7.tptp;     TIMEOUT;      ;
 279;3CNF2/v05m1d2C[[0,0,1]]p[[[],[],[0,1,4,0]]]nm0.5np0.5c540s8.tptp;     TIMEOUT;      ;
 280;3CNF2/v05m1d2C[[0,0,1]]p[[[],[],[0,1,4,0]]]nm0.5np0.5c540s9.tptp;     TIMEOUT;      ;
 281;3CNF2/v05m1d2C[[0,0,1]]p[[[],[],[0,1,4,0]]]nm0.5np0.5c560s0.tptp;     TIMEOUT;      ;
 282;3CNF2/v05m1d2C[[0,0,1]]p[[[],[],[0,1,4,0]]]nm0.5np0.5c560s1.tptp;     TIMEOUT;      ;
 283;3CNF2/v05m1d2C[[0,0,1]]p[[[],[],[0,1,4,0]]]nm0.5np0.5c560s2.tptp;     TIMEOUT;      ;
 284;3CNF2/v05m1d2C[[0,0,1]]p[[[],[],[0,1,4,0]]]nm0.5np0.5c560s3.tptp;     TIMEOUT;      ;
 285;3CNF2/v05m1d2C[[0,0,1]]p[[[],[],[0,1,4,0]]]nm0.5np0.5c560s4.tptp;     TIMEOUT;      ;
 286;3CNF2/v05m1d2C[[0,0,1]]p[[[],[],[0,1,4,0]]]nm0.5np0.5c560s5.tptp;     TIMEOUT;      ;
 287;3CNF2/v05m1d2C[[0,0,1]]p[[[],[],[0,1,4,0]]]nm0.5np0.5c560s6.tptp;     TIMEOUT;      ;
 288;3CNF2/v05m1d2C[[0,0,1]]p[[[],[],[0,1,4,0]]]nm0.5np0.5c560s7.tptp;     TIMEOUT;      ;
 289;3CNF2/v05m1d2C[[0,0,1]]p[[[],[],[0,1,4,0]]]nm0.5np0.5c560s8.tptp;     TIMEOUT;      ;
 290;3CNF2/v05m1d2C[[0,0,1]]p[[[],[],[0,1,4,0]]]nm0.5np0.5c560s9.tptp;     TIMEOUT;      ;
 291;3CNF2/v05m1d2C[[0,0,1]]p[[[],[],[0,1,4,0]]]nm0.5np0.5c580s0.tptp;     TIMEOUT;      ;
 292;3CNF2/v05m1d2C[[0,0,1]]p[[[],[],[0,1,4,0]]]nm0.5np0.5c580s1.tptp;     TIMEOUT;      ;
 293;3CNF2/v05m1d2C[[0,0,1]]p[[[],[],[0,1,4,0]]]nm0.5np0.5c580s2.tptp;     TIMEOUT;      ;
 294;3CNF2/v05m1d2C[[0,0,1]]p[[[],[],[0,1,4,0]]]nm0.5np0.5c580s3.tptp;     TIMEOUT;      ;
 295;3CNF2/v05m1d2C[[0,0,1]]p[[[],[],[0,1,4,0]]]nm0.5np0.5c580s4.tptp;     TIMEOUT;      ;
 296;3CNF2/v05m1d2C[[0,0,1]]p[[[],[],[0,1,4,0]]]nm0.5np0.5c580s5.tptp;     TIMEOUT;      ;
 297;3CNF2/v05m1d2C[[0,0,1]]p[[[],[],[0,1,4,0]]]nm0.5np0.5c580s6.tptp;     TIMEOUT;      ;
 298;3CNF2/v05m1d2C[[0,0,1]]p[[[],[],[0,1,4,0]]]nm0.5np0.5c580s7.tptp;     TIMEOUT;      ;
 299;3CNF2/v05m1d2C[[0,0,1]]p[[[],[],[0,1,4,0]]]nm0.5np0.5c580s8.tptp;     TIMEOUT;      ;
 300;3CNF2/v05m1d2C[[0,0,1]]p[[[],[],[0,1,4,0]]]nm0.5np0.5c580s9.tptp;     TIMEOUT;      ;
 301;3CNF2/v05m1d2C[[0,0,1]]p[[[],[],[0,1,4,0]]]nm0.5np0.5c600s0.tptp;     TIMEOUT;      ;
 302;3CNF2/v05m1d2C[[0,0,1]]p[[[],[],[0,1,4,0]]]nm0.5np0.5c600s1.tptp;     TIMEOUT;      ;
 303;3CNF2/v05m1d2C[[0,0,1]]p[[[],[],[0,1,4,0]]]nm0.5np0.5c600s2.tptp;     TIMEOUT;      ;
 304;3CNF2/v05m1d2C[[0,0,1]]p[[[],[],[0,1,4,0]]]nm0.5np0.5c600s3.tptp;     TIMEOUT;      ;
 305;3CNF2/v05m1d2C[[0,0,1]]p[[[],[],[0,1,4,0]]]nm0.5np0.5c600s4.tptp;     TIMEOUT;      ;
 306;3CNF2/v05m1d2C[[0,0,1]]p[[[],[],[0,1,4,0]]]nm0.5np0.5c600s5.tptp;     TIMEOUT;      ;
 307;3CNF2/v05m1d2C[[0,0,1]]p[[[],[],[0,1,4,0]]]nm0.5np0.5c600s6.tptp;     TIMEOUT;      ;
 308;3CNF2/v05m1d2C[[0,0,1]]p[[[],[],[0,1,4,0]]]nm0.5np0.5c600s7.tptp;     TIMEOUT;      ;
 309;3CNF2/v05m1d2C[[0,0,1]]p[[[],[],[0,1,4,0]]]nm0.5np0.5c600s8.tptp;     TIMEOUT;      ;
 310;3CNF2/v05m1d2C[[0,0,1]]p[[[],[],[0,1,4,0]]]nm0.5np0.5c600s9.tptp;     TIMEOUT;      ;
 311;3CNF2/v05m1d2C[[0,0,1]]p[[[],[],[0,1,4,0]]]nm0.5np0.5c620s0.tptp;     TIMEOUT;      ;
 312;3CNF2/v05m1d2C[[0,0,1]]p[[[],[],[0,1,4,0]]]nm0.5np0.5c620s1.tptp;     TIMEOUT;      ;
 313;3CNF2/v05m1d2C[[0,0,1]]p[[[],[],[0,1,4,0]]]nm0.5np0.5c620s2.tptp;     TIMEOUT;      ;
 314;3CNF2/v05m1d2C[[0,0,1]]p[[[],[],[0,1,4,0]]]nm0.5np0.5c620s3.tptp;     TIMEOUT;      ;
 315;3CNF2/v05m1d2C[[0,0,1]]p[[[],[],[0,1,4,0]]]nm0.5np0.5c620s4.tptp;     TIMEOUT;      ;
 316;3CNF2/v05m1d2C[[0,0,1]]p[[[],[],[0,1,4,0]]]nm0.5np0.5c620s5.tptp;     TIMEOUT;      ;
 317;3CNF2/v05m1d2C[[0,0,1]]p[[[],[],[0,1,4,0]]]nm0.5np0.5c620s6.tptp;     TIMEOUT;      ;
 318;3CNF2/v05m1d2C[[0,0,1]]p[[[],[],[0,1,4,0]]]nm0.5np0.5c620s7.tptp;     TIMEOUT;      ;
 319;3CNF2/v05m1d2C[[0,0,1]]p[[[],[],[0,1,4,0]]]nm0.5np0.5c620s8.tptp;     TIMEOUT;      ;
 320;3CNF2/v05m1d2C[[0,0,1]]p[[[],[],[0,1,4,0]]]nm0.5np0.5c620s9.tptp;     TIMEOUT;      ;
 321;3CNF2/v05m1d2C[[0,0,1]]p[[[],[],[0,1,4,0]]]nm0.5np0.5c640s0.tptp;     TIMEOUT;      ;
 322;3CNF2/v05m1d2C[[0,0,1]]p[[[],[],[0,1,4,0]]]nm0.5np0.5c640s1.tptp;     TIMEOUT;      ;
 323;3CNF2/v05m1d2C[[0,0,1]]p[[[],[],[0,1,4,0]]]nm0.5np0.5c640s2.tptp;     TIMEOUT;      ;
 324;3CNF2/v05m1d2C[[0,0,1]]p[[[],[],[0,1,4,0]]]nm0.5np0.5c640s3.tptp;     TIMEOUT;      ;
 325;3CNF2/v05m1d2C[[0,0,1]]p[[[],[],[0,1,4,0]]]nm0.5np0.5c640s4.tptp;     TIMEOUT;      ;
 326;3CNF2/v05m1d2C[[0,0,1]]p[[[],[],[0,1,4,0]]]nm0.5np0.5c640s5.tptp;     TIMEOUT;      ;
 327;3CNF2/v05m1d2C[[0,0,1]]p[[[],[],[0,1,4,0]]]nm0.5np0.5c640s6.tptp;     TIMEOUT;      ;
 328;3CNF2/v05m1d2C[[0,0,1]]p[[[],[],[0,1,4,0]]]nm0.5np0.5c640s7.tptp;     TIMEOUT;      ;
 329;3CNF2/v05m1d2C[[0,0,1]]p[[[],[],[0,1,4,0]]]nm0.5np0.5c640s8.tptp;     TIMEOUT;      ;
 330;3CNF2/v05m1d2C[[0,0,1]]p[[[],[],[0,1,4,0]]]nm0.5np0.5c640s9.tptp;     TIMEOUT;      ;
 331;3CNF2/v05m1d2C[[0,0,1]]p[[[],[],[0,1,4,0]]]nm0.5np0.5c660s0.tptp;     TIMEOUT;      ;
 332;3CNF2/v05m1d2C[[0,0,1]]p[[[],[],[0,1,4,0]]]nm0.5np0.5c660s1.tptp;     TIMEOUT;      ;
 333;3CNF2/v05m1d2C[[0,0,1]]p[[[],[],[0,1,4,0]]]nm0.5np0.5c660s2.tptp;     TIMEOUT;      ;
 334;3CNF2/v05m1d2C[[0,0,1]]p[[[],[],[0,1,4,0]]]nm0.5np0.5c660s3.tptp;     TIMEOUT;      ;
 335;3CNF2/v05m1d2C[[0,0,1]]p[[[],[],[0,1,4,0]]]nm0.5np0.5c660s4.tptp;     TIMEOUT;      ;
 336;3CNF2/v05m1d2C[[0,0,1]]p[[[],[],[0,1,4,0]]]nm0.5np0.5c660s5.tptp;     TIMEOUT;      ;
 337;3CNF2/v05m1d2C[[0,0,1]]p[[[],[],[0,1,4,0]]]nm0.5np0.5c660s6.tptp;     TIMEOUT;      ;
 338;3CNF2/v05m1d2C[[0,0,1]]p[[[],[],[0,1,4,0]]]nm0.5np0.5c660s7.tptp;     TIMEOUT;      ;
 339;3CNF2/v05m1d2C[[0,0,1]]p[[[],[],[0,1,4,0]]]nm0.5np0.5c660s8.tptp;     TIMEOUT;      ;
 340;3CNF2/v05m1d2C[[0,0,1]]p[[[],[],[0,1,4,0]]]nm0.5np0.5c660s9.tptp;     TIMEOUT;      ;
 341;3CNF2/v05m1d2C[[0,0,1]]p[[[],[],[0,3,3,0]]]nm0.5np0.5c440s0.tptp;     TIMEOUT;      ;
 342;3CNF2/v05m1d2C[[0,0,1]]p[[[],[],[0,3,3,0]]]nm0.5np0.5c440s1.tptp;     TIMEOUT;      ;
 343;3CNF2/v05m1d2C[[0,0,1]]p[[[],[],[0,3,3,0]]]nm0.5np0.5c440s2.tptp;     TIMEOUT;      ;
 344;3CNF2/v05m1d2C[[0,0,1]]p[[[],[],[0,3,3,0]]]nm0.5np0.5c440s3.tptp;     TIMEOUT;      ;
 345;3CNF2/v05m1d2C[[0,0,1]]p[[[],[],[0,3,3,0]]]nm0.5np0.5c440s4.tptp;     TIMEOUT;      ;
 346;3CNF2/v05m1d2C[[0,0,1]]p[[[],[],[0,3,3,0]]]nm0.5np0.5c440s5.tptp;     TIMEOUT;      ;
 347;3CNF2/v05m1d2C[[0,0,1]]p[[[],[],[0,3,3,0]]]nm0.5np0.5c440s6.tptp;     TIMEOUT;      ;
 348;3CNF2/v05m1d2C[[0,0,1]]p[[[],[],[0,3,3,0]]]nm0.5np0.5c440s7.tptp;     TIMEOUT;      ;
 349;3CNF2/v05m1d2C[[0,0,1]]p[[[],[],[0,3,3,0]]]nm0.5np0.5c440s8.tptp;     TIMEOUT;      ;
 350;3CNF2/v05m1d2C[[0,0,1]]p[[[],[],[0,3,3,0]]]nm0.5np0.5c440s9.tptp;     TIMEOUT;      ;
 351;3CNF2/v05m1d2C[[0,0,1]]p[[[],[],[0,3,3,0]]]nm0.5np0.5c460s0.tptp;     TIMEOUT;      ;
 352;3CNF2/v05m1d2C[[0,0,1]]p[[[],[],[0,3,3,0]]]nm0.5np0.5c460s1.tptp;     TIMEOUT;      ;
 353;3CNF2/v05m1d2C[[0,0,1]]p[[[],[],[0,3,3,0]]]nm0.5np0.5c460s2.tptp;     TIMEOUT;      ;
 354;3CNF2/v05m1d2C[[0,0,1]]p[[[],[],[0,3,3,0]]]nm0.5np0.5c460s3.tptp;     TIMEOUT;      ;
 355;3CNF2/v05m1d2C[[0,0,1]]p[[[],[],[0,3,3,0]]]nm0.5np0.5c460s4.tptp;     TIMEOUT;      ;
 356;3CNF2/v05m1d2C[[0,0,1]]p[[[],[],[0,3,3,0]]]nm0.5np0.5c460s5.tptp;     TIMEOUT;      ;
 357;3CNF2/v05m1d2C[[0,0,1]]p[[[],[],[0,3,3,0]]]nm0.5np0.5c460s6.tptp;     TIMEOUT;      ;
 358;3CNF2/v05m1d2C[[0,0,1]]p[[[],[],[0,3,3,0]]]nm0.5np0.5c460s7.tptp;     TIMEOUT;      ;
 359;3CNF2/v05m1d2C[[0,0,1]]p[[[],[],[0,3,3,0]]]nm0.5np0.5c460s8.tptp;     TIMEOUT;      ;
 360;3CNF2/v05m1d2C[[0,0,1]]p[[[],[],[0,3,3,0]]]nm0.5np0.5c460s9.tptp;     TIMEOUT;      ;
 361;3CNF2/v05m1d2C[[0,0,1]]p[[[],[],[0,3,3,0]]]nm0.5np0.5c480s0.tptp;     TIMEOUT;      ;
 362;3CNF2/v05m1d2C[[0,0,1]]p[[[],[],[0,3,3,0]]]nm0.5np0.5c480s1.tptp;     TIMEOUT;      ;
 363;3CNF2/v05m1d2C[[0,0,1]]p[[[],[],[0,3,3,0]]]nm0.5np0.5c480s2.tptp;     TIMEOUT;      ;
 364;3CNF2/v05m1d2C[[0,0,1]]p[[[],[],[0,3,3,0]]]nm0.5np0.5c480s3.tptp;     TIMEOUT;      ;
 365;3CNF2/v05m1d2C[[0,0,1]]p[[[],[],[0,3,3,0]]]nm0.5np0.5c480s4.tptp;     TIMEOUT;      ;
 366;3CNF2/v05m1d2C[[0,0,1]]p[[[],[],[0,3,3,0]]]nm0.5np0.5c480s5.tptp;     TIMEOUT;      ;
 367;3CNF2/v05m1d2C[[0,0,1]]p[[[],[],[0,3,3,0]]]nm0.5np0.5c480s6.tptp;     TIMEOUT;      ;
 368;3CNF2/v05m1d2C[[0,0,1]]p[[[],[],[0,3,3,0]]]nm0.5np0.5c480s7.tptp;     TIMEOUT;      ;
 369;3CNF2/v05m1d2C[[0,0,1]]p[[[],[],[0,3,3,0]]]nm0.5np0.5c480s8.tptp;     TIMEOUT;      ;
 370;3CNF2/v05m1d2C[[0,0,1]]p[[[],[],[0,3,3,0]]]nm0.5np0.5c480s9.tptp;     TIMEOUT;      ;
 371;3CNF2/v05m1d2C[[0,0,1]]p[[[],[],[0,3,3,0]]]nm0.5np0.5c500s0.tptp;     TIMEOUT;      ;
 372;3CNF2/v05m1d2C[[0,0,1]]p[[[],[],[0,3,3,0]]]nm0.5np0.5c500s1.tptp;     TIMEOUT;      ;
 373;3CNF2/v05m1d2C[[0,0,1]]p[[[],[],[0,3,3,0]]]nm0.5np0.5c500s2.tptp;     TIMEOUT;      ;
 374;3CNF2/v05m1d2C[[0,0,1]]p[[[],[],[0,3,3,0]]]nm0.5np0.5c500s3.tptp;     TIMEOUT;      ;
 375;3CNF2/v05m1d2C[[0,0,1]]p[[[],[],[0,3,3,0]]]nm0.5np0.5c500s4.tptp;     TIMEOUT;      ;
 376;3CNF2/v05m1d2C[[0,0,1]]p[[[],[],[0,3,3,0]]]nm0.5np0.5c500s5.tptp;     TIMEOUT;      ;
 377;3CNF2/v05m1d2C[[0,0,1]]p[[[],[],[0,3,3,0]]]nm0.5np0.5c500s6.tptp;     TIMEOUT;      ;
 378;3CNF2/v05m1d2C[[0,0,1]]p[[[],[],[0,3,3,0]]]nm0.5np0.5c500s7.tptp;     TIMEOUT;      ;
 379;3CNF2/v05m1d2C[[0,0,1]]p[[[],[],[0,3,3,0]]]nm0.5np0.5c500s8.tptp;     TIMEOUT;      ;
 380;3CNF2/v05m1d2C[[0,0,1]]p[[[],[],[0,3,3,0]]]nm0.5np0.5c500s9.tptp;     TIMEOUT;      ;
 381;3CNF2/v05m1d2C[[0,0,1]]p[[[],[],[0,3,3,0]]]nm0.5np0.5c520s0.tptp;     TIMEOUT;      ;
 382;3CNF2/v05m1d2C[[0,0,1]]p[[[],[],[0,3,3,0]]]nm0.5np0.5c520s1.tptp;     TIMEOUT;      ;
 383;3CNF2/v05m1d2C[[0,0,1]]p[[[],[],[0,3,3,0]]]nm0.5np0.5c520s2.tptp;     TIMEOUT;      ;
 384;3CNF2/v05m1d2C[[0,0,1]]p[[[],[],[0,3,3,0]]]nm0.5np0.5c520s3.tptp;     TIMEOUT;      ;
 385;3CNF2/v05m1d2C[[0,0,1]]p[[[],[],[0,3,3,0]]]nm0.5np0.5c520s4.tptp;     TIMEOUT;      ;
 386;3CNF2/v05m1d2C[[0,0,1]]p[[[],[],[0,3,3,0]]]nm0.5np0.5c520s5.tptp;     TIMEOUT;      ;
 387;3CNF2/v05m1d2C[[0,0,1]]p[[[],[],[0,3,3,0]]]nm0.5np0.5c520s6.tptp;     TIMEOUT;      ;
 388;3CNF2/v05m1d2C[[0,0,1]]p[[[],[],[0,3,3,0]]]nm0.5np0.5c520s7.tptp;     TIMEOUT;      ;
 389;3CNF2/v05m1d2C[[0,0,1]]p[[[],[],[0,3,3,0]]]nm0.5np0.5c520s8.tptp;     TIMEOUT;      ;
 390;3CNF2/v05m1d2C[[0,0,1]]p[[[],[],[0,3,3,0]]]nm0.5np0.5c520s9.tptp;     TIMEOUT;      ;
 391;3CNF2/v05m1d2C[[0,0,1]]p[[[],[],[0,3,3,0]]]nm0.5np0.5c540s0.tptp;     TIMEOUT;      ;
 392;3CNF2/v05m1d2C[[0,0,1]]p[[[],[],[0,3,3,0]]]nm0.5np0.5c540s1.tptp;     TIMEOUT;      ;
 393;3CNF2/v05m1d2C[[0,0,1]]p[[[],[],[0,3,3,0]]]nm0.5np0.5c540s2.tptp;     TIMEOUT;      ;
 394;3CNF2/v05m1d2C[[0,0,1]]p[[[],[],[0,3,3,0]]]nm0.5np0.5c540s3.tptp;     TIMEOUT;      ;
 395;3CNF2/v05m1d2C[[0,0,1]]p[[[],[],[0,3,3,0]]]nm0.5np0.5c540s4.tptp;     TIMEOUT;      ;
 396;3CNF2/v05m1d2C[[0,0,1]]p[[[],[],[0,3,3,0]]]nm0.5np0.5c540s5.tptp;     TIMEOUT;      ;
 397;3CNF2/v05m1d2C[[0,0,1]]p[[[],[],[0,3,3,0]]]nm0.5np0.5c540s6.tptp;     TIMEOUT;      ;
 398;3CNF2/v05m1d2C[[0,0,1]]p[[[],[],[0,3,3,0]]]nm0.5np0.5c540s7.tptp;     TIMEOUT;      ;
 399;3CNF2/v05m1d2C[[0,0,1]]p[[[],[],[0,3,3,0]]]nm0.5np0.5c540s8.tptp;     TIMEOUT;      ;
 400;3CNF2/v05m1d2C[[0,0,1]]p[[[],[],[0,3,3,0]]]nm0.5np0.5c540s9.tptp;     TIMEOUT;      ;
 401;3CNF2/v05m1d2C[[0,0,1]]p[[[],[],[0,3,3,0]]]nm0.5np0.5c560s0.tptp;     TIMEOUT;      ;
 402;3CNF2/v05m1d2C[[0,0,1]]p[[[],[],[0,3,3,0]]]nm0.5np0.5c560s1.tptp;     TIMEOUT;      ;
 403;3CNF2/v05m1d2C[[0,0,1]]p[[[],[],[0,3,3,0]]]nm0.5np0.5c560s2.tptp;     TIMEOUT;      ;
 404;3CNF2/v05m1d2C[[0,0,1]]p[[[],[],[0,3,3,0]]]nm0.5np0.5c560s3.tptp;     TIMEOUT;      ;
 405;3CNF2/v05m1d2C[[0,0,1]]p[[[],[],[0,3,3,0]]]nm0.5np0.5c560s4.tptp;     TIMEOUT;      ;
 406;3CNF2/v05m1d2C[[0,0,1]]p[[[],[],[0,3,3,0]]]nm0.5np0.5c560s5.tptp;     TIMEOUT;      ;
 407;3CNF2/v05m1d2C[[0,0,1]]p[[[],[],[0,3,3,0]]]nm0.5np0.5c560s6.tptp;     TIMEOUT;      ;
 408;3CNF2/v05m1d2C[[0,0,1]]p[[[],[],[0,3,3,0]]]nm0.5np0.5c560s7.tptp;     TIMEOUT;      ;
 409;3CNF2/v05m1d2C[[0,0,1]]p[[[],[],[0,3,3,0]]]nm0.5np0.5c560s8.tptp;     TIMEOUT;      ;
 410;3CNF2/v05m1d2C[[0,0,1]]p[[[],[],[0,3,3,0]]]nm0.5np0.5c560s9.tptp;     TIMEOUT;      ;
 411;3CNF2/v05m1d2C[[0,0,1]]p[[[],[],[0,3,3,0]]]nm0.5np0.5c580s0.tptp;     TIMEOUT;      ;
 412;3CNF2/v05m1d2C[[0,0,1]]p[[[],[],[0,3,3,0]]]nm0.5np0.5c580s1.tptp;     TIMEOUT;      ;
 413;3CNF2/v05m1d2C[[0,0,1]]p[[[],[],[0,3,3,0]]]nm0.5np0.5c580s2.tptp;     TIMEOUT;      ;
 414;3CNF2/v05m1d2C[[0,0,1]]p[[[],[],[0,3,3,0]]]nm0.5np0.5c580s3.tptp;     TIMEOUT;      ;
 415;3CNF2/v05m1d2C[[0,0,1]]p[[[],[],[0,3,3,0]]]nm0.5np0.5c580s4.tptp;     TIMEOUT;      ;
 416;3CNF2/v05m1d2C[[0,0,1]]p[[[],[],[0,3,3,0]]]nm0.5np0.5c580s5.tptp;     TIMEOUT;      ;
 417;3CNF2/v05m1d2C[[0,0,1]]p[[[],[],[0,3,3,0]]]nm0.5np0.5c580s6.tptp;     TIMEOUT;      ;
 418;3CNF2/v05m1d2C[[0,0,1]]p[[[],[],[0,3,3,0]]]nm0.5np0.5c580s7.tptp;     TIMEOUT;      ;
 419;3CNF2/v05m1d2C[[0,0,1]]p[[[],[],[0,3,3,0]]]nm0.5np0.5c580s8.tptp;     TIMEOUT;      ;
 420;3CNF2/v05m1d2C[[0,0,1]]p[[[],[],[0,3,3,0]]]nm0.5np0.5c580s9.tptp;     TIMEOUT;      ;
 421;3CNF2/v05m1d2C[[0,0,1]]p[[[],[],[0,3,3,0]]]nm0.5np0.5c600s0.tptp;     TIMEOUT;      ;
 422;3CNF2/v05m1d2C[[0,0,1]]p[[[],[],[0,3,3,0]]]nm0.5np0.5c600s1.tptp;     TIMEOUT;      ;
 423;3CNF2/v05m1d2C[[0,0,1]]p[[[],[],[0,3,3,0]]]nm0.5np0.5c600s2.tptp;     TIMEOUT;      ;
 424;3CNF2/v05m1d2C[[0,0,1]]p[[[],[],[0,3,3,0]]]nm0.5np0.5c600s3.tptp;     TIMEOUT;      ;
 425;3CNF2/v05m1d2C[[0,0,1]]p[[[],[],[0,3,3,0]]]nm0.5np0.5c600s4.tptp;     TIMEOUT;      ;
 426;3CNF2/v05m1d2C[[0,0,1]]p[[[],[],[0,3,3,0]]]nm0.5np0.5c600s5.tptp;     TIMEOUT;      ;
 427;3CNF2/v05m1d2C[[0,0,1]]p[[[],[],[0,3,3,0]]]nm0.5np0.5c600s6.tptp;     TIMEOUT;      ;
 428;3CNF2/v05m1d2C[[0,0,1]]p[[[],[],[0,3,3,0]]]nm0.5np0.5c600s7.tptp;     TIMEOUT;      ;
 429;3CNF2/v05m1d2C[[0,0,1]]p[[[],[],[0,3,3,0]]]nm0.5np0.5c600s8.tptp;     TIMEOUT;      ;
 430;3CNF2/v05m1d2C[[0,0,1]]p[[[],[],[0,3,3,0]]]nm0.5np0.5c600s9.tptp;     TIMEOUT;      ;
 431;3CNF2/v05m1d2C[[0,0,1]]p[[[],[],[0,3,3,0]]]nm0.5np0.5c620s0.tptp;     TIMEOUT;      ;
 432;3CNF2/v05m1d2C[[0,0,1]]p[[[],[],[0,3,3,0]]]nm0.5np0.5c620s1.tptp;     TIMEOUT;      ;
 433;3CNF2/v05m1d2C[[0,0,1]]p[[[],[],[0,3,3,0]]]nm0.5np0.5c620s2.tptp;     TIMEOUT;      ;
 434;3CNF2/v05m1d2C[[0,0,1]]p[[[],[],[0,3,3,0]]]nm0.5np0.5c620s3.tptp;     TIMEOUT;      ;
 435;3CNF2/v05m1d2C[[0,0,1]]p[[[],[],[0,3,3,0]]]nm0.5np0.5c620s4.tptp;     TIMEOUT;      ;
 436;3CNF2/v05m1d2C[[0,0,1]]p[[[],[],[0,3,3,0]]]nm0.5np0.5c620s5.tptp;     TIMEOUT;      ;
 437;3CNF2/v05m1d2C[[0,0,1]]p[[[],[],[0,3,3,0]]]nm0.5np0.5c620s6.tptp;     TIMEOUT;      ;
 438;3CNF2/v05m1d2C[[0,0,1]]p[[[],[],[0,3,3,0]]]nm0.5np0.5c620s7.tptp;     TIMEOUT;      ;
 439;3CNF2/v05m1d2C[[0,0,1]]p[[[],[],[0,3,3,0]]]nm0.5np0.5c620s8.tptp;     TIMEOUT;      ;
 440;3CNF2/v05m1d2C[[0,0,1]]p[[[],[],[0,3,3,0]]]nm0.5np0.5c620s9.tptp;     TIMEOUT;      ;
 441;3CNF2/v06m1d1C[[0,0,1]]p[[[],[],[1,0,0,0]]]nm0.5np0.5c120s0.tptp;        2.75; Sat  ;
 442;3CNF2/v06m1d1C[[0,0,1]]p[[[],[],[1,0,0,0]]]nm0.5np0.5c120s1.tptp;        3.19; Sat  ;
 443;3CNF2/v06m1d1C[[0,0,1]]p[[[],[],[1,0,0,0]]]nm0.5np0.5c120s2.tptp;        4.20; Sat  ;
 444;3CNF2/v06m1d1C[[0,0,1]]p[[[],[],[1,0,0,0]]]nm0.5np0.5c120s3.tptp;        0.96; Sat  ;
 445;3CNF2/v06m1d1C[[0,0,1]]p[[[],[],[1,0,0,0]]]nm0.5np0.5c120s4.tptp;        2.82; Sat  ;
 446;3CNF2/v06m1d1C[[0,0,1]]p[[[],[],[1,0,0,0]]]nm0.5np0.5c120s5.tptp;        2.35; Sat  ;
 447;3CNF2/v06m1d1C[[0,0,1]]p[[[],[],[1,0,0,0]]]nm0.5np0.5c120s6.tptp;        1.98; Sat  ;
 448;3CNF2/v06m1d1C[[0,0,1]]p[[[],[],[1,0,0,0]]]nm0.5np0.5c120s7.tptp;        1.91; Sat  ;
 449;3CNF2/v06m1d1C[[0,0,1]]p[[[],[],[1,0,0,0]]]nm0.5np0.5c120s8.tptp;        3.44; Unsat;
 450;3CNF2/v06m1d1C[[0,0,1]]p[[[],[],[1,0,0,0]]]nm0.5np0.5c120s9.tptp;        2.17; Sat  ;
 451;3CNF2/v06m1d1C[[0,0,1]]p[[[],[],[1,0,0,0]]]nm0.5np0.5c132s0.tptp;        2.64; Sat  ;
 452;3CNF2/v06m1d1C[[0,0,1]]p[[[],[],[1,0,0,0]]]nm0.5np0.5c132s1.tptp;        2.72; Sat  ;
 453;3CNF2/v06m1d1C[[0,0,1]]p[[[],[],[1,0,0,0]]]nm0.5np0.5c132s2.tptp;        3.38; Sat  ;
 454;3CNF2/v06m1d1C[[0,0,1]]p[[[],[],[1,0,0,0]]]nm0.5np0.5c132s3.tptp;        4.44; Unsat;
 455;3CNF2/v06m1d1C[[0,0,1]]p[[[],[],[1,0,0,0]]]nm0.5np0.5c132s4.tptp;        5.86; Sat  ;
 456;3CNF2/v06m1d1C[[0,0,1]]p[[[],[],[1,0,0,0]]]nm0.5np0.5c132s5.tptp;        2.86; Sat  ;
 457;3CNF2/v06m1d1C[[0,0,1]]p[[[],[],[1,0,0,0]]]nm0.5np0.5c132s6.tptp;        3.94; Unsat;
 458;3CNF2/v06m1d1C[[0,0,1]]p[[[],[],[1,0,0,0]]]nm0.5np0.5c132s7.tptp;        3.07; Sat  ;
 459;3CNF2/v06m1d1C[[0,0,1]]p[[[],[],[1,0,0,0]]]nm0.5np0.5c132s8.tptp;        3.38; Sat  ;
 460;3CNF2/v06m1d1C[[0,0,1]]p[[[],[],[1,0,0,0]]]nm0.5np0.5c132s9.tptp;        3.42; Sat  ;
 461;3CNF2/v06m1d1C[[0,0,1]]p[[[],[],[1,0,0,0]]]nm0.5np0.5c144s0.tptp;        4.84; Sat  ;
 462;3CNF2/v06m1d1C[[0,0,1]]p[[[],[],[1,0,0,0]]]nm0.5np0.5c144s1.tptp;        1.19; Sat  ;
 463;3CNF2/v06m1d1C[[0,0,1]]p[[[],[],[1,0,0,0]]]nm0.5np0.5c144s2.tptp;        3.62; Unsat;
 464;3CNF2/v06m1d1C[[0,0,1]]p[[[],[],[1,0,0,0]]]nm0.5np0.5c144s3.tptp;        5.04; Unsat;
 465;3CNF2/v06m1d1C[[0,0,1]]p[[[],[],[1,0,0,0]]]nm0.5np0.5c144s4.tptp;        3.60; Sat  ;
 466;3CNF2/v06m1d1C[[0,0,1]]p[[[],[],[1,0,0,0]]]nm0.5np0.5c144s5.tptp;        7.33; Unsat;
 467;3CNF2/v06m1d1C[[0,0,1]]p[[[],[],[1,0,0,0]]]nm0.5np0.5c144s6.tptp;        3.76; Sat  ;
 468;3CNF2/v06m1d1C[[0,0,1]]p[[[],[],[1,0,0,0]]]nm0.5np0.5c144s7.tptp;        6.43; Sat  ;
 469;3CNF2/v06m1d1C[[0,0,1]]p[[[],[],[1,0,0,0]]]nm0.5np0.5c144s8.tptp;        4.01; Sat  ;
 470;3CNF2/v06m1d1C[[0,0,1]]p[[[],[],[1,0,0,0]]]nm0.5np0.5c144s9.tptp;        4.80; Unsat;
 471;3CNF2/v06m1d1C[[0,0,1]]p[[[],[],[1,0,0,0]]]nm0.5np0.5c150s0.tptp;        4.47; Unsat;
 472;3CNF2/v06m1d1C[[0,0,1]]p[[[],[],[1,0,0,0]]]nm0.5np0.5c150s1.tptp;        5.59; Sat  ;
 473;3CNF2/v06m1d1C[[0,0,1]]p[[[],[],[1,0,0,0]]]nm0.5np0.5c150s2.tptp;        3.86; Unsat;
 474;3CNF2/v06m1d1C[[0,0,1]]p[[[],[],[1,0,0,0]]]nm0.5np0.5c150s3.tptp;        3.03; Sat  ;
 475;3CNF2/v06m1d1C[[0,0,1]]p[[[],[],[1,0,0,0]]]nm0.5np0.5c150s4.tptp;        4.53; Unsat;
 476;3CNF2/v06m1d1C[[0,0,1]]p[[[],[],[1,0,0,0]]]nm0.5np0.5c150s5.tptp;        4.46; Unsat;
 477;3CNF2/v06m1d1C[[0,0,1]]p[[[],[],[1,0,0,0]]]nm0.5np0.5c150s6.tptp;        5.10; Unsat;
 478;3CNF2/v06m1d1C[[0,0,1]]p[[[],[],[1,0,0,0]]]nm0.5np0.5c150s7.tptp;        5.41; Unsat;
 479;3CNF2/v06m1d1C[[0,0,1]]p[[[],[],[1,0,0,0]]]nm0.5np0.5c150s8.tptp;        4.26; Unsat;
 480;3CNF2/v06m1d1C[[0,0,1]]p[[[],[],[1,0,0,0]]]nm0.5np0.5c150s9.tptp;        0.14; Sat  ;
 481;3CNF2/v06m1d1C[[0,0,1]]p[[[],[],[1,0,0,0]]]nm0.5np0.5c156s0.tptp;        6.48; Unsat;
 482;3CNF2/v06m1d1C[[0,0,1]]p[[[],[],[1,0,0,0]]]nm0.5np0.5c156s1.tptp;        3.90; Unsat;
 483;3CNF2/v06m1d1C[[0,0,1]]p[[[],[],[1,0,0,0]]]nm0.5np0.5c156s2.tptp;        5.90; Unsat;
 484;3CNF2/v06m1d1C[[0,0,1]]p[[[],[],[1,0,0,0]]]nm0.5np0.5c156s3.tptp;        4.23; Sat  ;
 485;3CNF2/v06m1d1C[[0,0,1]]p[[[],[],[1,0,0,0]]]nm0.5np0.5c156s4.tptp;        5.28; Sat  ;
 486;3CNF2/v06m1d1C[[0,0,1]]p[[[],[],[1,0,0,0]]]nm0.5np0.5c156s5.tptp;        6.44; Unsat;
 487;3CNF2/v06m1d1C[[0,0,1]]p[[[],[],[1,0,0,0]]]nm0.5np0.5c156s6.tptp;        5.30; Unsat;
 488;3CNF2/v06m1d1C[[0,0,1]]p[[[],[],[1,0,0,0]]]nm0.5np0.5c156s7.tptp;        4.98; Unsat;
 489;3CNF2/v06m1d1C[[0,0,1]]p[[[],[],[1,0,0,0]]]nm0.5np0.5c156s8.tptp;        8.83; Unsat;
 490;3CNF2/v06m1d1C[[0,0,1]]p[[[],[],[1,0,0,0]]]nm0.5np0.5c156s9.tptp;        5.13; Unsat;
 491;3CNF2/v06m1d1C[[0,0,1]]p[[[],[],[1,0,0,0]]]nm0.5np0.5c162s0.tptp;        5.29; Unsat;
 492;3CNF2/v06m1d1C[[0,0,1]]p[[[],[],[1,0,0,0]]]nm0.5np0.5c162s1.tptp;        7.40; Unsat;
 493;3CNF2/v06m1d1C[[0,0,1]]p[[[],[],[1,0,0,0]]]nm0.5np0.5c162s2.tptp;        5.17; Unsat;
 494;3CNF2/v06m1d1C[[0,0,1]]p[[[],[],[1,0,0,0]]]nm0.5np0.5c162s3.tptp;        5.57; Sat  ;
 495;3CNF2/v06m1d1C[[0,0,1]]p[[[],[],[1,0,0,0]]]nm0.5np0.5c162s4.tptp;        4.92; Sat  ;
 496;3CNF2/v06m1d1C[[0,0,1]]p[[[],[],[1,0,0,0]]]nm0.5np0.5c162s5.tptp;        5.66; Sat  ;
 497;3CNF2/v06m1d1C[[0,0,1]]p[[[],[],[1,0,0,0]]]nm0.5np0.5c162s6.tptp;        5.32; Unsat;
 498;3CNF2/v06m1d1C[[0,0,1]]p[[[],[],[1,0,0,0]]]nm0.5np0.5c162s7.tptp;        7.17; Unsat;
 499;3CNF2/v06m1d1C[[0,0,1]]p[[[],[],[1,0,0,0]]]nm0.5np0.5c162s8.tptp;        4.59; Sat  ;
 500;3CNF2/v06m1d1C[[0,0,1]]p[[[],[],[1,0,0,0]]]nm0.5np0.5c162s9.tptp;        5.83; Unsat;
 501;3CNF2/v06m1d1C[[0,0,1]]p[[[],[],[1,0,0,0]]]nm0.5np0.5c174s0.tptp;        7.72; Unsat;
 502;3CNF2/v06m1d1C[[0,0,1]]p[[[],[],[1,0,0,0]]]nm0.5np0.5c174s1.tptp;        7.75; Unsat;
 503;3CNF2/v06m1d1C[[0,0,1]]p[[[],[],[1,0,0,0]]]nm0.5np0.5c174s2.tptp;        6.31; Sat  ;
 504;3CNF2/v06m1d1C[[0,0,1]]p[[[],[],[1,0,0,0]]]nm0.5np0.5c174s3.tptp;        5.84; Unsat;
 505;3CNF2/v06m1d1C[[0,0,1]]p[[[],[],[1,0,0,0]]]nm0.5np0.5c174s4.tptp;        6.52; Unsat;
 506;3CNF2/v06m1d1C[[0,0,1]]p[[[],[],[1,0,0,0]]]nm0.5np0.5c174s5.tptp;        6.44; Sat  ;
 507;3CNF2/v06m1d1C[[0,0,1]]p[[[],[],[1,0,0,0]]]nm0.5np0.5c174s6.tptp;        5.24; Unsat;
 508;3CNF2/v06m1d1C[[0,0,1]]p[[[],[],[1,0,0,0]]]nm0.5np0.5c174s7.tptp;       11.27; Unsat;
 509;3CNF2/v06m1d1C[[0,0,1]]p[[[],[],[1,0,0,0]]]nm0.5np0.5c174s8.tptp;        5.34; Unsat;
 510;3CNF2/v06m1d1C[[0,0,1]]p[[[],[],[1,0,0,0]]]nm0.5np0.5c174s9.tptp;        7.86; Unsat;
 511;3CNF2/v06m1d1C[[0,0,1]]p[[[],[],[1,0,0,0]]]nm0.5np0.5c186s0.tptp;        6.80; Sat  ;
 512;3CNF2/v06m1d1C[[0,0,1]]p[[[],[],[1,0,0,0]]]nm0.5np0.5c186s1.tptp;        7.64; Unsat;
 513;3CNF2/v06m1d1C[[0,0,1]]p[[[],[],[1,0,0,0]]]nm0.5np0.5c186s2.tptp;        5.09; Unsat;
 514;3CNF2/v06m1d1C[[0,0,1]]p[[[],[],[1,0,0,0]]]nm0.5np0.5c186s3.tptp;        7.94; Unsat;
 515;3CNF2/v06m1d1C[[0,0,1]]p[[[],[],[1,0,0,0]]]nm0.5np0.5c186s4.tptp;        7.47; Unsat;
 516;3CNF2/v06m1d1C[[0,0,1]]p[[[],[],[1,0,0,0]]]nm0.5np0.5c186s5.tptp;        6.30; Unsat;
 517;3CNF2/v06m1d1C[[0,0,1]]p[[[],[],[1,0,0,0]]]nm0.5np0.5c186s6.tptp;        5.40; Unsat;
 518;3CNF2/v06m1d1C[[0,0,1]]p[[[],[],[1,0,0,0]]]nm0.5np0.5c186s7.tptp;        6.24; Unsat;
 519;3CNF2/v06m1d1C[[0,0,1]]p[[[],[],[1,0,0,0]]]nm0.5np0.5c186s8.tptp;        6.45; Unsat;
 520;3CNF2/v06m1d1C[[0,0,1]]p[[[],[],[1,0,0,0]]]nm0.5np0.5c186s9.tptp;       11.93; Unsat;
 521;3CNF2/v06m1d1C[[0,0,1]]p[[[],[],[1,0,0,0]]]nm0.5np0.5c198s0.tptp;       13.58; Unsat;
 522;3CNF2/v06m1d1C[[0,0,1]]p[[[],[],[1,0,0,0]]]nm0.5np0.5c198s1.tptp;       10.23; Unsat;
 523;3CNF2/v06m1d1C[[0,0,1]]p[[[],[],[1,0,0,0]]]nm0.5np0.5c198s2.tptp;        9.17; Unsat;
 524;3CNF2/v06m1d1C[[0,0,1]]p[[[],[],[1,0,0,0]]]nm0.5np0.5c198s3.tptp;        9.35; Unsat;
 525;3CNF2/v06m1d1C[[0,0,1]]p[[[],[],[1,0,0,0]]]nm0.5np0.5c198s4.tptp;        9.22; Unsat;
 526;3CNF2/v06m1d1C[[0,0,1]]p[[[],[],[1,0,0,0]]]nm0.5np0.5c198s5.tptp;        8.50; Unsat;
 527;3CNF2/v06m1d1C[[0,0,1]]p[[[],[],[1,0,0,0]]]nm0.5np0.5c198s6.tptp;        6.18; Unsat;
 528;3CNF2/v06m1d1C[[0,0,1]]p[[[],[],[1,0,0,0]]]nm0.5np0.5c198s7.tptp;        7.86; Unsat;
 529;3CNF2/v06m1d1C[[0,0,1]]p[[[],[],[1,0,0,0]]]nm0.5np0.5c198s8.tptp;        6.08; Unsat;
 530;3CNF2/v06m1d1C[[0,0,1]]p[[[],[],[1,0,0,0]]]nm0.5np0.5c198s9.tptp;        9.91; Unsat;
 531;3CNF2/v06m1d1C[[0,0,1]]p[[[],[],[1,0,0,0]]]nm0.5np0.5c210s0.tptp;       11.70; Unsat;
 532;3CNF2/v06m1d1C[[0,0,1]]p[[[],[],[1,0,0,0]]]nm0.5np0.5c210s1.tptp;       10.02; Unsat;
 533;3CNF2/v06m1d1C[[0,0,1]]p[[[],[],[1,0,0,0]]]nm0.5np0.5c210s2.tptp;        8.94; Unsat;
 534;3CNF2/v06m1d1C[[0,0,1]]p[[[],[],[1,0,0,0]]]nm0.5np0.5c210s3.tptp;       13.87; Unsat;
 535;3CNF2/v06m1d1C[[0,0,1]]p[[[],[],[1,0,0,0]]]nm0.5np0.5c210s4.tptp;        7.48; Unsat;
 536;3CNF2/v06m1d1C[[0,0,1]]p[[[],[],[1,0,0,0]]]nm0.5np0.5c210s5.tptp;        9.34; Unsat;
 537;3CNF2/v06m1d1C[[0,0,1]]p[[[],[],[1,0,0,0]]]nm0.5np0.5c210s6.tptp;       11.86; Unsat;
 538;3CNF2/v06m1d1C[[0,0,1]]p[[[],[],[1,0,0,0]]]nm0.5np0.5c210s7.tptp;        7.31; Unsat;
 539;3CNF2/v06m1d1C[[0,0,1]]p[[[],[],[1,0,0,0]]]nm0.5np0.5c210s8.tptp;        7.37; Unsat;
 540;3CNF2/v06m1d1C[[0,0,1]]p[[[],[],[1,0,0,0]]]nm0.5np0.5c210s9.tptp;       10.19; Unsat;
 541;3CNF2/v06m1d2C[[0,0,1]]p[[[],[],[1,3,3,1]]]nm0.5np0.5c192s0.tptp;     TIMEOUT;      ;
 542;3CNF2/v06m1d2C[[0,0,1]]p[[[],[],[1,3,3,1]]]nm0.5np0.5c192s1.tptp;        0.32; Sat  ;
 543;3CNF2/v06m1d2C[[0,0,1]]p[[[],[],[1,3,3,1]]]nm0.5np0.5c192s2.tptp;     TIMEOUT;      ;
 544;3CNF2/v06m1d2C[[0,0,1]]p[[[],[],[1,3,3,1]]]nm0.5np0.5c192s3.tptp;     TIMEOUT;      ;
 545;3CNF2/v06m1d2C[[0,0,1]]p[[[],[],[1,3,3,1]]]nm0.5np0.5c192s4.tptp;     TIMEOUT;      ;
 546;3CNF2/v06m1d2C[[0,0,1]]p[[[],[],[1,3,3,1]]]nm0.5np0.5c192s5.tptp;     TIMEOUT;      ;
 547;3CNF2/v06m1d2C[[0,0,1]]p[[[],[],[1,3,3,1]]]nm0.5np0.5c192s6.tptp;     TIMEOUT;      ;
 548;3CNF2/v06m1d2C[[0,0,1]]p[[[],[],[1,3,3,1]]]nm0.5np0.5c192s7.tptp;     TIMEOUT;      ;
 549;3CNF2/v06m1d2C[[0,0,1]]p[[[],[],[1,3,3,1]]]nm0.5np0.5c192s8.tptp;     TIMEOUT;      ;
 550;3CNF2/v06m1d2C[[0,0,1]]p[[[],[],[1,3,3,1]]]nm0.5np0.5c192s9.tptp;     TIMEOUT;      ;
 551;3CNF2/v06m1d2C[[0,0,1]]p[[[],[],[1,3,3,1]]]nm0.5np0.5c216s0.tptp;     TIMEOUT;      ;
 552;3CNF2/v06m1d2C[[0,0,1]]p[[[],[],[1,3,3,1]]]nm0.5np0.5c216s1.tptp;     TIMEOUT;      ;
 553;3CNF2/v06m1d2C[[0,0,1]]p[[[],[],[1,3,3,1]]]nm0.5np0.5c216s2.tptp;     TIMEOUT;      ;
 554;3CNF2/v06m1d2C[[0,0,1]]p[[[],[],[1,3,3,1]]]nm0.5np0.5c216s3.tptp;     TIMEOUT;      ;
 555;3CNF2/v06m1d2C[[0,0,1]]p[[[],[],[1,3,3,1]]]nm0.5np0.5c216s4.tptp;     TIMEOUT;      ;
 556;3CNF2/v06m1d2C[[0,0,1]]p[[[],[],[1,3,3,1]]]nm0.5np0.5c216s5.tptp;        0.03; Unsat;
 557;3CNF2/v06m1d2C[[0,0,1]]p[[[],[],[1,3,3,1]]]nm0.5np0.5c216s6.tptp;     TIMEOUT;      ;
 558;3CNF2/v06m1d2C[[0,0,1]]p[[[],[],[1,3,3,1]]]nm0.5np0.5c216s7.tptp;     TIMEOUT;      ;
 559;3CNF2/v06m1d2C[[0,0,1]]p[[[],[],[1,3,3,1]]]nm0.5np0.5c216s8.tptp;        0.03; Unsat;
 560;3CNF2/v06m1d2C[[0,0,1]]p[[[],[],[1,3,3,1]]]nm0.5np0.5c216s9.tptp;        0.03; Unsat;
 561;3CNF2/v06m1d2C[[0,0,1]]p[[[],[],[1,3,3,1]]]nm0.5np0.5c240s0.tptp;        0.03; Unsat;
 562;3CNF2/v06m1d2C[[0,0,1]]p[[[],[],[1,3,3,1]]]nm0.5np0.5c240s1.tptp;     TIMEOUT;      ;
 563;3CNF2/v06m1d2C[[0,0,1]]p[[[],[],[1,3,3,1]]]nm0.5np0.5c240s2.tptp;     TIMEOUT;      ;
 564;3CNF2/v06m1d2C[[0,0,1]]p[[[],[],[1,3,3,1]]]nm0.5np0.5c240s3.tptp;        0.03; Unsat;
 565;3CNF2/v06m1d2C[[0,0,1]]p[[[],[],[1,3,3,1]]]nm0.5np0.5c240s4.tptp;        0.03; Unsat;
 566;3CNF2/v06m1d2C[[0,0,1]]p[[[],[],[1,3,3,1]]]nm0.5np0.5c240s5.tptp;     TIMEOUT;      ;
 567;3CNF2/v06m1d2C[[0,0,1]]p[[[],[],[1,3,3,1]]]nm0.5np0.5c240s6.tptp;     TIMEOUT;      ;
 568;3CNF2/v06m1d2C[[0,0,1]]p[[[],[],[1,3,3,1]]]nm0.5np0.5c240s7.tptp;     TIMEOUT;      ;
 569;3CNF2/v06m1d2C[[0,0,1]]p[[[],[],[1,3,3,1]]]nm0.5np0.5c240s8.tptp;        0.03; Unsat;
 570;3CNF2/v06m1d2C[[0,0,1]]p[[[],[],[1,3,3,1]]]nm0.5np0.5c240s9.tptp;     TIMEOUT;      ;
 571;3CNF2/v06m1d2C[[0,0,1]]p[[[],[],[1,3,3,1]]]nm0.5np0.5c264s0.tptp;     TIMEOUT;      ;
 572;3CNF2/v06m1d2C[[0,0,1]]p[[[],[],[1,3,3,1]]]nm0.5np0.5c264s1.tptp;        0.03; Unsat;
 573;3CNF2/v06m1d2C[[0,0,1]]p[[[],[],[1,3,3,1]]]nm0.5np0.5c264s2.tptp;     TIMEOUT;      ;
 574;3CNF2/v06m1d2C[[0,0,1]]p[[[],[],[1,3,3,1]]]nm0.5np0.5c264s3.tptp;        0.03; Unsat;
 575;3CNF2/v06m1d2C[[0,0,1]]p[[[],[],[1,3,3,1]]]nm0.5np0.5c264s4.tptp;        0.03; Unsat;
 576;3CNF2/v06m1d2C[[0,0,1]]p[[[],[],[1,3,3,1]]]nm0.5np0.5c264s5.tptp;        0.03; Unsat;
 577;3CNF2/v06m1d2C[[0,0,1]]p[[[],[],[1,3,3,1]]]nm0.5np0.5c264s6.tptp;        0.03; Unsat;
 578;3CNF2/v06m1d2C[[0,0,1]]p[[[],[],[1,3,3,1]]]nm0.5np0.5c264s7.tptp;        0.04; Unsat;
 579;3CNF2/v06m1d2C[[0,0,1]]p[[[],[],[1,3,3,1]]]nm0.5np0.5c264s8.tptp;        0.03; Unsat;
 580;3CNF2/v06m1d2C[[0,0,1]]p[[[],[],[1,3,3,1]]]nm0.5np0.5c264s9.tptp;     TIMEOUT;      ;
 581;3CNF2/v06m1d2C[[0,0,1]]p[[[],[],[1,3,3,1]]]nm0.5np0.5c288s0.tptp;     TIMEOUT;      ;
 582;3CNF2/v06m1d2C[[0,0,1]]p[[[],[],[1,3,3,1]]]nm0.5np0.5c288s1.tptp;        0.04; Unsat;
 583;3CNF2/v06m1d2C[[0,0,1]]p[[[],[],[1,3,3,1]]]nm0.5np0.5c288s2.tptp;        0.04; Unsat;
 584;3CNF2/v06m1d2C[[0,0,1]]p[[[],[],[1,3,3,1]]]nm0.5np0.5c288s3.tptp;        0.04; Unsat;
 585;3CNF2/v06m1d2C[[0,0,1]]p[[[],[],[1,3,3,1]]]nm0.5np0.5c288s4.tptp;     TIMEOUT;      ;
 586;3CNF2/v06m1d2C[[0,0,1]]p[[[],[],[1,3,3,1]]]nm0.5np0.5c288s5.tptp;        0.04; Unsat;
 587;3CNF2/v06m1d2C[[0,0,1]]p[[[],[],[1,3,3,1]]]nm0.5np0.5c288s6.tptp;        0.04; Unsat;
 588;3CNF2/v06m1d2C[[0,0,1]]p[[[],[],[1,3,3,1]]]nm0.5np0.5c288s7.tptp;        0.04; Unsat;
 589;3CNF2/v06m1d2C[[0,0,1]]p[[[],[],[1,3,3,1]]]nm0.5np0.5c288s8.tptp;        0.03; Unsat;
 590;3CNF2/v06m1d2C[[0,0,1]]p[[[],[],[1,3,3,1]]]nm0.5np0.5c288s9.tptp;     TIMEOUT;      ;
 591;3CNF2/v06m1d2C[[0,0,1]]p[[[],[],[1,3,3,1]]]nm0.5np0.5c312s0.tptp;        0.04; Unsat;
 592;3CNF2/v06m1d2C[[0,0,1]]p[[[],[],[1,3,3,1]]]nm0.5np0.5c312s1.tptp;        0.04; Unsat;
 593;3CNF2/v06m1d2C[[0,0,1]]p[[[],[],[1,3,3,1]]]nm0.5np0.5c312s2.tptp;        0.04; Unsat;
 594;3CNF2/v06m1d2C[[0,0,1]]p[[[],[],[1,3,3,1]]]nm0.5np0.5c312s3.tptp;     TIMEOUT;      ;
 595;3CNF2/v06m1d2C[[0,0,1]]p[[[],[],[1,3,3,1]]]nm0.5np0.5c312s4.tptp;        0.04; Unsat;
 596;3CNF2/v06m1d2C[[0,0,1]]p[[[],[],[1,3,3,1]]]nm0.5np0.5c312s5.tptp;     TIMEOUT;      ;
 597;3CNF2/v06m1d2C[[0,0,1]]p[[[],[],[1,3,3,1]]]nm0.5np0.5c312s6.tptp;        0.04; Unsat;
 598;3CNF2/v06m1d2C[[0,0,1]]p[[[],[],[1,3,3,1]]]nm0.5np0.5c312s7.tptp;     TIMEOUT;      ;
 599;3CNF2/v06m1d2C[[0,0,1]]p[[[],[],[1,3,3,1]]]nm0.5np0.5c312s8.tptp;        0.04; Unsat;
 600;3CNF2/v06m1d2C[[0,0,1]]p[[[],[],[1,3,3,1]]]nm0.5np0.5c312s9.tptp;        0.04; Unsat;
 601;3CNF2/v06m1d2C[[0,0,1]]p[[[],[],[1,3,3,1]]]nm0.5np0.5c336s0.tptp;        0.04; Unsat;
 602;3CNF2/v06m1d2C[[0,0,1]]p[[[],[],[1,3,3,1]]]nm0.5np0.5c336s1.tptp;        0.04; Unsat;
 603;3CNF2/v06m1d2C[[0,0,1]]p[[[],[],[1,3,3,1]]]nm0.5np0.5c336s2.tptp;        0.04; Unsat;
 604;3CNF2/v06m1d2C[[0,0,1]]p[[[],[],[1,3,3,1]]]nm0.5np0.5c336s3.tptp;        0.04; Unsat;
 605;3CNF2/v06m1d2C[[0,0,1]]p[[[],[],[1,3,3,1]]]nm0.5np0.5c336s4.tptp;     TIMEOUT;      ;
 606;3CNF2/v06m1d2C[[0,0,1]]p[[[],[],[1,3,3,1]]]nm0.5np0.5c336s5.tptp;        0.04; Unsat;
 607;3CNF2/v06m1d2C[[0,0,1]]p[[[],[],[1,3,3,1]]]nm0.5np0.5c336s6.tptp;        0.04; Unsat;
 608;3CNF2/v06m1d2C[[0,0,1]]p[[[],[],[1,3,3,1]]]nm0.5np0.5c336s7.tptp;        0.04; Unsat;
 609;3CNF2/v06m1d2C[[0,0,1]]p[[[],[],[1,3,3,1]]]nm0.5np0.5c336s8.tptp;        0.04; Unsat;
 610;3CNF2/v06m1d2C[[0,0,1]]p[[[],[],[1,3,3,1]]]nm0.5np0.5c336s9.tptp;        0.04; Unsat;
 611;3CNF2/v06m1d2C[[0,1,1]]p[[[],[0,3,0],[0,3,3,0]]]nm0.5np0.5c228s0.tptp; TIMEOUT;      ;
 612;3CNF2/v06m1d2C[[0,1,1]]p[[[],[0,3,0],[0,3,3,0]]]nm0.5np0.5c228s1.tptp; TIMEOUT;      ;
 613;3CNF2/v06m1d2C[[0,1,1]]p[[[],[0,3,0],[0,3,3,0]]]nm0.5np0.5c228s2.tptp;  364.13; Sat  ;
 614;3CNF2/v06m1d2C[[0,1,1]]p[[[],[0,3,0],[0,3,3,0]]]nm0.5np0.5c228s3.tptp; TIMEOUT;      ;
 615;3CNF2/v06m1d2C[[0,1,1]]p[[[],[0,3,0],[0,3,3,0]]]nm0.5np0.5c228s4.tptp;  866.91; Sat  ;
 616;3CNF2/v06m1d2C[[0,1,1]]p[[[],[0,3,0],[0,3,3,0]]]nm0.5np0.5c228s5.tptp;  184.66; Sat  ;
 617;3CNF2/v06m1d2C[[0,1,1]]p[[[],[0,3,0],[0,3,3,0]]]nm0.5np0.5c228s6.tptp; TIMEOUT;      ;
 618;3CNF2/v06m1d2C[[0,1,1]]p[[[],[0,3,0],[0,3,3,0]]]nm0.5np0.5c228s7.tptp; TIMEOUT;      ;
 619;3CNF2/v06m1d2C[[0,1,1]]p[[[],[0,3,0],[0,3,3,0]]]nm0.5np0.5c228s8.tptp;  498.44; Sat  ;
 620;3CNF2/v06m1d2C[[0,1,1]]p[[[],[0,3,0],[0,3,3,0]]]nm0.5np0.5c228s9.tptp; TIMEOUT;      ;
 621;3CNF2/v06m1d2C[[0,1,1]]p[[[],[0,3,0],[0,3,3,0]]]nm0.5np0.5c240s0.tptp; TIMEOUT;      ;
 622;3CNF2/v06m1d2C[[0,1,1]]p[[[],[0,3,0],[0,3,3,0]]]nm0.5np0.5c240s1.tptp;    0.15; Unsat;
 623;3CNF2/v06m1d2C[[0,1,1]]p[[[],[0,3,0],[0,3,3,0]]]nm0.5np0.5c240s2.tptp;   75.53; Sat  ;
 624;3CNF2/v06m1d2C[[0,1,1]]p[[[],[0,3,0],[0,3,3,0]]]nm0.5np0.5c240s3.tptp; TIMEOUT;      ;
 625;3CNF2/v06m1d2C[[0,1,1]]p[[[],[0,3,0],[0,3,3,0]]]nm0.5np0.5c240s4.tptp;   89.32; Unsat;
 626;3CNF2/v06m1d2C[[0,1,1]]p[[[],[0,3,0],[0,3,3,0]]]nm0.5np0.5c240s5.tptp;    7.75; Unsat;
 627;3CNF2/v06m1d2C[[0,1,1]]p[[[],[0,3,0],[0,3,3,0]]]nm0.5np0.5c240s6.tptp;   13.87; Unsat;
 628;3CNF2/v06m1d2C[[0,1,1]]p[[[],[0,3,0],[0,3,3,0]]]nm0.5np0.5c240s7.tptp;   31.12; Unsat;
 629;3CNF2/v06m1d2C[[0,1,1]]p[[[],[0,3,0],[0,3,3,0]]]nm0.5np0.5c240s8.tptp;   75.36; Sat  ;
 630;3CNF2/v06m1d2C[[0,1,1]]p[[[],[0,3,0],[0,3,3,0]]]nm0.5np0.5c240s9.tptp;    5.97; Unsat;
 631;3CNF2/v06m1d2C[[0,1,1]]p[[[],[0,3,0],[0,3,3,0]]]nm0.5np0.5c252s0.tptp; TIMEOUT;      ;
 632;3CNF2/v06m1d2C[[0,1,1]]p[[[],[0,3,0],[0,3,3,0]]]nm0.5np0.5c252s1.tptp; TIMEOUT;      ;
 633;3CNF2/v06m1d2C[[0,1,1]]p[[[],[0,3,0],[0,3,3,0]]]nm0.5np0.5c252s2.tptp;   20.86; Sat  ;
 634;3CNF2/v06m1d2C[[0,1,1]]p[[[],[0,3,0],[0,3,3,0]]]nm0.5np0.5c252s3.tptp;   55.20; Unsat;
 635;3CNF2/v06m1d2C[[0,1,1]]p[[[],[0,3,0],[0,3,3,0]]]nm0.5np0.5c252s4.tptp;   17.34; Unsat;
 636;3CNF2/v06m1d2C[[0,1,1]]p[[[],[0,3,0],[0,3,3,0]]]nm0.5np0.5c252s5.tptp;    5.44; Unsat;
 637;3CNF2/v06m1d2C[[0,1,1]]p[[[],[0,3,0],[0,3,3,0]]]nm0.5np0.5c252s6.tptp;   63.74; Unsat;
 638;3CNF2/v06m1d2C[[0,1,1]]p[[[],[0,3,0],[0,3,3,0]]]nm0.5np0.5c252s7.tptp;    2.85; Unsat;
 639;3CNF2/v06m1d2C[[0,1,1]]p[[[],[0,3,0],[0,3,3,0]]]nm0.5np0.5c252s8.tptp;   74.71; Sat  ;
 640;3CNF2/v06m1d2C[[0,1,1]]p[[[],[0,3,0],[0,3,3,0]]]nm0.5np0.5c252s9.tptp; TIMEOUT;      ;
 641;3CNF2/v06m1d2C[[0,1,1]]p[[[],[0,3,0],[0,3,3,0]]]nm0.5np0.5c264s0.tptp;    0.04; Unsat;
 642;3CNF2/v06m1d2C[[0,1,1]]p[[[],[0,3,0],[0,3,3,0]]]nm0.5np0.5c264s1.tptp; TIMEOUT;      ;
 643;3CNF2/v06m1d2C[[0,1,1]]p[[[],[0,3,0],[0,3,3,0]]]nm0.5np0.5c264s2.tptp;   58.48; Unsat;
 644;3CNF2/v06m1d2C[[0,1,1]]p[[[],[0,3,0],[0,3,3,0]]]nm0.5np0.5c264s3.tptp;    4.78; Unsat;
 645;3CNF2/v06m1d2C[[0,1,1]]p[[[],[0,3,0],[0,3,3,0]]]nm0.5np0.5c264s4.tptp;  206.17; Sat  ;
 646;3CNF2/v06m1d2C[[0,1,1]]p[[[],[0,3,0],[0,3,3,0]]]nm0.5np0.5c264s5.tptp;  253.76; Sat  ;
 647;3CNF2/v06m1d2C[[0,1,1]]p[[[],[0,3,0],[0,3,3,0]]]nm0.5np0.5c264s6.tptp;  180.78; Sat  ;
 648;3CNF2/v06m1d2C[[0,1,1]]p[[[],[0,3,0],[0,3,3,0]]]nm0.5np0.5c264s7.tptp; TIMEOUT;      ;
 649;3CNF2/v06m1d2C[[0,1,1]]p[[[],[0,3,0],[0,3,3,0]]]nm0.5np0.5c264s8.tptp;   73.93; Unsat;
 650;3CNF2/v06m1d2C[[0,1,1]]p[[[],[0,3,0],[0,3,3,0]]]nm0.5np0.5c264s9.tptp; TIMEOUT;      ;
 651;3CNF2/v06m1d2C[[0,1,1]]p[[[],[0,3,0],[0,3,3,0]]]nm0.5np0.5c276s0.tptp;    6.43; Unsat;
 652;3CNF2/v06m1d2C[[0,1,1]]p[[[],[0,3,0],[0,3,3,0]]]nm0.5np0.5c276s1.tptp;  348.07; Unsat;
 653;3CNF2/v06m1d2C[[0,1,1]]p[[[],[0,3,0],[0,3,3,0]]]nm0.5np0.5c276s2.tptp;    1.09; Unsat;
 654;3CNF2/v06m1d2C[[0,1,1]]p[[[],[0,3,0],[0,3,3,0]]]nm0.5np0.5c276s3.tptp;   22.29; Unsat;
 655;3CNF2/v06m1d2C[[0,1,1]]p[[[],[0,3,0],[0,3,3,0]]]nm0.5np0.5c276s4.tptp;    0.47; Unsat;
 656;3CNF2/v06m1d2C[[0,1,1]]p[[[],[0,3,0],[0,3,3,0]]]nm0.5np0.5c276s5.tptp;    5.16; Unsat;
 657;3CNF2/v06m1d2C[[0,1,1]]p[[[],[0,3,0],[0,3,3,0]]]nm0.5np0.5c276s6.tptp;    6.03; Unsat;
 658;3CNF2/v06m1d2C[[0,1,1]]p[[[],[0,3,0],[0,3,3,0]]]nm0.5np0.5c276s7.tptp;  132.57; Sat  ;
 659;3CNF2/v06m1d2C[[0,1,1]]p[[[],[0,3,0],[0,3,3,0]]]nm0.5np0.5c276s8.tptp;    0.30; Unsat;
 660;3CNF2/v06m1d2C[[0,1,1]]p[[[],[0,3,0],[0,3,3,0]]]nm0.5np0.5c276s9.tptp; TIMEOUT;      ;
 661;3CNF2/v06m1d2C[[0,1,1]]p[[[],[0,3,0],[0,3,3,0]]]nm0.5np0.5c282s0.tptp;  197.70; Unsat;
 662;3CNF2/v06m1d2C[[0,1,1]]p[[[],[0,3,0],[0,3,3,0]]]nm0.5np0.5c282s1.tptp;    6.61; Unsat;
 663;3CNF2/v06m1d2C[[0,1,1]]p[[[],[0,3,0],[0,3,3,0]]]nm0.5np0.5c282s2.tptp;   41.41; Unsat;
 664;3CNF2/v06m1d2C[[0,1,1]]p[[[],[0,3,0],[0,3,3,0]]]nm0.5np0.5c282s3.tptp;   16.91; Unsat;
 665;3CNF2/v06m1d2C[[0,1,1]]p[[[],[0,3,0],[0,3,3,0]]]nm0.5np0.5c282s4.tptp; TIMEOUT;      ;
 666;3CNF2/v06m1d2C[[0,1,1]]p[[[],[0,3,0],[0,3,3,0]]]nm0.5np0.5c282s5.tptp;  926.94; Sat  ;
 667;3CNF2/v06m1d2C[[0,1,1]]p[[[],[0,3,0],[0,3,3,0]]]nm0.5np0.5c282s6.tptp;   72.41; Unsat;
 668;3CNF2/v06m1d2C[[0,1,1]]p[[[],[0,3,0],[0,3,3,0]]]nm0.5np0.5c282s7.tptp;    1.00; Unsat;
 669;3CNF2/v06m1d2C[[0,1,1]]p[[[],[0,3,0],[0,3,3,0]]]nm0.5np0.5c282s8.tptp;   12.22; Unsat;
 670;3CNF2/v06m1d2C[[0,1,1]]p[[[],[0,3,0],[0,3,3,0]]]nm0.5np0.5c282s9.tptp;  756.05; Sat  ;
 671;3CNF2/v06m1d2C[[0,1,1]]p[[[],[0,3,0],[0,3,3,0]]]nm0.5np0.5c288s0.tptp;   33.72; Unsat;
 672;3CNF2/v06m1d2C[[0,1,1]]p[[[],[0,3,0],[0,3,3,0]]]nm0.5np0.5c288s1.tptp;   72.34; Unsat;
 673;3CNF2/v06m1d2C[[0,1,1]]p[[[],[0,3,0],[0,3,3,0]]]nm0.5np0.5c288s2.tptp;  120.12; Sat  ;
 674;3CNF2/v06m1d2C[[0,1,1]]p[[[],[0,3,0],[0,3,3,0]]]nm0.5np0.5c288s3.tptp;    0.47; Unsat;
 675;3CNF2/v06m1d2C[[0,1,1]]p[[[],[0,3,0],[0,3,3,0]]]nm0.5np0.5c288s4.tptp;    4.28; Unsat;
 676;3CNF2/v06m1d2C[[0,1,1]]p[[[],[0,3,0],[0,3,3,0]]]nm0.5np0.5c288s5.tptp;   35.07; Unsat;
 677;3CNF2/v06m1d2C[[0,1,1]]p[[[],[0,3,0],[0,3,3,0]]]nm0.5np0.5c288s6.tptp;    0.50; Unsat;
 678;3CNF2/v06m1d2C[[0,1,1]]p[[[],[0,3,0],[0,3,3,0]]]nm0.5np0.5c288s7.tptp;   27.65; Unsat;
 679;3CNF2/v06m1d2C[[0,1,1]]p[[[],[0,3,0],[0,3,3,0]]]nm0.5np0.5c288s8.tptp;    1.30; Unsat;
 680;3CNF2/v06m1d2C[[0,1,1]]p[[[],[0,3,0],[0,3,3,0]]]nm0.5np0.5c288s9.tptp; TIMEOUT;      ;
 681;3CNF2/v06m1d2C[[0,1,1]]p[[[],[0,3,0],[0,3,3,0]]]nm0.5np0.5c300s0.tptp;    1.04; Unsat;
 682;3CNF2/v06m1d2C[[0,1,1]]p[[[],[0,3,0],[0,3,3,0]]]nm0.5np0.5c300s1.tptp;    1.47; Unsat;
 683;3CNF2/v06m1d2C[[0,1,1]]p[[[],[0,3,0],[0,3,3,0]]]nm0.5np0.5c300s2.tptp;   14.76; Unsat;
 684;3CNF2/v06m1d2C[[0,1,1]]p[[[],[0,3,0],[0,3,3,0]]]nm0.5np0.5c300s3.tptp;    0.59; Unsat;
 685;3CNF2/v06m1d2C[[0,1,1]]p[[[],[0,3,0],[0,3,3,0]]]nm0.5np0.5c300s4.tptp;   29.86; Unsat;
 686;3CNF2/v06m1d2C[[0,1,1]]p[[[],[0,3,0],[0,3,3,0]]]nm0.5np0.5c300s5.tptp;    0.08; Unsat;
 687;3CNF2/v06m1d2C[[0,1,1]]p[[[],[0,3,0],[0,3,3,0]]]nm0.5np0.5c300s6.tptp; TIMEOUT;      ;
 688;3CNF2/v06m1d2C[[0,1,1]]p[[[],[0,3,0],[0,3,3,0]]]nm0.5np0.5c300s7.tptp;    0.53; Unsat;
 689;3CNF2/v06m1d2C[[0,1,1]]p[[[],[0,3,0],[0,3,3,0]]]nm0.5np0.5c300s8.tptp; TIMEOUT;      ;
 690;3CNF2/v06m1d2C[[0,1,1]]p[[[],[0,3,0],[0,3,3,0]]]nm0.5np0.5c300s9.tptp;   19.26; Unsat;
 691;3CNF2/v07m1d2C[[0,2,1]]p[[[],[0,3,0],[0,3,3,0]]]nm0.5np0.5c196s0.tptp;    7.84; Sat  ;
 692;3CNF2/v07m1d2C[[0,2,1]]p[[[],[0,3,0],[0,3,3,0]]]nm0.5np0.5c196s1.tptp;  259.28; Sat  ;
 693;3CNF2/v07m1d2C[[0,2,1]]p[[[],[0,3,0],[0,3,3,0]]]nm0.5np0.5c196s2.tptp;    9.05; Unsat;
 694;3CNF2/v07m1d2C[[0,2,1]]p[[[],[0,3,0],[0,3,3,0]]]nm0.5np0.5c196s3.tptp; TIMEOUT;      ;
 695;3CNF2/v07m1d2C[[0,2,1]]p[[[],[0,3,0],[0,3,3,0]]]nm0.5np0.5c196s4.tptp;    4.85; Sat  ;
 696;3CNF2/v07m1d2C[[0,2,1]]p[[[],[0,3,0],[0,3,3,0]]]nm0.5np0.5c196s5.tptp;  207.60; Sat  ;
 697;3CNF2/v07m1d2C[[0,2,1]]p[[[],[0,3,0],[0,3,3,0]]]nm0.5np0.5c196s6.tptp;    0.39; Sat  ;
 698;3CNF2/v07m1d2C[[0,2,1]]p[[[],[0,3,0],[0,3,3,0]]]nm0.5np0.5c196s7.tptp;   52.71; Sat  ;
 699;3CNF2/v07m1d2C[[0,2,1]]p[[[],[0,3,0],[0,3,3,0]]]nm0.5np0.5c196s8.tptp;    2.55; Sat  ;
 700;3CNF2/v07m1d2C[[0,2,1]]p[[[],[0,3,0],[0,3,3,0]]]nm0.5np0.5c196s9.tptp;    5.31; Sat  ;
 701;3CNF2/v07m1d2C[[0,2,1]]p[[[],[0,3,0],[0,3,3,0]]]nm0.5np0.5c210s0.tptp;    7.99; Sat  ;
 702;3CNF2/v07m1d2C[[0,2,1]]p[[[],[0,3,0],[0,3,3,0]]]nm0.5np0.5c210s1.tptp;   64.50; Sat  ;
 703;3CNF2/v07m1d2C[[0,2,1]]p[[[],[0,3,0],[0,3,3,0]]]nm0.5np0.5c210s2.tptp;    1.30; Unsat;
 704;3CNF2/v07m1d2C[[0,2,1]]p[[[],[0,3,0],[0,3,3,0]]]nm0.5np0.5c210s3.tptp; TIMEOUT;      ;
 705;3CNF2/v07m1d2C[[0,2,1]]p[[[],[0,3,0],[0,3,3,0]]]nm0.5np0.5c210s4.tptp;    4.83; Sat  ;
 706;3CNF2/v07m1d2C[[0,2,1]]p[[[],[0,3,0],[0,3,3,0]]]nm0.5np0.5c210s5.tptp;   28.43; Sat  ;
 707;3CNF2/v07m1d2C[[0,2,1]]p[[[],[0,3,0],[0,3,3,0]]]nm0.5np0.5c210s6.tptp;  150.57; Unsat;
 708;3CNF2/v07m1d2C[[0,2,1]]p[[[],[0,3,0],[0,3,3,0]]]nm0.5np0.5c210s7.tptp;    2.23; Sat  ;
 709;3CNF2/v07m1d2C[[0,2,1]]p[[[],[0,3,0],[0,3,3,0]]]nm0.5np0.5c210s8.tptp;  164.13; Sat  ;
 710;3CNF2/v07m1d2C[[0,2,1]]p[[[],[0,3,0],[0,3,3,0]]]nm0.5np0.5c210s9.tptp; TIMEOUT;      ;
 711;3CNF2/v07m1d2C[[0,2,1]]p[[[],[0,3,0],[0,3,3,0]]]nm0.5np0.5c224s0.tptp;   48.01; Sat  ;
 712;3CNF2/v07m1d2C[[0,2,1]]p[[[],[0,3,0],[0,3,3,0]]]nm0.5np0.5c224s1.tptp; TIMEOUT;      ;
 713;3CNF2/v07m1d2C[[0,2,1]]p[[[],[0,3,0],[0,3,3,0]]]nm0.5np0.5c224s2.tptp;  665.83; Sat  ;
 714;3CNF2/v07m1d2C[[0,2,1]]p[[[],[0,3,0],[0,3,3,0]]]nm0.5np0.5c224s3.tptp;  163.20; Sat  ;
 715;3CNF2/v07m1d2C[[0,2,1]]p[[[],[0,3,0],[0,3,3,0]]]nm0.5np0.5c224s4.tptp;  541.58; Sat  ;
 716;3CNF2/v07m1d2C[[0,2,1]]p[[[],[0,3,0],[0,3,3,0]]]nm0.5np0.5c224s5.tptp;    2.11; Unsat;
 717;3CNF2/v07m1d2C[[0,2,1]]p[[[],[0,3,0],[0,3,3,0]]]nm0.5np0.5c224s6.tptp; TIMEOUT;      ;
 718;3CNF2/v07m1d2C[[0,2,1]]p[[[],[0,3,0],[0,3,3,0]]]nm0.5np0.5c224s7.tptp;   76.12; Sat  ;
 719;3CNF2/v07m1d2C[[0,2,1]]p[[[],[0,3,0],[0,3,3,0]]]nm0.5np0.5c224s8.tptp;   42.07; Unsat;
 720;3CNF2/v07m1d2C[[0,2,1]]p[[[],[0,3,0],[0,3,3,0]]]nm0.5np0.5c224s9.tptp;    0.12; Unsat;
 721;3CNF2/v07m1d2C[[0,2,1]]p[[[],[0,3,0],[0,3,3,0]]]nm0.5np0.5c238s0.tptp;    0.27; Unsat;
 722;3CNF2/v07m1d2C[[0,2,1]]p[[[],[0,3,0],[0,3,3,0]]]nm0.5np0.5c238s1.tptp;  109.18; Unsat;
 723;3CNF2/v07m1d2C[[0,2,1]]p[[[],[0,3,0],[0,3,3,0]]]nm0.5np0.5c238s2.tptp;  265.71; Sat  ;
 724;3CNF2/v07m1d2C[[0,2,1]]p[[[],[0,3,0],[0,3,3,0]]]nm0.5np0.5c238s3.tptp; TIMEOUT;      ;
 725;3CNF2/v07m1d2C[[0,2,1]]p[[[],[0,3,0],[0,3,3,0]]]nm0.5np0.5c238s4.tptp;  111.53; Sat  ;
 726;3CNF2/v07m1d2C[[0,2,1]]p[[[],[0,3,0],[0,3,3,0]]]nm0.5np0.5c238s5.tptp;   14.38; Sat  ;
 727;3CNF2/v07m1d2C[[0,2,1]]p[[[],[0,3,0],[0,3,3,0]]]nm0.5np0.5c238s6.tptp;    2.65; Unsat;
 728;3CNF2/v07m1d2C[[0,2,1]]p[[[],[0,3,0],[0,3,3,0]]]nm0.5np0.5c238s7.tptp;    7.20; Sat  ;
 729;3CNF2/v07m1d2C[[0,2,1]]p[[[],[0,3,0],[0,3,3,0]]]nm0.5np0.5c238s8.tptp;  248.23; Sat  ;
 730;3CNF2/v07m1d2C[[0,2,1]]p[[[],[0,3,0],[0,3,3,0]]]nm0.5np0.5c238s9.tptp;   78.92; Unsat;
 731;3CNF2/v07m1d2C[[0,2,1]]p[[[],[0,3,0],[0,3,3,0]]]nm0.5np0.5c252s0.tptp;   59.82; Sat  ;
 732;3CNF2/v07m1d2C[[0,2,1]]p[[[],[0,3,0],[0,3,3,0]]]nm0.5np0.5c252s1.tptp;  130.25; Sat  ;
 733;3CNF2/v07m1d2C[[0,2,1]]p[[[],[0,3,0],[0,3,3,0]]]nm0.5np0.5c252s2.tptp;    0.28; Unsat;
 734;3CNF2/v07m1d2C[[0,2,1]]p[[[],[0,3,0],[0,3,3,0]]]nm0.5np0.5c252s3.tptp;   35.18; Unsat;
 735;3CNF2/v07m1d2C[[0,2,1]]p[[[],[0,3,0],[0,3,3,0]]]nm0.5np0.5c252s4.tptp;    4.48; Sat  ;
 736;3CNF2/v07m1d2C[[0,2,1]]p[[[],[0,3,0],[0,3,3,0]]]nm0.5np0.5c252s5.tptp;  939.19; Sat  ;
 737;3CNF2/v07m1d2C[[0,2,1]]p[[[],[0,3,0],[0,3,3,0]]]nm0.5np0.5c252s6.tptp; TIMEOUT;      ;
 738;3CNF2/v07m1d2C[[0,2,1]]p[[[],[0,3,0],[0,3,3,0]]]nm0.5np0.5c252s7.tptp;  166.20; Sat  ;
 739;3CNF2/v07m1d2C[[0,2,1]]p[[[],[0,3,0],[0,3,3,0]]]nm0.5np0.5c252s8.tptp;  141.72; Sat  ;
 740;3CNF2/v07m1d2C[[0,2,1]]p[[[],[0,3,0],[0,3,3,0]]]nm0.5np0.5c252s9.tptp;  139.62; Sat  ;
 741;3CNF2/v07m1d2C[[0,2,1]]p[[[],[0,3,0],[0,3,3,0]]]nm0.5np0.5c266s0.tptp;    0.22; Unsat;
 742;3CNF2/v07m1d2C[[0,2,1]]p[[[],[0,3,0],[0,3,3,0]]]nm0.5np0.5c266s1.tptp;  885.43; Sat  ;
 743;3CNF2/v07m1d2C[[0,2,1]]p[[[],[0,3,0],[0,3,3,0]]]nm0.5np0.5c266s2.tptp;    2.43; Unsat;
 744;3CNF2/v07m1d2C[[0,2,1]]p[[[],[0,3,0],[0,3,3,0]]]nm0.5np0.5c266s3.tptp;    0.85; Unsat;
 745;3CNF2/v07m1d2C[[0,2,1]]p[[[],[0,3,0],[0,3,3,0]]]nm0.5np0.5c266s4.tptp; TIMEOUT;      ;
 746;3CNF2/v07m1d2C[[0,2,1]]p[[[],[0,3,0],[0,3,3,0]]]nm0.5np0.5c266s5.tptp;    8.83; Unsat;
 747;3CNF2/v07m1d2C[[0,2,1]]p[[[],[0,3,0],[0,3,3,0]]]nm0.5np0.5c266s6.tptp;    0.60; Unsat;
 748;3CNF2/v07m1d2C[[0,2,1]]p[[[],[0,3,0],[0,3,3,0]]]nm0.5np0.5c266s7.tptp;    1.09; Unsat;
 749;3CNF2/v07m1d2C[[0,2,1]]p[[[],[0,3,0],[0,3,3,0]]]nm0.5np0.5c266s8.tptp;    0.24; Unsat;
 750;3CNF2/v07m1d2C[[0,2,1]]p[[[],[0,3,0],[0,3,3,0]]]nm0.5np0.5c266s9.tptp;  327.57; Sat  ;
 751;3CNF2/v07m1d2C[[0,2,1]]p[[[],[0,3,0],[0,3,3,0]]]nm0.5np0.5c280s0.tptp;    0.20; Unsat;
 752;3CNF2/v07m1d2C[[0,2,1]]p[[[],[0,3,0],[0,3,3,0]]]nm0.5np0.5c280s1.tptp;    0.35; Unsat;
 753;3CNF2/v07m1d2C[[0,2,1]]p[[[],[0,3,0],[0,3,3,0]]]nm0.5np0.5c280s2.tptp;    4.29; Unsat;
 754;3CNF2/v07m1d2C[[0,2,1]]p[[[],[0,3,0],[0,3,3,0]]]nm0.5np0.5c280s3.tptp;    4.49; Unsat;
 755;3CNF2/v07m1d2C[[0,2,1]]p[[[],[0,3,0],[0,3,3,0]]]nm0.5np0.5c280s4.tptp;   12.84; Sat  ;
 756;3CNF2/v07m1d2C[[0,2,1]]p[[[],[0,3,0],[0,3,3,0]]]nm0.5np0.5c280s5.tptp;   22.47; Sat  ;
 757;3CNF2/v07m1d2C[[0,2,1]]p[[[],[0,3,0],[0,3,3,0]]]nm0.5np0.5c280s6.tptp; TIMEOUT;      ;
 758;3CNF2/v07m1d2C[[0,2,1]]p[[[],[0,3,0],[0,3,3,0]]]nm0.5np0.5c280s7.tptp;    8.32; Unsat;
 759;3CNF2/v07m1d2C[[0,2,1]]p[[[],[0,3,0],[0,3,3,0]]]nm0.5np0.5c280s8.tptp;    2.86; Unsat;
 760;3CNF2/v07m1d2C[[0,2,1]]p[[[],[0,3,0],[0,3,3,0]]]nm0.5np0.5c280s9.tptp;   76.21; Unsat;
 761;3CNF2/v07m1d2C[[0,2,1]]p[[[],[0,3,0],[0,3,3,0]]]nm0.5np0.5c294s0.tptp; TIMEOUT;      ;
 762;3CNF2/v07m1d2C[[0,2,1]]p[[[],[0,3,0],[0,3,3,0]]]nm0.5np0.5c294s1.tptp;    0.72; Unsat;
 763;3CNF2/v07m1d2C[[0,2,1]]p[[[],[0,3,0],[0,3,3,0]]]nm0.5np0.5c294s2.tptp;   58.61; Unsat;
 764;3CNF2/v07m1d2C[[0,2,1]]p[[[],[0,3,0],[0,3,3,0]]]nm0.5np0.5c294s3.tptp;    0.50; Unsat;
 765;3CNF2/v07m1d2C[[0,2,1]]p[[[],[0,3,0],[0,3,3,0]]]nm0.5np0.5c294s4.tptp;    1.87; Unsat;
 766;3CNF2/v07m1d2C[[0,2,1]]p[[[],[0,3,0],[0,3,3,0]]]nm0.5np0.5c294s5.tptp;    1.06; Unsat;
 767;3CNF2/v07m1d2C[[0,2,1]]p[[[],[0,3,0],[0,3,3,0]]]nm0.5np0.5c294s6.tptp;    0.44; Unsat;
 768;3CNF2/v07m1d2C[[0,2,1]]p[[[],[0,3,0],[0,3,3,0]]]nm0.5np0.5c294s7.tptp;  574.63; Sat  ;
 769;3CNF2/v07m1d2C[[0,2,1]]p[[[],[0,3,0],[0,3,3,0]]]nm0.5np0.5c294s8.tptp;    8.13; Unsat;
 770;3CNF2/v07m1d2C[[0,2,1]]p[[[],[0,3,0],[0,3,3,0]]]nm0.5np0.5c294s9.tptp;    1.11; Unsat;
 771;3CNF2/v10m1d1C[[0,0,1]]p[[[],[],[0,3,3,0]]]nm0.5np0.5c280s0.tptp;        7.16; Sat  ;
 772;3CNF2/v10m1d1C[[0,0,1]]p[[[],[],[0,3,3,0]]]nm0.5np0.5c280s1.tptp;        6.88; Sat  ;
 773;3CNF2/v10m1d1C[[0,0,1]]p[[[],[],[0,3,3,0]]]nm0.5np0.5c280s2.tptp;        8.09; Sat  ;
 774;3CNF2/v10m1d1C[[0,0,1]]p[[[],[],[0,3,3,0]]]nm0.5np0.5c280s3.tptp;        6.84; Sat  ;
 775;3CNF2/v10m1d1C[[0,0,1]]p[[[],[],[0,3,3,0]]]nm0.5np0.5c280s4.tptp;       12.08; Sat  ;
 776;3CNF2/v10m1d1C[[0,0,1]]p[[[],[],[0,3,3,0]]]nm0.5np0.5c280s5.tptp;        7.89; Sat  ;
 777;3CNF2/v10m1d1C[[0,0,1]]p[[[],[],[0,3,3,0]]]nm0.5np0.5c280s6.tptp;        8.77; Sat  ;
 778;3CNF2/v10m1d1C[[0,0,1]]p[[[],[],[0,3,3,0]]]nm0.5np0.5c280s7.tptp;       11.01; Sat  ;
 779;3CNF2/v10m1d1C[[0,0,1]]p[[[],[],[0,3,3,0]]]nm0.5np0.5c280s8.tptp;        8.82; Sat  ;
 780;3CNF2/v10m1d1C[[0,0,1]]p[[[],[],[0,3,3,0]]]nm0.5np0.5c280s9.tptp;        7.32; Sat  ;
 781;3CNF2/v10m1d1C[[0,0,1]]p[[[],[],[0,3,3,0]]]nm0.5np0.5c290s0.tptp;        7.23; Sat  ;
 782;3CNF2/v10m1d1C[[0,0,1]]p[[[],[],[0,3,3,0]]]nm0.5np0.5c290s1.tptp;        9.42; Sat  ;
 783;3CNF2/v10m1d1C[[0,0,1]]p[[[],[],[0,3,3,0]]]nm0.5np0.5c290s2.tptp;        5.30; Sat  ;
 784;3CNF2/v10m1d1C[[0,0,1]]p[[[],[],[0,3,3,0]]]nm0.5np0.5c290s3.tptp;        9.62; Sat  ;
 785;3CNF2/v10m1d1C[[0,0,1]]p[[[],[],[0,3,3,0]]]nm0.5np0.5c290s4.tptp;        8.70; Sat  ;
 786;3CNF2/v10m1d1C[[0,0,1]]p[[[],[],[0,3,3,0]]]nm0.5np0.5c290s5.tptp;       11.20; Sat  ;
 787;3CNF2/v10m1d1C[[0,0,1]]p[[[],[],[0,3,3,0]]]nm0.5np0.5c290s6.tptp;        7.22; Unsat;
 788;3CNF2/v10m1d1C[[0,0,1]]p[[[],[],[0,3,3,0]]]nm0.5np0.5c290s7.tptp;        8.85; Sat  ;
 789;3CNF2/v10m1d1C[[0,0,1]]p[[[],[],[0,3,3,0]]]nm0.5np0.5c290s8.tptp;       10.77; Sat  ;
 790;3CNF2/v10m1d1C[[0,0,1]]p[[[],[],[0,3,3,0]]]nm0.5np0.5c290s9.tptp;       10.25; Sat  ;
 791;3CNF2/v10m1d1C[[0,0,1]]p[[[],[],[0,3,3,0]]]nm0.5np0.5c300s0.tptp;        6.81; Sat  ;
 792;3CNF2/v10m1d1C[[0,0,1]]p[[[],[],[0,3,3,0]]]nm0.5np0.5c300s1.tptp;        8.55; Unsat;
 793;3CNF2/v10m1d1C[[0,0,1]]p[[[],[],[0,3,3,0]]]nm0.5np0.5c300s2.tptp;        6.14; Sat  ;
 794;3CNF2/v10m1d1C[[0,0,1]]p[[[],[],[0,3,3,0]]]nm0.5np0.5c300s3.tptp;        7.73; Sat  ;
 795;3CNF2/v10m1d1C[[0,0,1]]p[[[],[],[0,3,3,0]]]nm0.5np0.5c300s4.tptp;       13.98; Sat  ;
 796;3CNF2/v10m1d1C[[0,0,1]]p[[[],[],[0,3,3,0]]]nm0.5np0.5c300s5.tptp;        9.35; Sat  ;
 797;3CNF2/v10m1d1C[[0,0,1]]p[[[],[],[0,3,3,0]]]nm0.5np0.5c300s6.tptp;        9.51; Sat  ;
 798;3CNF2/v10m1d1C[[0,0,1]]p[[[],[],[0,3,3,0]]]nm0.5np0.5c300s7.tptp;        8.64; Unsat;
 799;3CNF2/v10m1d1C[[0,0,1]]p[[[],[],[0,3,3,0]]]nm0.5np0.5c300s8.tptp;        9.73; Sat  ;
 800;3CNF2/v10m1d1C[[0,0,1]]p[[[],[],[0,3,3,0]]]nm0.5np0.5c300s9.tptp;        9.18; Sat  ;
 801;3CNF2/v10m1d1C[[0,0,1]]p[[[],[],[0,3,3,0]]]nm0.5np0.5c310s0.tptp;        5.50; Sat  ;
 802;3CNF2/v10m1d1C[[0,0,1]]p[[[],[],[0,3,3,0]]]nm0.5np0.5c310s1.tptp;        7.35; Sat  ;
 803;3CNF2/v10m1d1C[[0,0,1]]p[[[],[],[0,3,3,0]]]nm0.5np0.5c310s2.tptp;        6.75; Sat  ;
 804;3CNF2/v10m1d1C[[0,0,1]]p[[[],[],[0,3,3,0]]]nm0.5np0.5c310s3.tptp;        9.97; Unsat;
 805;3CNF2/v10m1d1C[[0,0,1]]p[[[],[],[0,3,3,0]]]nm0.5np0.5c310s4.tptp;        6.19; Unsat;
 806;3CNF2/v10m1d1C[[0,0,1]]p[[[],[],[0,3,3,0]]]nm0.5np0.5c310s5.tptp;        9.99; Sat  ;
 807;3CNF2/v10m1d1C[[0,0,1]]p[[[],[],[0,3,3,0]]]nm0.5np0.5c310s6.tptp;        6.58; Unsat;
 808;3CNF2/v10m1d1C[[0,0,1]]p[[[],[],[0,3,3,0]]]nm0.5np0.5c310s7.tptp;        7.73; Sat  ;
 809;3CNF2/v10m1d1C[[0,0,1]]p[[[],[],[0,3,3,0]]]nm0.5np0.5c310s8.tptp;        7.17; Unsat;
 810;3CNF2/v10m1d1C[[0,0,1]]p[[[],[],[0,3,3,0]]]nm0.5np0.5c310s9.tptp;       13.52; Sat  ;
 811;3CNF2/v10m1d1C[[0,0,1]]p[[[],[],[0,3,3,0]]]nm0.5np0.5c320s0.tptp;        8.72; Sat  ;
 812;3CNF2/v10m1d1C[[0,0,1]]p[[[],[],[0,3,3,0]]]nm0.5np0.5c320s1.tptp;        7.52; Unsat;
 813;3CNF2/v10m1d1C[[0,0,1]]p[[[],[],[0,3,3,0]]]nm0.5np0.5c320s2.tptp;       11.04; Unsat;
 814;3CNF2/v10m1d1C[[0,0,1]]p[[[],[],[0,3,3,0]]]nm0.5np0.5c320s3.tptp;        8.21; Unsat;
 815;3CNF2/v10m1d1C[[0,0,1]]p[[[],[],[0,3,3,0]]]nm0.5np0.5c320s4.tptp;       12.71; Sat  ;
 816;3CNF2/v10m1d1C[[0,0,1]]p[[[],[],[0,3,3,0]]]nm0.5np0.5c320s5.tptp;        9.95; Sat  ;
 817;3CNF2/v10m1d1C[[0,0,1]]p[[[],[],[0,3,3,0]]]nm0.5np0.5c320s6.tptp;        9.78; Unsat;
 818;3CNF2/v10m1d1C[[0,0,1]]p[[[],[],[0,3,3,0]]]nm0.5np0.5c320s7.tptp;       10.47; Sat  ;
 819;3CNF2/v10m1d1C[[0,0,1]]p[[[],[],[0,3,3,0]]]nm0.5np0.5c320s8.tptp;       11.51; Unsat;
 820;3CNF2/v10m1d1C[[0,0,1]]p[[[],[],[0,3,3,0]]]nm0.5np0.5c320s9.tptp;        7.99; Unsat;
 821;3CNF2/v10m1d1C[[0,0,1]]p[[[],[],[0,3,3,0]]]nm0.5np0.5c330s0.tptp;       10.51; Unsat;
 822;3CNF2/v10m1d1C[[0,0,1]]p[[[],[],[0,3,3,0]]]nm0.5np0.5c330s1.tptp;        6.40; Sat  ;
 823;3CNF2/v10m1d1C[[0,0,1]]p[[[],[],[0,3,3,0]]]nm0.5np0.5c330s2.tptp;       11.49; Unsat;
 824;3CNF2/v10m1d1C[[0,0,1]]p[[[],[],[0,3,3,0]]]nm0.5np0.5c330s3.tptp;        8.58; Unsat;
 825;3CNF2/v10m1d1C[[0,0,1]]p[[[],[],[0,3,3,0]]]nm0.5np0.5c330s4.tptp;       10.75; Sat  ;
 826;3CNF2/v10m1d1C[[0,0,1]]p[[[],[],[0,3,3,0]]]nm0.5np0.5c330s5.tptp;       10.71; Sat  ;
 827;3CNF2/v10m1d1C[[0,0,1]]p[[[],[],[0,3,3,0]]]nm0.5np0.5c330s6.tptp;       11.40; Sat  ;
 828;3CNF2/v10m1d1C[[0,0,1]]p[[[],[],[0,3,3,0]]]nm0.5np0.5c330s7.tptp;       11.05; Unsat;
 829;3CNF2/v10m1d1C[[0,0,1]]p[[[],[],[0,3,3,0]]]nm0.5np0.5c330s8.tptp;       11.69; Sat  ;
 830;3CNF2/v10m1d1C[[0,0,1]]p[[[],[],[0,3,3,0]]]nm0.5np0.5c330s9.tptp;        7.40; Sat  ;
 831;3CNF2/v10m1d1C[[0,0,1]]p[[[],[],[0,3,3,0]]]nm0.5np0.5c340s0.tptp;        8.10; Unsat;
 832;3CNF2/v10m1d1C[[0,0,1]]p[[[],[],[0,3,3,0]]]nm0.5np0.5c340s1.tptp;        9.12; Unsat;
 833;3CNF2/v10m1d1C[[0,0,1]]p[[[],[],[0,3,3,0]]]nm0.5np0.5c340s2.tptp;        9.11; Unsat;
 834;3CNF2/v10m1d1C[[0,0,1]]p[[[],[],[0,3,3,0]]]nm0.5np0.5c340s3.tptp;        8.56; Unsat;
 835;3CNF2/v10m1d1C[[0,0,1]]p[[[],[],[0,3,3,0]]]nm0.5np0.5c340s4.tptp;       10.23; Unsat;
 836;3CNF2/v10m1d1C[[0,0,1]]p[[[],[],[0,3,3,0]]]nm0.5np0.5c340s5.tptp;       12.63; Unsat;
 837;3CNF2/v10m1d1C[[0,0,1]]p[[[],[],[0,3,3,0]]]nm0.5np0.5c340s6.tptp;        8.38; Unsat;
 838;3CNF2/v10m1d1C[[0,0,1]]p[[[],[],[0,3,3,0]]]nm0.5np0.5c340s7.tptp;        7.22; Sat  ;
 839;3CNF2/v10m1d1C[[0,0,1]]p[[[],[],[0,3,3,0]]]nm0.5np0.5c340s8.tptp;        5.51; Unsat;
 840;3CNF2/v10m1d1C[[0,0,1]]p[[[],[],[0,3,3,0]]]nm0.5np0.5c340s9.tptp;        7.10; Unsat;
 841;3CNF2/v10m1d1C[[0,0,1]]p[[[],[],[0,3,3,0]]]nm0.5np0.5c350s0.tptp;        9.70; Unsat;
 842;3CNF2/v10m1d1C[[0,0,1]]p[[[],[],[0,3,3,0]]]nm0.5np0.5c350s1.tptp;        7.89; Unsat;
 843;3CNF2/v10m1d1C[[0,0,1]]p[[[],[],[0,3,3,0]]]nm0.5np0.5c350s2.tptp;        7.55; Unsat;
 844;3CNF2/v10m1d1C[[0,0,1]]p[[[],[],[0,3,3,0]]]nm0.5np0.5c350s3.tptp;        8.12; Unsat;
 845;3CNF2/v10m1d1C[[0,0,1]]p[[[],[],[0,3,3,0]]]nm0.5np0.5c350s4.tptp;       10.69; Unsat;
 846;3CNF2/v10m1d1C[[0,0,1]]p[[[],[],[0,3,3,0]]]nm0.5np0.5c350s5.tptp;        4.80; Unsat;
 847;3CNF2/v10m1d1C[[0,0,1]]p[[[],[],[0,3,3,0]]]nm0.5np0.5c350s6.tptp;        6.45; Unsat;
 848;3CNF2/v10m1d1C[[0,0,1]]p[[[],[],[0,3,3,0]]]nm0.5np0.5c350s7.tptp;       10.33; Unsat;
 849;3CNF2/v10m1d1C[[0,0,1]]p[[[],[],[0,3,3,0]]]nm0.5np0.5c350s8.tptp;        6.22; Unsat;
 850;3CNF2/v10m1d1C[[0,0,1]]p[[[],[],[0,3,3,0]]]nm0.5np0.5c350s9.tptp;        9.41; Sat  ;
 851;3CNF2/v10m1d1C[[0,0,1]]p[[[],[],[1,3,3,1]]]nm0.5np0.5c240s0.tptp;        1.84; Sat  ;
 852;3CNF2/v10m1d1C[[0,0,1]]p[[[],[],[1,3,3,1]]]nm0.5np0.5c240s1.tptp;        3.96; Sat  ;
 853;3CNF2/v10m1d1C[[0,0,1]]p[[[],[],[1,3,3,1]]]nm0.5np0.5c240s2.tptp;        4.71; Sat  ;
 854;3CNF2/v10m1d1C[[0,0,1]]p[[[],[],[1,3,3,1]]]nm0.5np0.5c240s3.tptp;        2.24; Sat  ;
 855;3CNF2/v10m1d1C[[0,0,1]]p[[[],[],[1,3,3,1]]]nm0.5np0.5c240s4.tptp;        1.10; Sat  ;
 856;3CNF2/v10m1d1C[[0,0,1]]p[[[],[],[1,3,3,1]]]nm0.5np0.5c240s5.tptp;        1.21; Sat  ;
 857;3CNF2/v10m1d1C[[0,0,1]]p[[[],[],[1,3,3,1]]]nm0.5np0.5c240s6.tptp;        3.14; Sat  ;
 858;3CNF2/v10m1d1C[[0,0,1]]p[[[],[],[1,3,3,1]]]nm0.5np0.5c240s7.tptp;        0.64; Sat  ;
 859;3CNF2/v10m1d1C[[0,0,1]]p[[[],[],[1,3,3,1]]]nm0.5np0.5c240s8.tptp;        0.16; Unsat;
 860;3CNF2/v10m1d1C[[0,0,1]]p[[[],[],[1,3,3,1]]]nm0.5np0.5c240s9.tptp;        3.51; Sat  ;
 861;3CNF2/v10m1d1C[[0,0,1]]p[[[],[],[1,3,3,1]]]nm0.5np0.5c260s0.tptp;        2.04; Sat  ;
 862;3CNF2/v10m1d1C[[0,0,1]]p[[[],[],[1,3,3,1]]]nm0.5np0.5c260s1.tptp;        2.05; Sat  ;
 863;3CNF2/v10m1d1C[[0,0,1]]p[[[],[],[1,3,3,1]]]nm0.5np0.5c260s2.tptp;        0.02; Unsat;
 864;3CNF2/v10m1d1C[[0,0,1]]p[[[],[],[1,3,3,1]]]nm0.5np0.5c260s3.tptp;        2.58; Sat  ;
 865;3CNF2/v10m1d1C[[0,0,1]]p[[[],[],[1,3,3,1]]]nm0.5np0.5c260s4.tptp;        3.13; Sat  ;
 866;3CNF2/v10m1d1C[[0,0,1]]p[[[],[],[1,3,3,1]]]nm0.5np0.5c260s5.tptp;        1.29; Unsat;
 867;3CNF2/v10m1d1C[[0,0,1]]p[[[],[],[1,3,3,1]]]nm0.5np0.5c260s6.tptp;        1.84; Sat  ;
 868;3CNF2/v10m1d1C[[0,0,1]]p[[[],[],[1,3,3,1]]]nm0.5np0.5c260s7.tptp;        4.94; Sat  ;
 869;3CNF2/v10m1d1C[[0,0,1]]p[[[],[],[1,3,3,1]]]nm0.5np0.5c260s8.tptp;        2.13; Sat  ;
 870;3CNF2/v10m1d1C[[0,0,1]]p[[[],[],[1,3,3,1]]]nm0.5np0.5c260s9.tptp;        0.02; Unsat;
 871;3CNF2/v10m1d1C[[0,0,1]]p[[[],[],[1,3,3,1]]]nm0.5np0.5c280s0.tptp;        3.39; Unsat;
 872;3CNF2/v10m1d1C[[0,0,1]]p[[[],[],[1,3,3,1]]]nm0.5np0.5c280s1.tptp;        0.45; Sat  ;
 873;3CNF2/v10m1d1C[[0,0,1]]p[[[],[],[1,3,3,1]]]nm0.5np0.5c280s2.tptp;        0.55; Unsat;
 874;3CNF2/v10m1d1C[[0,0,1]]p[[[],[],[1,3,3,1]]]nm0.5np0.5c280s3.tptp;        2.73; Unsat;
 875;3CNF2/v10m1d1C[[0,0,1]]p[[[],[],[1,3,3,1]]]nm0.5np0.5c280s4.tptp;        3.75; Sat  ;
 876;3CNF2/v10m1d1C[[0,0,1]]p[[[],[],[1,3,3,1]]]nm0.5np0.5c280s5.tptp;        3.34; Sat  ;
 877;3CNF2/v10m1d1C[[0,0,1]]p[[[],[],[1,3,3,1]]]nm0.5np0.5c280s6.tptp;        0.60; Sat  ;
 878;3CNF2/v10m1d1C[[0,0,1]]p[[[],[],[1,3,3,1]]]nm0.5np0.5c280s7.tptp;        4.64; Sat  ;
 879;3CNF2/v10m1d1C[[0,0,1]]p[[[],[],[1,3,3,1]]]nm0.5np0.5c280s8.tptp;        6.00; Sat  ;
 880;3CNF2/v10m1d1C[[0,0,1]]p[[[],[],[1,3,3,1]]]nm0.5np0.5c280s9.tptp;        0.02; Unsat;
 881;3CNF2/v10m1d1C[[0,0,1]]p[[[],[],[1,3,3,1]]]nm0.5np0.5c300s0.tptp;        0.03; Unsat;
 882;3CNF2/v10m1d1C[[0,0,1]]p[[[],[],[1,3,3,1]]]nm0.5np0.5c300s1.tptp;        2.39; Unsat;
 883;3CNF2/v10m1d1C[[0,0,1]]p[[[],[],[1,3,3,1]]]nm0.5np0.5c300s2.tptp;        1.63; Unsat;
 884;3CNF2/v10m1d1C[[0,0,1]]p[[[],[],[1,3,3,1]]]nm0.5np0.5c300s3.tptp;        0.73; Unsat;
 885;3CNF2/v10m1d1C[[0,0,1]]p[[[],[],[1,3,3,1]]]nm0.5np0.5c300s4.tptp;        2.63; Unsat;
 886;3CNF2/v10m1d1C[[0,0,1]]p[[[],[],[1,3,3,1]]]nm0.5np0.5c300s5.tptp;        0.11; Unsat;
 887;3CNF2/v10m1d1C[[0,0,1]]p[[[],[],[1,3,3,1]]]nm0.5np0.5c300s6.tptp;        1.60; Sat  ;
 888;3CNF2/v10m1d1C[[0,0,1]]p[[[],[],[1,3,3,1]]]nm0.5np0.5c300s7.tptp;        0.95; Unsat;
 889;3CNF2/v10m1d1C[[0,0,1]]p[[[],[],[1,3,3,1]]]nm0.5np0.5c300s8.tptp;        1.99; Sat  ;
 890;3CNF2/v10m1d1C[[0,0,1]]p[[[],[],[1,3,3,1]]]nm0.5np0.5c300s9.tptp;        2.19; Unsat;
 891;3CNF2/v10m1d1C[[0,0,1]]p[[[],[],[1,3,3,1]]]nm0.5np0.5c320s0.tptp;        2.58; Sat  ;
 892;3CNF2/v10m1d1C[[0,0,1]]p[[[],[],[1,3,3,1]]]nm0.5np0.5c320s1.tptp;        0.02; Unsat;
 893;3CNF2/v10m1d1C[[0,0,1]]p[[[],[],[1,3,3,1]]]nm0.5np0.5c320s2.tptp;        1.01; Unsat;
 894;3CNF2/v10m1d1C[[0,0,1]]p[[[],[],[1,3,3,1]]]nm0.5np0.5c320s3.tptp;        0.38; Unsat;
 895;3CNF2/v10m1d1C[[0,0,1]]p[[[],[],[1,3,3,1]]]nm0.5np0.5c320s4.tptp;        1.17; Unsat;
 896;3CNF2/v10m1d1C[[0,0,1]]p[[[],[],[1,3,3,1]]]nm0.5np0.5c320s5.tptp;        3.67; Sat  ;
 897;3CNF2/v10m1d1C[[0,0,1]]p[[[],[],[1,3,3,1]]]nm0.5np0.5c320s6.tptp;        5.98; Unsat;
 898;3CNF2/v10m1d1C[[0,0,1]]p[[[],[],[1,3,3,1]]]nm0.5np0.5c320s7.tptp;        0.32; Unsat;
 899;3CNF2/v10m1d1C[[0,0,1]]p[[[],[],[1,3,3,1]]]nm0.5np0.5c320s8.tptp;        0.13; Unsat;
 900;3CNF2/v10m1d1C[[0,0,1]]p[[[],[],[1,3,3,1]]]nm0.5np0.5c320s9.tptp;        0.86; Unsat;
 901;3CNF2/v10m1d1C[[0,0,1]]p[[[],[],[1,3,3,1]]]nm0.5np0.5c340s0.tptp;        3.11; Unsat;
 902;3CNF2/v10m1d1C[[0,0,1]]p[[[],[],[1,3,3,1]]]nm0.5np0.5c340s1.tptp;        2.34; Unsat;
 903;3CNF2/v10m1d1C[[0,0,1]]p[[[],[],[1,3,3,1]]]nm0.5np0.5c340s2.tptp;        2.76; Unsat;
 904;3CNF2/v10m1d1C[[0,0,1]]p[[[],[],[1,3,3,1]]]nm0.5np0.5c340s3.tptp;        4.82; Unsat;
 905;3CNF2/v10m1d1C[[0,0,1]]p[[[],[],[1,3,3,1]]]nm0.5np0.5c340s4.tptp;        0.03; Unsat;
 906;3CNF2/v10m1d1C[[0,0,1]]p[[[],[],[1,3,3,1]]]nm0.5np0.5c340s5.tptp;        3.23; Unsat;
 907;3CNF2/v10m1d1C[[0,0,1]]p[[[],[],[1,3,3,1]]]nm0.5np0.5c340s6.tptp;        1.07; Unsat;
 908;3CNF2/v10m1d1C[[0,0,1]]p[[[],[],[1,3,3,1]]]nm0.5np0.5c340s7.tptp;        0.04; Unsat;
 909;3CNF2/v10m1d1C[[0,0,1]]p[[[],[],[1,3,3,1]]]nm0.5np0.5c340s8.tptp;        2.25; Unsat;
 910;3CNF2/v10m1d1C[[0,0,1]]p[[[],[],[1,3,3,1]]]nm0.5np0.5c340s9.tptp;        2.23; Unsat;
 911;3CNF2/v10m1d2C[[0,0,1]]p[[[],[],[8,36,54,27]]]nm0.5np0.5c160s0.tptp;     0.03; Sat  ;
 912;3CNF2/v10m1d2C[[0,0,1]]p[[[],[],[8,36,54,27]]]nm0.5np0.5c160s1.tptp;  TIMEOUT;      ;
 913;3CNF2/v10m1d2C[[0,0,1]]p[[[],[],[8,36,54,27]]]nm0.5np0.5c160s2.tptp;     0.04; Sat  ;
 914;3CNF2/v10m1d2C[[0,0,1]]p[[[],[],[8,36,54,27]]]nm0.5np0.5c160s3.tptp;     0.04; Sat  ;
 915;3CNF2/v10m1d2C[[0,0,1]]p[[[],[],[8,36,54,27]]]nm0.5np0.5c160s4.tptp;     0.04; Sat  ;
 916;3CNF2/v10m1d2C[[0,0,1]]p[[[],[],[8,36,54,27]]]nm0.5np0.5c160s5.tptp;     0.03; Sat  ;
 917;3CNF2/v10m1d2C[[0,0,1]]p[[[],[],[8,36,54,27]]]nm0.5np0.5c160s6.tptp;     0.05; Sat  ;
 918;3CNF2/v10m1d2C[[0,0,1]]p[[[],[],[8,36,54,27]]]nm0.5np0.5c160s7.tptp;     0.03; Sat  ;
 919;3CNF2/v10m1d2C[[0,0,1]]p[[[],[],[8,36,54,27]]]nm0.5np0.5c160s8.tptp;     0.05; Sat  ;
 920;3CNF2/v10m1d2C[[0,0,1]]p[[[],[],[8,36,54,27]]]nm0.5np0.5c160s9.tptp;     0.03; Sat  ;
 921;3CNF2/v10m1d2C[[0,0,1]]p[[[],[],[8,36,54,27]]]nm0.5np0.5c180s0.tptp;     0.03; Sat  ;
 922;3CNF2/v10m1d2C[[0,0,1]]p[[[],[],[8,36,54,27]]]nm0.5np0.5c180s1.tptp;     0.28; Sat  ;
 923;3CNF2/v10m1d2C[[0,0,1]]p[[[],[],[8,36,54,27]]]nm0.5np0.5c180s2.tptp;     0.02; Unsat;
 924;3CNF2/v10m1d2C[[0,0,1]]p[[[],[],[8,36,54,27]]]nm0.5np0.5c180s3.tptp;     0.09; Sat  ;
 925;3CNF2/v10m1d2C[[0,0,1]]p[[[],[],[8,36,54,27]]]nm0.5np0.5c180s4.tptp;     0.04; Sat  ;
 926;3CNF2/v10m1d2C[[0,0,1]]p[[[],[],[8,36,54,27]]]nm0.5np0.5c180s5.tptp;     0.05; Sat  ;
 927;3CNF2/v10m1d2C[[0,0,1]]p[[[],[],[8,36,54,27]]]nm0.5np0.5c180s6.tptp;  TIMEOUT;      ;
 928;3CNF2/v10m1d2C[[0,0,1]]p[[[],[],[8,36,54,27]]]nm0.5np0.5c180s7.tptp;     0.19; Sat  ;
 929;3CNF2/v10m1d2C[[0,0,1]]p[[[],[],[8,36,54,27]]]nm0.5np0.5c180s8.tptp;     0.02; Unsat;
 930;3CNF2/v10m1d2C[[0,0,1]]p[[[],[],[8,36,54,27]]]nm0.5np0.5c180s9.tptp;     0.15; Sat  ;
 931;3CNF2/v10m1d2C[[0,0,1]]p[[[],[],[8,36,54,27]]]nm0.5np0.5c200s0.tptp;     5.18; Sat  ;
 932;3CNF2/v10m1d2C[[0,0,1]]p[[[],[],[8,36,54,27]]]nm0.5np0.5c200s1.tptp;  TIMEOUT;      ;
 933;3CNF2/v10m1d2C[[0,0,1]]p[[[],[],[8,36,54,27]]]nm0.5np0.5c200s2.tptp;     0.04; Sat  ;
 934;3CNF2/v10m1d2C[[0,0,1]]p[[[],[],[8,36,54,27]]]nm0.5np0.5c200s3.tptp;     0.04; Sat  ;
 935;3CNF2/v10m1d2C[[0,0,1]]p[[[],[],[8,36,54,27]]]nm0.5np0.5c200s4.tptp;     0.02; Unsat;
 936;3CNF2/v10m1d2C[[0,0,1]]p[[[],[],[8,36,54,27]]]nm0.5np0.5c200s5.tptp;     0.02; Unsat;
 937;3CNF2/v10m1d2C[[0,0,1]]p[[[],[],[8,36,54,27]]]nm0.5np0.5c200s6.tptp;     0.02; Unsat;
 938;3CNF2/v10m1d2C[[0,0,1]]p[[[],[],[8,36,54,27]]]nm0.5np0.5c200s7.tptp;     0.03; Unsat;
 939;3CNF2/v10m1d2C[[0,0,1]]p[[[],[],[8,36,54,27]]]nm0.5np0.5c200s8.tptp;     0.64; Sat  ;
 940;3CNF2/v10m1d2C[[0,0,1]]p[[[],[],[8,36,54,27]]]nm0.5np0.5c200s9.tptp;     0.02; Unsat;
 941;3CNF2/v10m1d2C[[0,0,1]]p[[[],[],[8,36,54,27]]]nm0.5np0.5c220s0.tptp;     0.08; Sat  ;
 942;3CNF2/v10m1d2C[[0,0,1]]p[[[],[],[8,36,54,27]]]nm0.5np0.5c220s1.tptp;     0.04; Sat  ;
 943;3CNF2/v10m1d2C[[0,0,1]]p[[[],[],[8,36,54,27]]]nm0.5np0.5c220s2.tptp;     0.03; Unsat;
 944;3CNF2/v10m1d2C[[0,0,1]]p[[[],[],[8,36,54,27]]]nm0.5np0.5c220s3.tptp;     0.03; Unsat;
 945;3CNF2/v10m1d2C[[0,0,1]]p[[[],[],[8,36,54,27]]]nm0.5np0.5c220s4.tptp;  TIMEOUT;      ;
 946;3CNF2/v10m1d2C[[0,0,1]]p[[[],[],[8,36,54,27]]]nm0.5np0.5c220s5.tptp;     0.03; Unsat;
 947;3CNF2/v10m1d2C[[0,0,1]]p[[[],[],[8,36,54,27]]]nm0.5np0.5c220s6.tptp;  TIMEOUT;      ;
 948;3CNF2/v10m1d2C[[0,0,1]]p[[[],[],[8,36,54,27]]]nm0.5np0.5c220s7.tptp;     0.18; Sat  ;
 949;3CNF2/v10m1d2C[[0,0,1]]p[[[],[],[8,36,54,27]]]nm0.5np0.5c220s8.tptp;     0.03; Unsat;
 950;3CNF2/v10m1d2C[[0,0,1]]p[[[],[],[8,36,54,27]]]nm0.5np0.5c220s9.tptp;     0.05; Sat  ;
 951;3CNF2/v10m1d2C[[0,0,1]]p[[[],[],[8,36,54,27]]]nm0.5np0.5c240s0.tptp;     0.03; Unsat;
 952;3CNF2/v10m1d2C[[0,0,1]]p[[[],[],[8,36,54,27]]]nm0.5np0.5c240s1.tptp;  TIMEOUT;      ;
 953;3CNF2/v10m1d2C[[0,0,1]]p[[[],[],[8,36,54,27]]]nm0.5np0.5c240s2.tptp;     0.03; Unsat;
 954;3CNF2/v10m1d2C[[0,0,1]]p[[[],[],[8,36,54,27]]]nm0.5np0.5c240s3.tptp;     0.03; Unsat;
 955;3CNF2/v10m1d2C[[0,0,1]]p[[[],[],[8,36,54,27]]]nm0.5np0.5c240s4.tptp;  TIMEOUT;      ;
 956;3CNF2/v10m1d2C[[0,0,1]]p[[[],[],[8,36,54,27]]]nm0.5np0.5c240s5.tptp;     0.03; Unsat;
 957;3CNF2/v10m1d2C[[0,0,1]]p[[[],[],[8,36,54,27]]]nm0.5np0.5c240s6.tptp;     0.25; Sat  ;
 958;3CNF2/v10m1d2C[[0,0,1]]p[[[],[],[8,36,54,27]]]nm0.5np0.5c240s7.tptp;     0.03; Unsat;
 959;3CNF2/v10m1d2C[[0,0,1]]p[[[],[],[8,36,54,27]]]nm0.5np0.5c240s8.tptp;     0.03; Unsat;
 960;3CNF2/v10m1d2C[[0,0,1]]p[[[],[],[8,36,54,27]]]nm0.5np0.5c240s9.tptp;     0.03; Unsat;
 961;3CNF2/v10m1d2C[[0,0,1]]p[[[],[],[8,36,54,27]]]nm0.5np0.5c260s0.tptp;     0.03; Unsat;
 962;3CNF2/v10m1d2C[[0,0,1]]p[[[],[],[8,36,54,27]]]nm0.5np0.5c260s1.tptp;     0.03; Unsat;
 963;3CNF2/v10m1d2C[[0,0,1]]p[[[],[],[8,36,54,27]]]nm0.5np0.5c260s2.tptp;     0.03; Unsat;
 964;3CNF2/v10m1d2C[[0,0,1]]p[[[],[],[8,36,54,27]]]nm0.5np0.5c260s3.tptp;     0.03; Unsat;
 965;3CNF2/v10m1d2C[[0,0,1]]p[[[],[],[8,36,54,27]]]nm0.5np0.5c260s4.tptp;     0.03; Unsat;
 966;3CNF2/v10m1d2C[[0,0,1]]p[[[],[],[8,36,54,27]]]nm0.5np0.5c260s5.tptp;     3.01; Sat  ;
 967;3CNF2/v10m1d2C[[0,0,1]]p[[[],[],[8,36,54,27]]]nm0.5np0.5c260s6.tptp;    37.22; Sat  ;
 968;3CNF2/v10m1d2C[[0,0,1]]p[[[],[],[8,36,54,27]]]nm0.5np0.5c260s7.tptp;     0.03; Unsat;
 969;3CNF2/v10m1d2C[[0,0,1]]p[[[],[],[8,36,54,27]]]nm0.5np0.5c260s8.tptp;     0.03; Unsat;
 970;3CNF2/v10m1d2C[[0,0,1]]p[[[],[],[8,36,54,27]]]nm0.5np0.5c260s9.tptp;     0.08; Sat  ;
 971;3CNF2/v10m1d2C[[0,0,1]]p[[[],[],[8,36,54,27]]]nm0.5np0.5c280s0.tptp;     0.03; Unsat;
 972;3CNF2/v10m1d2C[[0,0,1]]p[[[],[],[8,36,54,27]]]nm0.5np0.5c280s1.tptp;     0.03; Unsat;
 973;3CNF2/v10m1d2C[[0,0,1]]p[[[],[],[8,36,54,27]]]nm0.5np0.5c280s2.tptp;     0.03; Unsat;
 974;3CNF2/v10m1d2C[[0,0,1]]p[[[],[],[8,36,54,27]]]nm0.5np0.5c280s3.tptp;     0.03; Unsat;
 975;3CNF2/v10m1d2C[[0,0,1]]p[[[],[],[8,36,54,27]]]nm0.5np0.5c280s4.tptp;     0.03; Unsat;
 976;3CNF2/v10m1d2C[[0,0,1]]p[[[],[],[8,36,54,27]]]nm0.5np0.5c280s5.tptp;     0.03; Unsat;
 977;3CNF2/v10m1d2C[[0,0,1]]p[[[],[],[8,36,54,27]]]nm0.5np0.5c280s6.tptp;     0.03; Unsat;
 978;3CNF2/v10m1d2C[[0,0,1]]p[[[],[],[8,36,54,27]]]nm0.5np0.5c280s7.tptp;     0.03; Unsat;
 979;3CNF2/v10m1d2C[[0,0,1]]p[[[],[],[8,36,54,27]]]nm0.5np0.5c280s8.tptp;     0.03; Unsat;
 980;3CNF2/v10m1d2C[[0,0,1]]p[[[],[],[8,36,54,27]]]nm0.5np0.5c280s9.tptp;  TIMEOUT;      ;
 981;3CNF2/v10m1d2C[[0,0,1]]p[[[],[],[8,36,54,27]]]nm0.5np0.5c300s0.tptp;     0.03; Unsat;
 982;3CNF2/v10m1d2C[[0,0,1]]p[[[],[],[8,36,54,27]]]nm0.5np0.5c300s1.tptp;     0.03; Unsat;
 983;3CNF2/v10m1d2C[[0,0,1]]p[[[],[],[8,36,54,27]]]nm0.5np0.5c300s2.tptp;     0.03; Unsat;
 984;3CNF2/v10m1d2C[[0,0,1]]p[[[],[],[8,36,54,27]]]nm0.5np0.5c300s3.tptp;     0.03; Unsat;
 985;3CNF2/v10m1d2C[[0,0,1]]p[[[],[],[8,36,54,27]]]nm0.5np0.5c300s4.tptp;     0.03; Unsat;
 986;3CNF2/v10m1d2C[[0,0,1]]p[[[],[],[8,36,54,27]]]nm0.5np0.5c300s5.tptp;     0.03; Unsat;
 987;3CNF2/v10m1d2C[[0,0,1]]p[[[],[],[8,36,54,27]]]nm0.5np0.5c300s6.tptp;     0.03; Unsat;
 988;3CNF2/v10m1d2C[[0,0,1]]p[[[],[],[8,36,54,27]]]nm0.5np0.5c300s7.tptp;  TIMEOUT;      ;
 989;3CNF2/v10m1d2C[[0,0,1]]p[[[],[],[8,36,54,27]]]nm0.5np0.5c300s8.tptp;     0.03; Unsat;
 990;3CNF2/v10m1d2C[[0,0,1]]p[[[],[],[8,36,54,27]]]nm0.5np0.5c300s9.tptp;  TIMEOUT;      ;
 991;3CNF2/v10m1d2C[[0,0,1]]p[[[],[],[8,36,54,27]]]nm0.5np0.5c320s0.tptp;     0.03; Unsat;
 992;3CNF2/v10m1d2C[[0,0,1]]p[[[],[],[8,36,54,27]]]nm0.5np0.5c320s1.tptp;     0.03; Unsat;
 993;3CNF2/v10m1d2C[[0,0,1]]p[[[],[],[8,36,54,27]]]nm0.5np0.5c320s2.tptp;     0.03; Unsat;
 994;3CNF2/v10m1d2C[[0,0,1]]p[[[],[],[8,36,54,27]]]nm0.5np0.5c320s3.tptp;     0.03; Unsat;
 995;3CNF2/v10m1d2C[[0,0,1]]p[[[],[],[8,36,54,27]]]nm0.5np0.5c320s4.tptp;     0.03; Unsat;
 996;3CNF2/v10m1d2C[[0,0,1]]p[[[],[],[8,36,54,27]]]nm0.5np0.5c320s5.tptp;     0.03; Unsat;
 997;3CNF2/v10m1d2C[[0,0,1]]p[[[],[],[8,36,54,27]]]nm0.5np0.5c320s6.tptp;  TIMEOUT;      ;
 998;3CNF2/v10m1d2C[[0,0,1]]p[[[],[],[8,36,54,27]]]nm0.5np0.5c320s7.tptp;     0.03; Unsat;
 999;3CNF2/v10m1d2C[[0,0,1]]p[[[],[],[8,36,54,27]]]nm0.5np0.5c320s8.tptp;     0.03; Unsat;
1000;3CNF2/v10m1d2C[[0,0,1]]p[[[],[],[8,36,54,27]]]nm0.5np0.5c320s9.tptp;     0.03; Unsat;
