Prover,System,Problem,Execution Time,Result
3CNF2,vampire,"v03m1d2C[[0,0,1]]p[[[],[],[1,0,0,0]]]nm0.5np0.5c135s0.",9999999.0,NULL
3CNF2,vampire,"v03m1d2C[[0,0,1]]p[[[],[],[1,0,0,0]]]nm0.5np0.5c135s1.",9999999.0,NULL
3CNF2,vampire,"v03m1d2C[[0,0,1]]p[[[],[],[1,0,0,0]]]nm0.5np0.5c135s2.",9999999.0,NULL
3CNF2,vampire,"v03m1d2C[[0,0,1]]p[[[],[],[1,0,0,0]]]nm0.5np0.5c135s3.",9999999.0,NULL
3CNF2,vampire,"v03m1d2C[[0,0,1]]p[[[],[],[1,0,0,0]]]nm0.5np0.5c135s4.",9999999.0,NULL
3CNF2,vampire,"v03m1d2C[[0,0,1]]p[[[],[],[1,0,0,0]]]nm0.5np0.5c135s5.",9999999.0,NULL
3CNF2,vampire,"v03m1d2C[[0,0,1]]p[[[],[],[1,0,0,0]]]nm0.5np0.5c135s6.",9999999.0,NULL
3CNF2,vampire,"v03m1d2C[[0,0,1]]p[[[],[],[1,0,0,0]]]nm0.5np0.5c135s7.",9999999.0,NULL
3CNF2,vampire,"v03m1d2C[[0,0,1]]p[[[],[],[1,0,0,0]]]nm0.5np0.5c135s8.",9999999.0,NULL
3CNF2,vampire,"v03m1d2C[[0,0,1]]p[[[],[],[1,0,0,0]]]nm0.5np0.5c135s9.",9999999.0,NULL
3CNF2,vampire,"v03m1d2C[[0,0,1]]p[[[],[],[1,0,0,0]]]nm0.5np0.5c150s0.",9999999.0,NULL
3CNF2,vampire,"v03m1d2C[[0,0,1]]p[[[],[],[1,0,0,0]]]nm0.5np0.5c150s1.",9999999.0,NULL
3CNF2,vampire,"v03m1d2C[[0,0,1]]p[[[],[],[1,0,0,0]]]nm0.5np0.5c150s2.",9999999.0,NULL
3CNF2,vampire,"v03m1d2C[[0,0,1]]p[[[],[],[1,0,0,0]]]nm0.5np0.5c150s3.",9999999.0,NULL
3CNF2,vampire,"v03m1d2C[[0,0,1]]p[[[],[],[1,0,0,0]]]nm0.5np0.5c150s4.",9999999.0,NULL
3CNF2,vampire,"v03m1d2C[[0,0,1]]p[[[],[],[1,0,0,0]]]nm0.5np0.5c150s5.",9999999.0,NULL
3CNF2,vampire,"v03m1d2C[[0,0,1]]p[[[],[],[1,0,0,0]]]nm0.5np0.5c150s6.",9999999.0,NULL
3CNF2,vampire,"v03m1d2C[[0,0,1]]p[[[],[],[1,0,0,0]]]nm0.5np0.5c150s7.",9999999.0,NULL
3CNF2,vampire,"v03m1d2C[[0,0,1]]p[[[],[],[1,0,0,0]]]nm0.5np0.5c150s8.",9999999.0,NULL
3CNF2,vampire,"v03m1d2C[[0,0,1]]p[[[],[],[1,0,0,0]]]nm0.5np0.5c150s9.",9999999.0,NULL
3CNF2,vampire,"v03m1d2C[[0,0,1]]p[[[],[],[1,0,0,0]]]nm0.5np0.5c165s0.",9999999.0,NULL
3CNF2,vampire,"v03m1d2C[[0,0,1]]p[[[],[],[1,0,0,0]]]nm0.5np0.5c165s1.",9999999.0,NULL
3CNF2,vampire,"v03m1d2C[[0,0,1]]p[[[],[],[1,0,0,0]]]nm0.5np0.5c165s2.",9999999.0,NULL
3CNF2,vampire,"v03m1d2C[[0,0,1]]p[[[],[],[1,0,0,0]]]nm0.5np0.5c165s3.",9999999.0,NULL
3CNF2,vampire,"v03m1d2C[[0,0,1]]p[[[],[],[1,0,0,0]]]nm0.5np0.5c165s4.",9999999.0,NULL
3CNF2,vampire,"v03m1d2C[[0,0,1]]p[[[],[],[1,0,0,0]]]nm0.5np0.5c165s5.",9999999.0,NULL
3CNF2,vampire,"v03m1d2C[[0,0,1]]p[[[],[],[1,0,0,0]]]nm0.5np0.5c165s6.",9999999.0,NULL
3CNF2,vampire,"v03m1d2C[[0,0,1]]p[[[],[],[1,0,0,0]]]nm0.5np0.5c165s7.",9999999.0,NULL
3CNF2,vampire,"v03m1d2C[[0,0,1]]p[[[],[],[1,0,0,0]]]nm0.5np0.5c165s8.",9999999.0,NULL
3CNF2,vampire,"v03m1d2C[[0,0,1]]p[[[],[],[1,0,0,0]]]nm0.5np0.5c165s9.",9999999.0,NULL
3CNF2,vampire,"v03m1d2C[[0,0,1]]p[[[],[],[1,0,0,0]]]nm0.5np0.5c180s0.",9999999.0,NULL
3CNF2,vampire,"v03m1d2C[[0,0,1]]p[[[],[],[1,0,0,0]]]nm0.5np0.5c180s1.",9999999.0,NULL
3CNF2,vampire,"v03m1d2C[[0,0,1]]p[[[],[],[1,0,0,0]]]nm0.5np0.5c180s2.",9999999.0,NULL
3CNF2,vampire,"v03m1d2C[[0,0,1]]p[[[],[],[1,0,0,0]]]nm0.5np0.5c180s3.",9999999.0,NULL
3CNF2,vampire,"v03m1d2C[[0,0,1]]p[[[],[],[1,0,0,0]]]nm0.5np0.5c180s4.",9999999.0,NULL
3CNF2,vampire,"v03m1d2C[[0,0,1]]p[[[],[],[1,0,0,0]]]nm0.5np0.5c180s5.",9999999.0,NULL
3CNF2,vampire,"v03m1d2C[[0,0,1]]p[[[],[],[1,0,0,0]]]nm0.5np0.5c180s6.",9999999.0,NULL
3CNF2,vampire,"v03m1d2C[[0,0,1]]p[[[],[],[1,0,0,0]]]nm0.5np0.5c180s7.",9999999.0,NULL
3CNF2,vampire,"v03m1d2C[[0,0,1]]p[[[],[],[1,0,0,0]]]nm0.5np0.5c180s8.",9999999.0,NULL
3CNF2,vampire,"v03m1d2C[[0,0,1]]p[[[],[],[1,0,0,0]]]nm0.5np0.5c180s9.",9999999.0,NULL
3CNF2,vampire,"v04m1d2C[[0,1,4]]p[[[],[0,3,0],[0,3,3,0]]]nm0.5np0.5c200s0.",9999999.0,NULL
3CNF2,vampire,"v04m1d2C[[0,1,4]]p[[[],[0,3,0],[0,3,3,0]]]nm0.5np0.5c200s1.",9999999.0,NULL
3CNF2,vampire,"v04m1d2C[[0,1,4]]p[[[],[0,3,0],[0,3,3,0]]]nm0.5np0.5c200s2.",19.42, Sat  
3CNF2,vampire,"v04m1d2C[[0,1,4]]p[[[],[0,3,0],[0,3,3,0]]]nm0.5np0.5c200s3.",9999999.0,NULL
3CNF2,vampire,"v04m1d2C[[0,1,4]]p[[[],[0,3,0],[0,3,3,0]]]nm0.5np0.5c200s4.",251.03, Sat  
3CNF2,vampire,"v04m1d2C[[0,1,4]]p[[[],[0,3,0],[0,3,3,0]]]nm0.5np0.5c200s5.",59.11, Sat  
3CNF2,vampire,"v04m1d2C[[0,1,4]]p[[[],[0,3,0],[0,3,3,0]]]nm0.5np0.5c200s6.",99.93, Unsat
3CNF2,vampire,"v04m1d2C[[0,1,4]]p[[[],[0,3,0],[0,3,3,0]]]nm0.5np0.5c200s7.",22.91, Sat  
3CNF2,vampire,"v04m1d2C[[0,1,4]]p[[[],[0,3,0],[0,3,3,0]]]nm0.5np0.5c200s8.",5.15, Sat  
3CNF2,vampire,"v04m1d2C[[0,1,4]]p[[[],[0,3,0],[0,3,3,0]]]nm0.5np0.5c200s9.",9999999.0,NULL
3CNF2,vampire,"v04m1d2C[[0,1,4]]p[[[],[0,3,0],[0,3,3,0]]]nm0.5np0.5c220s0.",9999999.0,NULL
3CNF2,vampire,"v04m1d2C[[0,1,4]]p[[[],[0,3,0],[0,3,3,0]]]nm0.5np0.5c220s1.",471.21, Sat  
3CNF2,vampire,"v04m1d2C[[0,1,4]]p[[[],[0,3,0],[0,3,3,0]]]nm0.5np0.5c220s2.",475.69, Sat  
3CNF2,vampire,"v04m1d2C[[0,1,4]]p[[[],[0,3,0],[0,3,3,0]]]nm0.5np0.5c220s3.",9999999.0,NULL
3CNF2,vampire,"v04m1d2C[[0,1,4]]p[[[],[0,3,0],[0,3,3,0]]]nm0.5np0.5c220s4.",257.42, Sat  
3CNF2,vampire,"v04m1d2C[[0,1,4]]p[[[],[0,3,0],[0,3,3,0]]]nm0.5np0.5c220s5.",9999999.0,NULL
3CNF2,vampire,"v04m1d2C[[0,1,4]]p[[[],[0,3,0],[0,3,3,0]]]nm0.5np0.5c220s6.",9999999.0,NULL
3CNF2,vampire,"v04m1d2C[[0,1,4]]p[[[],[0,3,0],[0,3,3,0]]]nm0.5np0.5c220s7.",92.42, Unsat
3CNF2,vampire,"v04m1d2C[[0,1,4]]p[[[],[0,3,0],[0,3,3,0]]]nm0.5np0.5c220s8.",78.27, Sat  
3CNF2,vampire,"v04m1d2C[[0,1,4]]p[[[],[0,3,0],[0,3,3,0]]]nm0.5np0.5c220s9.",937.14, Sat  
3CNF2,vampire,"v04m1d2C[[0,1,4]]p[[[],[0,3,0],[0,3,3,0]]]nm0.5np0.5c240s0.",39.65, Sat  
3CNF2,vampire,"v04m1d2C[[0,1,4]]p[[[],[0,3,0],[0,3,3,0]]]nm0.5np0.5c240s1.",9999999.0,NULL
3CNF2,vampire,"v04m1d2C[[0,1,4]]p[[[],[0,3,0],[0,3,3,0]]]nm0.5np0.5c240s2.",9999999.0,NULL
3CNF2,vampire,"v04m1d2C[[0,1,4]]p[[[],[0,3,0],[0,3,3,0]]]nm0.5np0.5c240s3.",9999999.0,NULL
3CNF2,vampire,"v04m1d2C[[0,1,4]]p[[[],[0,3,0],[0,3,3,0]]]nm0.5np0.5c240s4.",9999999.0,NULL
3CNF2,vampire,"v04m1d2C[[0,1,4]]p[[[],[0,3,0],[0,3,3,0]]]nm0.5np0.5c240s5.",117.25, Sat  
3CNF2,vampire,"v04m1d2C[[0,1,4]]p[[[],[0,3,0],[0,3,3,0]]]nm0.5np0.5c240s6.",831.97, Unsat
3CNF2,vampire,"v04m1d2C[[0,1,4]]p[[[],[0,3,0],[0,3,3,0]]]nm0.5np0.5c240s7.",9999999.0,NULL
3CNF2,vampire,"v04m1d2C[[0,1,4]]p[[[],[0,3,0],[0,3,3,0]]]nm0.5np0.5c240s8.",9999999.0,NULL
3CNF2,vampire,"v04m1d2C[[0,1,4]]p[[[],[0,3,0],[0,3,3,0]]]nm0.5np0.5c240s9.",9999999.0,NULL
3CNF2,vampire,"v04m1d2C[[0,1,4]]p[[[],[0,3,0],[0,3,3,0]]]nm0.5np0.5c260s0.",19.67, Unsat
3CNF2,vampire,"v04m1d2C[[0,1,4]]p[[[],[0,3,0],[0,3,3,0]]]nm0.5np0.5c260s1.",849.93, Unsat
3CNF2,vampire,"v04m1d2C[[0,1,4]]p[[[],[0,3,0],[0,3,3,0]]]nm0.5np0.5c260s2.",9999999.0,NULL
3CNF2,vampire,"v04m1d2C[[0,1,4]]p[[[],[0,3,0],[0,3,3,0]]]nm0.5np0.5c260s3.",9999999.0,NULL
3CNF2,vampire,"v04m1d2C[[0,1,4]]p[[[],[0,3,0],[0,3,3,0]]]nm0.5np0.5c260s4.",9999999.0,NULL
3CNF2,vampire,"v04m1d2C[[0,1,4]]p[[[],[0,3,0],[0,3,3,0]]]nm0.5np0.5c260s5.",9999999.0,NULL
3CNF2,vampire,"v04m1d2C[[0,1,4]]p[[[],[0,3,0],[0,3,3,0]]]nm0.5np0.5c260s6.",9999999.0,NULL
3CNF2,vampire,"v04m1d2C[[0,1,4]]p[[[],[0,3,0],[0,3,3,0]]]nm0.5np0.5c260s7.",21.46, Unsat
3CNF2,vampire,"v04m1d2C[[0,1,4]]p[[[],[0,3,0],[0,3,3,0]]]nm0.5np0.5c260s8.",17.44, Unsat
3CNF2,vampire,"v04m1d2C[[0,1,4]]p[[[],[0,3,0],[0,3,3,0]]]nm0.5np0.5c260s9.",82.97, Unsat
3CNF2,vampire,"v04m1d2C[[0,1,4]]p[[[],[0,3,0],[0,3,3,0]]]nm0.5np0.5c280s0.",9999999.0,NULL
3CNF2,vampire,"v04m1d2C[[0,1,4]]p[[[],[0,3,0],[0,3,3,0]]]nm0.5np0.5c280s1.",27.92, Unsat
3CNF2,vampire,"v04m1d2C[[0,1,4]]p[[[],[0,3,0],[0,3,3,0]]]nm0.5np0.5c280s2.",116.48, Unsat
3CNF2,vampire,"v04m1d2C[[0,1,4]]p[[[],[0,3,0],[0,3,3,0]]]nm0.5np0.5c280s3.",5.8, Unsat
3CNF2,vampire,"v04m1d2C[[0,1,4]]p[[[],[0,3,0],[0,3,3,0]]]nm0.5np0.5c280s4.",1.68, Unsat
3CNF2,vampire,"v04m1d2C[[0,1,4]]p[[[],[0,3,0],[0,3,3,0]]]nm0.5np0.5c280s5.",372.96, Unsat
3CNF2,vampire,"v04m1d2C[[0,1,4]]p[[[],[0,3,0],[0,3,3,0]]]nm0.5np0.5c280s6.",3.55, Unsat
3CNF2,vampire,"v04m1d2C[[0,1,4]]p[[[],[0,3,0],[0,3,3,0]]]nm0.5np0.5c280s7.",22.13, Unsat
3CNF2,vampire,"v04m1d2C[[0,1,4]]p[[[],[0,3,0],[0,3,3,0]]]nm0.5np0.5c280s8.",0.29, Unsat
3CNF2,vampire,"v04m1d2C[[0,1,4]]p[[[],[0,3,0],[0,3,3,0]]]nm0.5np0.5c280s9.",9999999.0,NULL
3CNF2,vampire,"v04m1d2C[[0,1,4]]p[[[],[0,3,0],[0,3,3,0]]]nm0.5np0.5c300s0.",5.3, Unsat
3CNF2,vampire,"v04m1d2C[[0,1,4]]p[[[],[0,3,0],[0,3,3,0]]]nm0.5np0.5c300s1.",46.57, Unsat
3CNF2,vampire,"v04m1d2C[[0,1,4]]p[[[],[0,3,0],[0,3,3,0]]]nm0.5np0.5c300s2.",320.51, Unsat
3CNF2,vampire,"v04m1d2C[[0,1,4]]p[[[],[0,3,0],[0,3,3,0]]]nm0.5np0.5c300s3.",19.45, Unsat
3CNF2,vampire,"v04m1d2C[[0,1,4]]p[[[],[0,3,0],[0,3,3,0]]]nm0.5np0.5c300s4.",2.26, Unsat
3CNF2,vampire,"v04m1d2C[[0,1,4]]p[[[],[0,3,0],[0,3,3,0]]]nm0.5np0.5c300s5.",505.47, Unsat
3CNF2,vampire,"v04m1d2C[[0,1,4]]p[[[],[0,3,0],[0,3,3,0]]]nm0.5np0.5c300s6.",9999999.0,NULL
3CNF2,vampire,"v04m1d2C[[0,1,4]]p[[[],[0,3,0],[0,3,3,0]]]nm0.5np0.5c300s7.",15.19, Unsat
3CNF2,vampire,"v04m1d2C[[0,1,4]]p[[[],[0,3,0],[0,3,3,0]]]nm0.5np0.5c300s8.",157.46, Unsat
3CNF2,vampire,"v04m1d2C[[0,1,4]]p[[[],[0,3,0],[0,3,3,0]]]nm0.5np0.5c300s9.",9999999.0,NULL
3CNF2,vampire,"v04m1d2C[[0,1,4]]p[[[],[0,3,0],[0,3,3,0]]]nm0.5np0.5c320s0.",1.17, Unsat
3CNF2,vampire,"v04m1d2C[[0,1,4]]p[[[],[0,3,0],[0,3,3,0]]]nm0.5np0.5c320s1.",9999999.0,NULL
3CNF2,vampire,"v04m1d2C[[0,1,4]]p[[[],[0,3,0],[0,3,3,0]]]nm0.5np0.5c320s2.",3.78, Unsat
3CNF2,vampire,"v04m1d2C[[0,1,4]]p[[[],[0,3,0],[0,3,3,0]]]nm0.5np0.5c320s3.",1.76, Unsat
3CNF2,vampire,"v04m1d2C[[0,1,4]]p[[[],[0,3,0],[0,3,3,0]]]nm0.5np0.5c320s4.",21.41, Unsat
3CNF2,vampire,"v04m1d2C[[0,1,4]]p[[[],[0,3,0],[0,3,3,0]]]nm0.5np0.5c320s5.",9999999.0,NULL
3CNF2,vampire,"v04m1d2C[[0,1,4]]p[[[],[0,3,0],[0,3,3,0]]]nm0.5np0.5c320s6.",81.27, Unsat
3CNF2,vampire,"v04m1d2C[[0,1,4]]p[[[],[0,3,0],[0,3,3,0]]]nm0.5np0.5c320s7.",1.56, Unsat
3CNF2,vampire,"v04m1d2C[[0,1,4]]p[[[],[0,3,0],[0,3,3,0]]]nm0.5np0.5c320s8.",248.19, Unsat
3CNF2,vampire,"v04m1d2C[[0,1,4]]p[[[],[0,3,0],[0,3,3,0]]]nm0.5np0.5c320s9.",2.86, Unsat
3CNF2,vampire,"v04m1d2C[[0,2,3]]p[[[],[0,3,0],[0,3,3,0]]]nm0.5np0.5c120s0.",0.19, Sat  
3CNF2,vampire,"v04m1d2C[[0,2,3]]p[[[],[0,3,0],[0,3,3,0]]]nm0.5np0.5c120s1.",0.15, Sat  
3CNF2,vampire,"v04m1d2C[[0,2,3]]p[[[],[0,3,0],[0,3,3,0]]]nm0.5np0.5c120s2.",0.21, Sat  
3CNF2,vampire,"v04m1d2C[[0,2,3]]p[[[],[0,3,0],[0,3,3,0]]]nm0.5np0.5c120s3.",0.03, Sat  
3CNF2,vampire,"v04m1d2C[[0,2,3]]p[[[],[0,3,0],[0,3,3,0]]]nm0.5np0.5c120s4.",0.66, Sat  
3CNF2,vampire,"v04m1d2C[[0,2,3]]p[[[],[0,3,0],[0,3,3,0]]]nm0.5np0.5c120s5.",1.15, Sat  
3CNF2,vampire,"v04m1d2C[[0,2,3]]p[[[],[0,3,0],[0,3,3,0]]]nm0.5np0.5c120s6.",4.78, Sat  
3CNF2,vampire,"v04m1d2C[[0,2,3]]p[[[],[0,3,0],[0,3,3,0]]]nm0.5np0.5c120s7.",0.97, Unsat
3CNF2,vampire,"v04m1d2C[[0,2,3]]p[[[],[0,3,0],[0,3,3,0]]]nm0.5np0.5c120s8.",0.31, Sat  
3CNF2,vampire,"v04m1d2C[[0,2,3]]p[[[],[0,3,0],[0,3,3,0]]]nm0.5np0.5c120s9.",0.43, Sat  
3CNF2,vampire,"v04m1d2C[[0,2,3]]p[[[],[0,3,0],[0,3,3,0]]]nm0.5np0.5c140s0.",0.31, Unsat
3CNF2,vampire,"v04m1d2C[[0,2,3]]p[[[],[0,3,0],[0,3,3,0]]]nm0.5np0.5c140s1.",0.26, Unsat
3CNF2,vampire,"v04m1d2C[[0,2,3]]p[[[],[0,3,0],[0,3,3,0]]]nm0.5np0.5c140s2.",4.09, Sat  
3CNF2,vampire,"v04m1d2C[[0,2,3]]p[[[],[0,3,0],[0,3,3,0]]]nm0.5np0.5c140s3.",0.29, Sat  
3CNF2,vampire,"v04m1d2C[[0,2,3]]p[[[],[0,3,0],[0,3,3,0]]]nm0.5np0.5c140s4.",3.74, Sat  
3CNF2,vampire,"v04m1d2C[[0,2,3]]p[[[],[0,3,0],[0,3,3,0]]]nm0.5np0.5c140s5.",7.67, Sat  
3CNF2,vampire,"v04m1d2C[[0,2,3]]p[[[],[0,3,0],[0,3,3,0]]]nm0.5np0.5c140s6.",0.83, Sat  
3CNF2,vampire,"v04m1d2C[[0,2,3]]p[[[],[0,3,0],[0,3,3,0]]]nm0.5np0.5c140s7.",4.94, Sat  
3CNF2,vampire,"v04m1d2C[[0,2,3]]p[[[],[0,3,0],[0,3,3,0]]]nm0.5np0.5c140s8.",2.03, Sat  
3CNF2,vampire,"v04m1d2C[[0,2,3]]p[[[],[0,3,0],[0,3,3,0]]]nm0.5np0.5c140s9.",0.17, Unsat
3CNF2,vampire,"v04m1d2C[[0,2,3]]p[[[],[0,3,0],[0,3,3,0]]]nm0.5np0.5c160s0.",0.84, Unsat
3CNF2,vampire,"v04m1d2C[[0,2,3]]p[[[],[0,3,0],[0,3,3,0]]]nm0.5np0.5c160s1.",11.34, Sat  
3CNF2,vampire,"v04m1d2C[[0,2,3]]p[[[],[0,3,0],[0,3,3,0]]]nm0.5np0.5c160s2.",11.3, Sat  
3CNF2,vampire,"v04m1d2C[[0,2,3]]p[[[],[0,3,0],[0,3,3,0]]]nm0.5np0.5c160s3.",1.35, Sat  
3CNF2,vampire,"v04m1d2C[[0,2,3]]p[[[],[0,3,0],[0,3,3,0]]]nm0.5np0.5c160s4.",0.87, Unsat
3CNF2,vampire,"v04m1d2C[[0,2,3]]p[[[],[0,3,0],[0,3,3,0]]]nm0.5np0.5c160s5.",5.43, Unsat
3CNF2,vampire,"v04m1d2C[[0,2,3]]p[[[],[0,3,0],[0,3,3,0]]]nm0.5np0.5c160s6.",1.18, Sat  
3CNF2,vampire,"v04m1d2C[[0,2,3]]p[[[],[0,3,0],[0,3,3,0]]]nm0.5np0.5c160s7.",0.11, Unsat
3CNF2,vampire,"v04m1d2C[[0,2,3]]p[[[],[0,3,0],[0,3,3,0]]]nm0.5np0.5c160s8.",2.32, Sat  
3CNF2,vampire,"v04m1d2C[[0,2,3]]p[[[],[0,3,0],[0,3,3,0]]]nm0.5np0.5c160s9.",0.07, Unsat
3CNF2,vampire,"v04m1d2C[[0,2,3]]p[[[],[0,3,0],[0,3,3,0]]]nm0.5np0.5c180s0.",0.4, Unsat
3CNF2,vampire,"v04m1d2C[[0,2,3]]p[[[],[0,3,0],[0,3,3,0]]]nm0.5np0.5c180s1.",0.2, Unsat
3CNF2,vampire,"v04m1d2C[[0,2,3]]p[[[],[0,3,0],[0,3,3,0]]]nm0.5np0.5c180s2.",0.12, Unsat
3CNF2,vampire,"v04m1d2C[[0,2,3]]p[[[],[0,3,0],[0,3,3,0]]]nm0.5np0.5c180s3.",0.25, Unsat
3CNF2,vampire,"v04m1d2C[[0,2,3]]p[[[],[0,3,0],[0,3,3,0]]]nm0.5np0.5c180s4.",4.45, Sat  
3CNF2,vampire,"v04m1d2C[[0,2,3]]p[[[],[0,3,0],[0,3,3,0]]]nm0.5np0.5c180s5.",0.18, Unsat
3CNF2,vampire,"v04m1d2C[[0,2,3]]p[[[],[0,3,0],[0,3,3,0]]]nm0.5np0.5c180s6.",11.03, Unsat
3CNF2,vampire,"v04m1d2C[[0,2,3]]p[[[],[0,3,0],[0,3,3,0]]]nm0.5np0.5c180s7.",0.27, Unsat
3CNF2,vampire,"v04m1d2C[[0,2,3]]p[[[],[0,3,0],[0,3,3,0]]]nm0.5np0.5c180s8.",0.34, Unsat
3CNF2,vampire,"v04m1d2C[[0,2,3]]p[[[],[0,3,0],[0,3,3,0]]]nm0.5np0.5c180s9.",1.23, Unsat
3CNF2,vampire,"v04m1d2C[[0,2,3]]p[[[],[0,3,0],[0,3,3,0]]]nm0.5np0.5c200s0.",0.3, Unsat
3CNF2,vampire,"v04m1d2C[[0,2,3]]p[[[],[0,3,0],[0,3,3,0]]]nm0.5np0.5c200s1.",0.11, Unsat
3CNF2,vampire,"v04m1d2C[[0,2,3]]p[[[],[0,3,0],[0,3,3,0]]]nm0.5np0.5c200s2.",0.63, Unsat
3CNF2,vampire,"v04m1d2C[[0,2,3]]p[[[],[0,3,0],[0,3,3,0]]]nm0.5np0.5c200s3.",0.51, Unsat
3CNF2,vampire,"v04m1d2C[[0,2,3]]p[[[],[0,3,0],[0,3,3,0]]]nm0.5np0.5c200s4.",0.25, Unsat
3CNF2,vampire,"v04m1d2C[[0,2,3]]p[[[],[0,3,0],[0,3,3,0]]]nm0.5np0.5c200s5.",0.06, Unsat
3CNF2,vampire,"v04m1d2C[[0,2,3]]p[[[],[0,3,0],[0,3,3,0]]]nm0.5np0.5c200s6.",2.28, Unsat
3CNF2,vampire,"v04m1d2C[[0,2,3]]p[[[],[0,3,0],[0,3,3,0]]]nm0.5np0.5c200s7.",0.34, Unsat
3CNF2,vampire,"v04m1d2C[[0,2,3]]p[[[],[0,3,0],[0,3,3,0]]]nm0.5np0.5c200s8.",0.25, Unsat
3CNF2,vampire,"v04m1d2C[[0,2,3]]p[[[],[0,3,0],[0,3,3,0]]]nm0.5np0.5c200s9.",0.12, Unsat
3CNF2,vampire,"v04m1d2C[[0,3,2]]p[[[],[0,3,0],[0,3,3,0]]]nm0.5np0.5c080s0.",0.03, Sat  
3CNF2,vampire,"v04m1d2C[[0,3,2]]p[[[],[0,3,0],[0,3,3,0]]]nm0.5np0.5c080s1.",0.03, Sat  
3CNF2,vampire,"v04m1d2C[[0,3,2]]p[[[],[0,3,0],[0,3,3,0]]]nm0.5np0.5c080s2.",0.03, Sat  
3CNF2,vampire,"v04m1d2C[[0,3,2]]p[[[],[0,3,0],[0,3,3,0]]]nm0.5np0.5c080s3.",0.05, Sat  
3CNF2,vampire,"v04m1d2C[[0,3,2]]p[[[],[0,3,0],[0,3,3,0]]]nm0.5np0.5c080s4.",0.03, Sat  
3CNF2,vampire,"v04m1d2C[[0,3,2]]p[[[],[0,3,0],[0,3,3,0]]]nm0.5np0.5c080s5.",0.05, Sat  
3CNF2,vampire,"v04m1d2C[[0,3,2]]p[[[],[0,3,0],[0,3,3,0]]]nm0.5np0.5c080s6.",0.04, Sat  
3CNF2,vampire,"v04m1d2C[[0,3,2]]p[[[],[0,3,0],[0,3,3,0]]]nm0.5np0.5c080s7.",0.03, Sat  
3CNF2,vampire,"v04m1d2C[[0,3,2]]p[[[],[0,3,0],[0,3,3,0]]]nm0.5np0.5c080s8.",0.04, Sat  
3CNF2,vampire,"v04m1d2C[[0,3,2]]p[[[],[0,3,0],[0,3,3,0]]]nm0.5np0.5c080s9.",0.03, Unsat
3CNF2,vampire,"v04m1d2C[[0,3,2]]p[[[],[0,3,0],[0,3,3,0]]]nm0.5np0.5c100s0.",0.07, Sat  
3CNF2,vampire,"v04m1d2C[[0,3,2]]p[[[],[0,3,0],[0,3,3,0]]]nm0.5np0.5c100s1.",0.06, Sat  
3CNF2,vampire,"v04m1d2C[[0,3,2]]p[[[],[0,3,0],[0,3,3,0]]]nm0.5np0.5c100s2.",0.23, Unsat
3CNF2,vampire,"v04m1d2C[[0,3,2]]p[[[],[0,3,0],[0,3,3,0]]]nm0.5np0.5c100s3.",0.11, Unsat
3CNF2,vampire,"v04m1d2C[[0,3,2]]p[[[],[0,3,0],[0,3,3,0]]]nm0.5np0.5c100s4.",0.04, Unsat
3CNF2,vampire,"v04m1d2C[[0,3,2]]p[[[],[0,3,0],[0,3,3,0]]]nm0.5np0.5c100s5.",0.18, Sat  
3CNF2,vampire,"v04m1d2C[[0,3,2]]p[[[],[0,3,0],[0,3,3,0]]]nm0.5np0.5c100s6.",0.22, Sat  
3CNF2,vampire,"v04m1d2C[[0,3,2]]p[[[],[0,3,0],[0,3,3,0]]]nm0.5np0.5c100s7.",0.05, Unsat
3CNF2,vampire,"v04m1d2C[[0,3,2]]p[[[],[0,3,0],[0,3,3,0]]]nm0.5np0.5c100s8.",0.03, Sat  
3CNF2,vampire,"v04m1d2C[[0,3,2]]p[[[],[0,3,0],[0,3,3,0]]]nm0.5np0.5c100s9.",0.02, Sat  
3CNF2,vampire,"v04m1d2C[[0,3,2]]p[[[],[0,3,0],[0,3,3,0]]]nm0.5np0.5c120s0.",0.59, Unsat
3CNF2,vampire,"v04m1d2C[[0,3,2]]p[[[],[0,3,0],[0,3,3,0]]]nm0.5np0.5c120s1.",0.07, Unsat
3CNF2,vampire,"v04m1d2C[[0,3,2]]p[[[],[0,3,0],[0,3,3,0]]]nm0.5np0.5c120s2.",0.09, Unsat
3CNF2,vampire,"v04m1d2C[[0,3,2]]p[[[],[0,3,0],[0,3,3,0]]]nm0.5np0.5c120s3.",0.11, Sat  
3CNF2,vampire,"v04m1d2C[[0,3,2]]p[[[],[0,3,0],[0,3,3,0]]]nm0.5np0.5c120s4.",0.05, Unsat
3CNF2,vampire,"v04m1d2C[[0,3,2]]p[[[],[0,3,0],[0,3,3,0]]]nm0.5np0.5c120s5.",0.09, Sat  
3CNF2,vampire,"v04m1d2C[[0,3,2]]p[[[],[0,3,0],[0,3,3,0]]]nm0.5np0.5c120s6.",0.04, Unsat
3CNF2,vampire,"v04m1d2C[[0,3,2]]p[[[],[0,3,0],[0,3,3,0]]]nm0.5np0.5c120s7.",0.51, Unsat
3CNF2,vampire,"v04m1d2C[[0,3,2]]p[[[],[0,3,0],[0,3,3,0]]]nm0.5np0.5c120s8.",0.06, Unsat
3CNF2,vampire,"v04m1d2C[[0,3,2]]p[[[],[0,3,0],[0,3,3,0]]]nm0.5np0.5c120s9.",0.16, Sat  
3CNF2,vampire,"v04m1d2C[[0,3,2]]p[[[],[0,3,0],[0,3,3,0]]]nm0.5np0.5c140s0.",0.1, Unsat
3CNF2,vampire,"v04m1d2C[[0,3,2]]p[[[],[0,3,0],[0,3,3,0]]]nm0.5np0.5c140s1.",0.03, Unsat
3CNF2,vampire,"v04m1d2C[[0,3,2]]p[[[],[0,3,0],[0,3,3,0]]]nm0.5np0.5c140s2.",0.06, Unsat
3CNF2,vampire,"v04m1d2C[[0,3,2]]p[[[],[0,3,0],[0,3,3,0]]]nm0.5np0.5c140s3.",0.08, Unsat
3CNF2,vampire,"v04m1d2C[[0,3,2]]p[[[],[0,3,0],[0,3,3,0]]]nm0.5np0.5c140s4.",0.03, Unsat
3CNF2,vampire,"v04m1d2C[[0,3,2]]p[[[],[0,3,0],[0,3,3,0]]]nm0.5np0.5c140s5.",0.11, Unsat
3CNF2,vampire,"v04m1d2C[[0,3,2]]p[[[],[0,3,0],[0,3,3,0]]]nm0.5np0.5c140s6.",0.1, Sat  
3CNF2,vampire,"v04m1d2C[[0,3,2]]p[[[],[0,3,0],[0,3,3,0]]]nm0.5np0.5c140s7.",0.45, Unsat
3CNF2,vampire,"v04m1d2C[[0,3,2]]p[[[],[0,3,0],[0,3,3,0]]]nm0.5np0.5c140s8.",0.05, Unsat
3CNF2,vampire,"v04m1d2C[[0,3,2]]p[[[],[0,3,0],[0,3,3,0]]]nm0.5np0.5c140s9.",0.14, Unsat
3CNF2,vampire,"v04m1d2C[[0,3,2]]p[[[],[0,3,0],[0,3,3,0]]]nm0.5np0.5c160s0.",0.5, Unsat
3CNF2,vampire,"v04m1d2C[[0,3,2]]p[[[],[0,3,0],[0,3,3,0]]]nm0.5np0.5c160s1.",0.09, Unsat
3CNF2,vampire,"v04m1d2C[[0,3,2]]p[[[],[0,3,0],[0,3,3,0]]]nm0.5np0.5c160s2.",0.47, Unsat
3CNF2,vampire,"v04m1d2C[[0,3,2]]p[[[],[0,3,0],[0,3,3,0]]]nm0.5np0.5c160s3.",0.09, Unsat
3CNF2,vampire,"v04m1d2C[[0,3,2]]p[[[],[0,3,0],[0,3,3,0]]]nm0.5np0.5c160s4.",0.31, Unsat
3CNF2,vampire,"v04m1d2C[[0,3,2]]p[[[],[0,3,0],[0,3,3,0]]]nm0.5np0.5c160s5.",0.04, Unsat
3CNF2,vampire,"v04m1d2C[[0,3,2]]p[[[],[0,3,0],[0,3,3,0]]]nm0.5np0.5c160s6.",0.09, Unsat
3CNF2,vampire,"v04m1d2C[[0,3,2]]p[[[],[0,3,0],[0,3,3,0]]]nm0.5np0.5c160s7.",0.05, Unsat
3CNF2,vampire,"v04m1d2C[[0,3,2]]p[[[],[0,3,0],[0,3,3,0]]]nm0.5np0.5c160s8.",0.05, Unsat
3CNF2,vampire,"v04m1d2C[[0,3,2]]p[[[],[0,3,0],[0,3,3,0]]]nm0.5np0.5c160s9.",0.07, Unsat
3CNF2,vampire,"v04m1d2C[[0,4,1]]p[[[],[0,3,0],[0,3,3,0]]]nm0.5np0.5c060s0.",0.02, Sat  
3CNF2,vampire,"v04m1d2C[[0,4,1]]p[[[],[0,3,0],[0,3,3,0]]]nm0.5np0.5c060s1.",0.02, Sat  
3CNF2,vampire,"v04m1d2C[[0,4,1]]p[[[],[0,3,0],[0,3,3,0]]]nm0.5np0.5c060s2.",0.03, Sat  
3CNF2,vampire,"v04m1d2C[[0,4,1]]p[[[],[0,3,0],[0,3,3,0]]]nm0.5np0.5c060s3.",0.03, Sat  
3CNF2,vampire,"v04m1d2C[[0,4,1]]p[[[],[0,3,0],[0,3,3,0]]]nm0.5np0.5c060s4.",0.02, Sat  
3CNF2,vampire,"v04m1d2C[[0,4,1]]p[[[],[0,3,0],[0,3,3,0]]]nm0.5np0.5c060s5.",0.03, Sat  
3CNF2,vampire,"v04m1d2C[[0,4,1]]p[[[],[0,3,0],[0,3,3,0]]]nm0.5np0.5c060s6.",0.03, Sat  
3CNF2,vampire,"v04m1d2C[[0,4,1]]p[[[],[0,3,0],[0,3,3,0]]]nm0.5np0.5c060s7.",0.02, Sat  
3CNF2,vampire,"v04m1d2C[[0,4,1]]p[[[],[0,3,0],[0,3,3,0]]]nm0.5np0.5c060s8.",0.03, Sat  
3CNF2,vampire,"v04m1d2C[[0,4,1]]p[[[],[0,3,0],[0,3,3,0]]]nm0.5np0.5c060s9.",0.02, Sat  
3CNF2,vampire,"v04m1d2C[[0,4,1]]p[[[],[0,3,0],[0,3,3,0]]]nm0.5np0.5c080s0.",0.04, Unsat
3CNF2,vampire,"v04m1d2C[[0,4,1]]p[[[],[0,3,0],[0,3,3,0]]]nm0.5np0.5c080s1.",0.03, Unsat
3CNF2,vampire,"v04m1d2C[[0,4,1]]p[[[],[0,3,0],[0,3,3,0]]]nm0.5np0.5c080s2.",0.04, Sat  
3CNF2,vampire,"v04m1d2C[[0,4,1]]p[[[],[0,3,0],[0,3,3,0]]]nm0.5np0.5c080s3.",0.04, Sat  
3CNF2,vampire,"v04m1d2C[[0,4,1]]p[[[],[0,3,0],[0,3,3,0]]]nm0.5np0.5c080s4.",0.03, Unsat
3CNF2,vampire,"v04m1d2C[[0,4,1]]p[[[],[0,3,0],[0,3,3,0]]]nm0.5np0.5c080s5.",0.02, Sat  
3CNF2,vampire,"v04m1d2C[[0,4,1]]p[[[],[0,3,0],[0,3,3,0]]]nm0.5np0.5c080s6.",0.03, Unsat
3CNF2,vampire,"v04m1d2C[[0,4,1]]p[[[],[0,3,0],[0,3,3,0]]]nm0.5np0.5c080s7.",0.03, Sat  
3CNF2,vampire,"v04m1d2C[[0,4,1]]p[[[],[0,3,0],[0,3,3,0]]]nm0.5np0.5c080s8.",0.02, Sat  
3CNF2,vampire,"v04m1d2C[[0,4,1]]p[[[],[0,3,0],[0,3,3,0]]]nm0.5np0.5c080s9.",0.03, Unsat
3CNF2,vampire,"v04m1d2C[[0,4,1]]p[[[],[0,3,0],[0,3,3,0]]]nm0.5np0.5c100s0.",0.16, Sat  
3CNF2,vampire,"v04m1d2C[[0,4,1]]p[[[],[0,3,0],[0,3,3,0]]]nm0.5np0.5c100s1.",0.05, Unsat
3CNF2,vampire,"v04m1d2C[[0,4,1]]p[[[],[0,3,0],[0,3,3,0]]]nm0.5np0.5c100s2.",0.05, Unsat
3CNF2,vampire,"v04m1d2C[[0,4,1]]p[[[],[0,3,0],[0,3,3,0]]]nm0.5np0.5c100s3.",0.04, Unsat
3CNF2,vampire,"v04m1d2C[[0,4,1]]p[[[],[0,3,0],[0,3,3,0]]]nm0.5np0.5c100s4.",0.03, Unsat
3CNF2,vampire,"v04m1d2C[[0,4,1]]p[[[],[0,3,0],[0,3,3,0]]]nm0.5np0.5c100s5.",0.03, Unsat
3CNF2,vampire,"v04m1d2C[[0,4,1]]p[[[],[0,3,0],[0,3,3,0]]]nm0.5np0.5c100s6.",0.04, Unsat
3CNF2,vampire,"v04m1d2C[[0,4,1]]p[[[],[0,3,0],[0,3,3,0]]]nm0.5np0.5c100s7.",0.07, Sat  
3CNF2,vampire,"v04m1d2C[[0,4,1]]p[[[],[0,3,0],[0,3,3,0]]]nm0.5np0.5c100s8.",0.03, Unsat
3CNF2,vampire,"v04m1d2C[[0,4,1]]p[[[],[0,3,0],[0,3,3,0]]]nm0.5np0.5c100s9.",0.03, Unsat
3CNF2,vampire,"v04m1d2C[[0,4,1]]p[[[],[0,3,0],[0,3,3,0]]]nm0.5np0.5c120s0.",0.04, Unsat
3CNF2,vampire,"v04m1d2C[[0,4,1]]p[[[],[0,3,0],[0,3,3,0]]]nm0.5np0.5c120s1.",0.21, Unsat
3CNF2,vampire,"v04m1d2C[[0,4,1]]p[[[],[0,3,0],[0,3,3,0]]]nm0.5np0.5c120s2.",0.05, Unsat
3CNF2,vampire,"v04m1d2C[[0,4,1]]p[[[],[0,3,0],[0,3,3,0]]]nm0.5np0.5c120s3.",0.05, Unsat
3CNF2,vampire,"v04m1d2C[[0,4,1]]p[[[],[0,3,0],[0,3,3,0]]]nm0.5np0.5c120s4.",0.03, Unsat
3CNF2,vampire,"v04m1d2C[[0,4,1]]p[[[],[0,3,0],[0,3,3,0]]]nm0.5np0.5c120s5.",0.09, Unsat
3CNF2,vampire,"v04m1d2C[[0,4,1]]p[[[],[0,3,0],[0,3,3,0]]]nm0.5np0.5c120s6.",0.05, Unsat
3CNF2,vampire,"v04m1d2C[[0,4,1]]p[[[],[0,3,0],[0,3,3,0]]]nm0.5np0.5c120s7.",0.04, Unsat
3CNF2,vampire,"v04m1d2C[[0,4,1]]p[[[],[0,3,0],[0,3,3,0]]]nm0.5np0.5c120s8.",0.04, Unsat
3CNF2,vampire,"v04m1d2C[[0,4,1]]p[[[],[0,3,0],[0,3,3,0]]]nm0.5np0.5c120s9.",0.05, Unsat
3CNF2,vampire,"v05m1d2C[[0,0,1]]p[[[],[],[0,1,4,0]]]nm0.5np0.5c500s0.",9999999.0,NULL
3CNF2,vampire,"v05m1d2C[[0,0,1]]p[[[],[],[0,1,4,0]]]nm0.5np0.5c500s1.",9999999.0,NULL
3CNF2,vampire,"v05m1d2C[[0,0,1]]p[[[],[],[0,1,4,0]]]nm0.5np0.5c500s2.",9999999.0,NULL
3CNF2,vampire,"v05m1d2C[[0,0,1]]p[[[],[],[0,1,4,0]]]nm0.5np0.5c500s3.",9999999.0,NULL
3CNF2,vampire,"v05m1d2C[[0,0,1]]p[[[],[],[0,1,4,0]]]nm0.5np0.5c500s4.",9999999.0,NULL
3CNF2,vampire,"v05m1d2C[[0,0,1]]p[[[],[],[0,1,4,0]]]nm0.5np0.5c500s5.",9999999.0,NULL
3CNF2,vampire,"v05m1d2C[[0,0,1]]p[[[],[],[0,1,4,0]]]nm0.5np0.5c500s6.",9999999.0,NULL
3CNF2,vampire,"v05m1d2C[[0,0,1]]p[[[],[],[0,1,4,0]]]nm0.5np0.5c500s7.",9999999.0,NULL
3CNF2,vampire,"v05m1d2C[[0,0,1]]p[[[],[],[0,1,4,0]]]nm0.5np0.5c500s8.",9999999.0,NULL
3CNF2,vampire,"v05m1d2C[[0,0,1]]p[[[],[],[0,1,4,0]]]nm0.5np0.5c500s9.",9999999.0,NULL
3CNF2,vampire,"v05m1d2C[[0,0,1]]p[[[],[],[0,1,4,0]]]nm0.5np0.5c520s0.",9999999.0,NULL
3CNF2,vampire,"v05m1d2C[[0,0,1]]p[[[],[],[0,1,4,0]]]nm0.5np0.5c520s1.",9999999.0,NULL
3CNF2,vampire,"v05m1d2C[[0,0,1]]p[[[],[],[0,1,4,0]]]nm0.5np0.5c520s2.",9999999.0,NULL
3CNF2,vampire,"v05m1d2C[[0,0,1]]p[[[],[],[0,1,4,0]]]nm0.5np0.5c520s3.",9999999.0,NULL
3CNF2,vampire,"v05m1d2C[[0,0,1]]p[[[],[],[0,1,4,0]]]nm0.5np0.5c520s4.",9999999.0,NULL
3CNF2,vampire,"v05m1d2C[[0,0,1]]p[[[],[],[0,1,4,0]]]nm0.5np0.5c520s5.",9999999.0,NULL
3CNF2,vampire,"v05m1d2C[[0,0,1]]p[[[],[],[0,1,4,0]]]nm0.5np0.5c520s6.",9999999.0,NULL
3CNF2,vampire,"v05m1d2C[[0,0,1]]p[[[],[],[0,1,4,0]]]nm0.5np0.5c520s7.",9999999.0,NULL
3CNF2,vampire,"v05m1d2C[[0,0,1]]p[[[],[],[0,1,4,0]]]nm0.5np0.5c520s8.",9999999.0,NULL
3CNF2,vampire,"v05m1d2C[[0,0,1]]p[[[],[],[0,1,4,0]]]nm0.5np0.5c520s9.",9999999.0,NULL
3CNF2,vampire,"v05m1d2C[[0,0,1]]p[[[],[],[0,1,4,0]]]nm0.5np0.5c540s0.",9999999.0,NULL
3CNF2,vampire,"v05m1d2C[[0,0,1]]p[[[],[],[0,1,4,0]]]nm0.5np0.5c540s1.",9999999.0,NULL
3CNF2,vampire,"v05m1d2C[[0,0,1]]p[[[],[],[0,1,4,0]]]nm0.5np0.5c540s2.",9999999.0,NULL
3CNF2,vampire,"v05m1d2C[[0,0,1]]p[[[],[],[0,1,4,0]]]nm0.5np0.5c540s3.",9999999.0,NULL
3CNF2,vampire,"v05m1d2C[[0,0,1]]p[[[],[],[0,1,4,0]]]nm0.5np0.5c540s4.",9999999.0,NULL
3CNF2,vampire,"v05m1d2C[[0,0,1]]p[[[],[],[0,1,4,0]]]nm0.5np0.5c540s5.",9999999.0,NULL
3CNF2,vampire,"v05m1d2C[[0,0,1]]p[[[],[],[0,1,4,0]]]nm0.5np0.5c540s6.",9999999.0,NULL
3CNF2,vampire,"v05m1d2C[[0,0,1]]p[[[],[],[0,1,4,0]]]nm0.5np0.5c540s7.",9999999.0,NULL
3CNF2,vampire,"v05m1d2C[[0,0,1]]p[[[],[],[0,1,4,0]]]nm0.5np0.5c540s8.",9999999.0,NULL
3CNF2,vampire,"v05m1d2C[[0,0,1]]p[[[],[],[0,1,4,0]]]nm0.5np0.5c540s9.",9999999.0,NULL
3CNF2,vampire,"v05m1d2C[[0,0,1]]p[[[],[],[0,1,4,0]]]nm0.5np0.5c560s0.",9999999.0,NULL
3CNF2,vampire,"v05m1d2C[[0,0,1]]p[[[],[],[0,1,4,0]]]nm0.5np0.5c560s1.",9999999.0,NULL
3CNF2,vampire,"v05m1d2C[[0,0,1]]p[[[],[],[0,1,4,0]]]nm0.5np0.5c560s2.",9999999.0,NULL
3CNF2,vampire,"v05m1d2C[[0,0,1]]p[[[],[],[0,1,4,0]]]nm0.5np0.5c560s3.",9999999.0,NULL
3CNF2,vampire,"v05m1d2C[[0,0,1]]p[[[],[],[0,1,4,0]]]nm0.5np0.5c560s4.",9999999.0,NULL
3CNF2,vampire,"v05m1d2C[[0,0,1]]p[[[],[],[0,1,4,0]]]nm0.5np0.5c560s5.",9999999.0,NULL
3CNF2,vampire,"v05m1d2C[[0,0,1]]p[[[],[],[0,1,4,0]]]nm0.5np0.5c560s6.",9999999.0,NULL
3CNF2,vampire,"v05m1d2C[[0,0,1]]p[[[],[],[0,1,4,0]]]nm0.5np0.5c560s7.",9999999.0,NULL
3CNF2,vampire,"v05m1d2C[[0,0,1]]p[[[],[],[0,1,4,0]]]nm0.5np0.5c560s8.",9999999.0,NULL
3CNF2,vampire,"v05m1d2C[[0,0,1]]p[[[],[],[0,1,4,0]]]nm0.5np0.5c560s9.",9999999.0,NULL
3CNF2,vampire,"v05m1d2C[[0,0,1]]p[[[],[],[0,1,4,0]]]nm0.5np0.5c580s0.",9999999.0,NULL
3CNF2,vampire,"v05m1d2C[[0,0,1]]p[[[],[],[0,1,4,0]]]nm0.5np0.5c580s1.",9999999.0,NULL
3CNF2,vampire,"v05m1d2C[[0,0,1]]p[[[],[],[0,1,4,0]]]nm0.5np0.5c580s2.",9999999.0,NULL
3CNF2,vampire,"v05m1d2C[[0,0,1]]p[[[],[],[0,1,4,0]]]nm0.5np0.5c580s3.",9999999.0,NULL
3CNF2,vampire,"v05m1d2C[[0,0,1]]p[[[],[],[0,1,4,0]]]nm0.5np0.5c580s4.",9999999.0,NULL
3CNF2,vampire,"v05m1d2C[[0,0,1]]p[[[],[],[0,1,4,0]]]nm0.5np0.5c580s5.",9999999.0,NULL
3CNF2,vampire,"v05m1d2C[[0,0,1]]p[[[],[],[0,1,4,0]]]nm0.5np0.5c580s6.",9999999.0,NULL
3CNF2,vampire,"v05m1d2C[[0,0,1]]p[[[],[],[0,1,4,0]]]nm0.5np0.5c580s7.",9999999.0,NULL
3CNF2,vampire,"v05m1d2C[[0,0,1]]p[[[],[],[0,1,4,0]]]nm0.5np0.5c580s8.",9999999.0,NULL
3CNF2,vampire,"v05m1d2C[[0,0,1]]p[[[],[],[0,1,4,0]]]nm0.5np0.5c580s9.",9999999.0,NULL
3CNF2,vampire,"v05m1d2C[[0,0,1]]p[[[],[],[0,1,4,0]]]nm0.5np0.5c600s0.",9999999.0,NULL
3CNF2,vampire,"v05m1d2C[[0,0,1]]p[[[],[],[0,1,4,0]]]nm0.5np0.5c600s1.",9999999.0,NULL
3CNF2,vampire,"v05m1d2C[[0,0,1]]p[[[],[],[0,1,4,0]]]nm0.5np0.5c600s2.",9999999.0,NULL
3CNF2,vampire,"v05m1d2C[[0,0,1]]p[[[],[],[0,1,4,0]]]nm0.5np0.5c600s3.",9999999.0,NULL
3CNF2,vampire,"v05m1d2C[[0,0,1]]p[[[],[],[0,1,4,0]]]nm0.5np0.5c600s4.",9999999.0,NULL
3CNF2,vampire,"v05m1d2C[[0,0,1]]p[[[],[],[0,1,4,0]]]nm0.5np0.5c600s5.",9999999.0,NULL
3CNF2,vampire,"v05m1d2C[[0,0,1]]p[[[],[],[0,1,4,0]]]nm0.5np0.5c600s6.",9999999.0,NULL
3CNF2,vampire,"v05m1d2C[[0,0,1]]p[[[],[],[0,1,4,0]]]nm0.5np0.5c600s7.",9999999.0,NULL
3CNF2,vampire,"v05m1d2C[[0,0,1]]p[[[],[],[0,1,4,0]]]nm0.5np0.5c600s8.",9999999.0,NULL
3CNF2,vampire,"v05m1d2C[[0,0,1]]p[[[],[],[0,1,4,0]]]nm0.5np0.5c600s9.",9999999.0,NULL
3CNF2,vampire,"v05m1d2C[[0,0,1]]p[[[],[],[0,1,4,0]]]nm0.5np0.5c620s0.",9999999.0,NULL
3CNF2,vampire,"v05m1d2C[[0,0,1]]p[[[],[],[0,1,4,0]]]nm0.5np0.5c620s1.",9999999.0,NULL
3CNF2,vampire,"v05m1d2C[[0,0,1]]p[[[],[],[0,1,4,0]]]nm0.5np0.5c620s2.",9999999.0,NULL
3CNF2,vampire,"v05m1d2C[[0,0,1]]p[[[],[],[0,1,4,0]]]nm0.5np0.5c620s3.",9999999.0,NULL
3CNF2,vampire,"v05m1d2C[[0,0,1]]p[[[],[],[0,1,4,0]]]nm0.5np0.5c620s4.",9999999.0,NULL
3CNF2,vampire,"v05m1d2C[[0,0,1]]p[[[],[],[0,1,4,0]]]nm0.5np0.5c620s5.",9999999.0,NULL
3CNF2,vampire,"v05m1d2C[[0,0,1]]p[[[],[],[0,1,4,0]]]nm0.5np0.5c620s6.",9999999.0,NULL
3CNF2,vampire,"v05m1d2C[[0,0,1]]p[[[],[],[0,1,4,0]]]nm0.5np0.5c620s7.",9999999.0,NULL
3CNF2,vampire,"v05m1d2C[[0,0,1]]p[[[],[],[0,1,4,0]]]nm0.5np0.5c620s8.",9999999.0,NULL
3CNF2,vampire,"v05m1d2C[[0,0,1]]p[[[],[],[0,1,4,0]]]nm0.5np0.5c620s9.",9999999.0,NULL
3CNF2,vampire,"v05m1d2C[[0,0,1]]p[[[],[],[0,1,4,0]]]nm0.5np0.5c640s0.",9999999.0,NULL
3CNF2,vampire,"v05m1d2C[[0,0,1]]p[[[],[],[0,1,4,0]]]nm0.5np0.5c640s1.",9999999.0,NULL
3CNF2,vampire,"v05m1d2C[[0,0,1]]p[[[],[],[0,1,4,0]]]nm0.5np0.5c640s2.",9999999.0,NULL
3CNF2,vampire,"v05m1d2C[[0,0,1]]p[[[],[],[0,1,4,0]]]nm0.5np0.5c640s3.",9999999.0,NULL
3CNF2,vampire,"v05m1d2C[[0,0,1]]p[[[],[],[0,1,4,0]]]nm0.5np0.5c640s4.",9999999.0,NULL
3CNF2,vampire,"v05m1d2C[[0,0,1]]p[[[],[],[0,1,4,0]]]nm0.5np0.5c640s5.",9999999.0,NULL
3CNF2,vampire,"v05m1d2C[[0,0,1]]p[[[],[],[0,1,4,0]]]nm0.5np0.5c640s6.",9999999.0,NULL
3CNF2,vampire,"v05m1d2C[[0,0,1]]p[[[],[],[0,1,4,0]]]nm0.5np0.5c640s7.",9999999.0,NULL
3CNF2,vampire,"v05m1d2C[[0,0,1]]p[[[],[],[0,1,4,0]]]nm0.5np0.5c640s8.",9999999.0,NULL
3CNF2,vampire,"v05m1d2C[[0,0,1]]p[[[],[],[0,1,4,0]]]nm0.5np0.5c640s9.",9999999.0,NULL
3CNF2,vampire,"v05m1d2C[[0,0,1]]p[[[],[],[0,1,4,0]]]nm0.5np0.5c660s0.",9999999.0,NULL
3CNF2,vampire,"v05m1d2C[[0,0,1]]p[[[],[],[0,1,4,0]]]nm0.5np0.5c660s1.",9999999.0,NULL
3CNF2,vampire,"v05m1d2C[[0,0,1]]p[[[],[],[0,1,4,0]]]nm0.5np0.5c660s2.",9999999.0,NULL
3CNF2,vampire,"v05m1d2C[[0,0,1]]p[[[],[],[0,1,4,0]]]nm0.5np0.5c660s3.",9999999.0,NULL
3CNF2,vampire,"v05m1d2C[[0,0,1]]p[[[],[],[0,1,4,0]]]nm0.5np0.5c660s4.",9999999.0,NULL
3CNF2,vampire,"v05m1d2C[[0,0,1]]p[[[],[],[0,1,4,0]]]nm0.5np0.5c660s5.",9999999.0,NULL
3CNF2,vampire,"v05m1d2C[[0,0,1]]p[[[],[],[0,1,4,0]]]nm0.5np0.5c660s6.",9999999.0,NULL
3CNF2,vampire,"v05m1d2C[[0,0,1]]p[[[],[],[0,1,4,0]]]nm0.5np0.5c660s7.",9999999.0,NULL
3CNF2,vampire,"v05m1d2C[[0,0,1]]p[[[],[],[0,1,4,0]]]nm0.5np0.5c660s8.",9999999.0,NULL
3CNF2,vampire,"v05m1d2C[[0,0,1]]p[[[],[],[0,1,4,0]]]nm0.5np0.5c660s9.",9999999.0,NULL
3CNF2,vampire,"v05m1d2C[[0,0,1]]p[[[],[],[0,3,3,0]]]nm0.5np0.5c440s0.",9999999.0,NULL
3CNF2,vampire,"v05m1d2C[[0,0,1]]p[[[],[],[0,3,3,0]]]nm0.5np0.5c440s1.",9999999.0,NULL
3CNF2,vampire,"v05m1d2C[[0,0,1]]p[[[],[],[0,3,3,0]]]nm0.5np0.5c440s2.",9999999.0,NULL
3CNF2,vampire,"v05m1d2C[[0,0,1]]p[[[],[],[0,3,3,0]]]nm0.5np0.5c440s3.",9999999.0,NULL
3CNF2,vampire,"v05m1d2C[[0,0,1]]p[[[],[],[0,3,3,0]]]nm0.5np0.5c440s4.",9999999.0,NULL
3CNF2,vampire,"v05m1d2C[[0,0,1]]p[[[],[],[0,3,3,0]]]nm0.5np0.5c440s5.",9999999.0,NULL
3CNF2,vampire,"v05m1d2C[[0,0,1]]p[[[],[],[0,3,3,0]]]nm0.5np0.5c440s6.",9999999.0,NULL
3CNF2,vampire,"v05m1d2C[[0,0,1]]p[[[],[],[0,3,3,0]]]nm0.5np0.5c440s7.",9999999.0,NULL
3CNF2,vampire,"v05m1d2C[[0,0,1]]p[[[],[],[0,3,3,0]]]nm0.5np0.5c440s8.",9999999.0,NULL
3CNF2,vampire,"v05m1d2C[[0,0,1]]p[[[],[],[0,3,3,0]]]nm0.5np0.5c440s9.",9999999.0,NULL
3CNF2,vampire,"v05m1d2C[[0,0,1]]p[[[],[],[0,3,3,0]]]nm0.5np0.5c460s0.",9999999.0,NULL
3CNF2,vampire,"v05m1d2C[[0,0,1]]p[[[],[],[0,3,3,0]]]nm0.5np0.5c460s1.",9999999.0,NULL
3CNF2,vampire,"v05m1d2C[[0,0,1]]p[[[],[],[0,3,3,0]]]nm0.5np0.5c460s2.",9999999.0,NULL
3CNF2,vampire,"v05m1d2C[[0,0,1]]p[[[],[],[0,3,3,0]]]nm0.5np0.5c460s3.",9999999.0,NULL
3CNF2,vampire,"v05m1d2C[[0,0,1]]p[[[],[],[0,3,3,0]]]nm0.5np0.5c460s4.",9999999.0,NULL
3CNF2,vampire,"v05m1d2C[[0,0,1]]p[[[],[],[0,3,3,0]]]nm0.5np0.5c460s5.",9999999.0,NULL
3CNF2,vampire,"v05m1d2C[[0,0,1]]p[[[],[],[0,3,3,0]]]nm0.5np0.5c460s6.",9999999.0,NULL
3CNF2,vampire,"v05m1d2C[[0,0,1]]p[[[],[],[0,3,3,0]]]nm0.5np0.5c460s7.",9999999.0,NULL
3CNF2,vampire,"v05m1d2C[[0,0,1]]p[[[],[],[0,3,3,0]]]nm0.5np0.5c460s8.",9999999.0,NULL
3CNF2,vampire,"v05m1d2C[[0,0,1]]p[[[],[],[0,3,3,0]]]nm0.5np0.5c460s9.",9999999.0,NULL
3CNF2,vampire,"v05m1d2C[[0,0,1]]p[[[],[],[0,3,3,0]]]nm0.5np0.5c480s0.",9999999.0,NULL
3CNF2,vampire,"v05m1d2C[[0,0,1]]p[[[],[],[0,3,3,0]]]nm0.5np0.5c480s1.",9999999.0,NULL
3CNF2,vampire,"v05m1d2C[[0,0,1]]p[[[],[],[0,3,3,0]]]nm0.5np0.5c480s2.",9999999.0,NULL
3CNF2,vampire,"v05m1d2C[[0,0,1]]p[[[],[],[0,3,3,0]]]nm0.5np0.5c480s3.",9999999.0,NULL
3CNF2,vampire,"v05m1d2C[[0,0,1]]p[[[],[],[0,3,3,0]]]nm0.5np0.5c480s4.",9999999.0,NULL
3CNF2,vampire,"v05m1d2C[[0,0,1]]p[[[],[],[0,3,3,0]]]nm0.5np0.5c480s5.",9999999.0,NULL
3CNF2,vampire,"v05m1d2C[[0,0,1]]p[[[],[],[0,3,3,0]]]nm0.5np0.5c480s6.",9999999.0,NULL
3CNF2,vampire,"v05m1d2C[[0,0,1]]p[[[],[],[0,3,3,0]]]nm0.5np0.5c480s7.",9999999.0,NULL
3CNF2,vampire,"v05m1d2C[[0,0,1]]p[[[],[],[0,3,3,0]]]nm0.5np0.5c480s8.",9999999.0,NULL
3CNF2,vampire,"v05m1d2C[[0,0,1]]p[[[],[],[0,3,3,0]]]nm0.5np0.5c480s9.",9999999.0,NULL
3CNF2,vampire,"v05m1d2C[[0,0,1]]p[[[],[],[0,3,3,0]]]nm0.5np0.5c500s0.",9999999.0,NULL
3CNF2,vampire,"v05m1d2C[[0,0,1]]p[[[],[],[0,3,3,0]]]nm0.5np0.5c500s1.",9999999.0,NULL
3CNF2,vampire,"v05m1d2C[[0,0,1]]p[[[],[],[0,3,3,0]]]nm0.5np0.5c500s2.",9999999.0,NULL
3CNF2,vampire,"v05m1d2C[[0,0,1]]p[[[],[],[0,3,3,0]]]nm0.5np0.5c500s3.",9999999.0,NULL
3CNF2,vampire,"v05m1d2C[[0,0,1]]p[[[],[],[0,3,3,0]]]nm0.5np0.5c500s4.",9999999.0,NULL
3CNF2,vampire,"v05m1d2C[[0,0,1]]p[[[],[],[0,3,3,0]]]nm0.5np0.5c500s5.",9999999.0,NULL
3CNF2,vampire,"v05m1d2C[[0,0,1]]p[[[],[],[0,3,3,0]]]nm0.5np0.5c500s6.",9999999.0,NULL
3CNF2,vampire,"v05m1d2C[[0,0,1]]p[[[],[],[0,3,3,0]]]nm0.5np0.5c500s7.",9999999.0,NULL
3CNF2,vampire,"v05m1d2C[[0,0,1]]p[[[],[],[0,3,3,0]]]nm0.5np0.5c500s8.",9999999.0,NULL
3CNF2,vampire,"v05m1d2C[[0,0,1]]p[[[],[],[0,3,3,0]]]nm0.5np0.5c500s9.",9999999.0,NULL
3CNF2,vampire,"v05m1d2C[[0,0,1]]p[[[],[],[0,3,3,0]]]nm0.5np0.5c520s0.",9999999.0,NULL
3CNF2,vampire,"v05m1d2C[[0,0,1]]p[[[],[],[0,3,3,0]]]nm0.5np0.5c520s1.",9999999.0,NULL
3CNF2,vampire,"v05m1d2C[[0,0,1]]p[[[],[],[0,3,3,0]]]nm0.5np0.5c520s2.",9999999.0,NULL
3CNF2,vampire,"v05m1d2C[[0,0,1]]p[[[],[],[0,3,3,0]]]nm0.5np0.5c520s3.",9999999.0,NULL
3CNF2,vampire,"v05m1d2C[[0,0,1]]p[[[],[],[0,3,3,0]]]nm0.5np0.5c520s4.",9999999.0,NULL
3CNF2,vampire,"v05m1d2C[[0,0,1]]p[[[],[],[0,3,3,0]]]nm0.5np0.5c520s5.",9999999.0,NULL
3CNF2,vampire,"v05m1d2C[[0,0,1]]p[[[],[],[0,3,3,0]]]nm0.5np0.5c520s6.",9999999.0,NULL
3CNF2,vampire,"v05m1d2C[[0,0,1]]p[[[],[],[0,3,3,0]]]nm0.5np0.5c520s7.",9999999.0,NULL
3CNF2,vampire,"v05m1d2C[[0,0,1]]p[[[],[],[0,3,3,0]]]nm0.5np0.5c520s8.",9999999.0,NULL
3CNF2,vampire,"v05m1d2C[[0,0,1]]p[[[],[],[0,3,3,0]]]nm0.5np0.5c520s9.",9999999.0,NULL
3CNF2,vampire,"v05m1d2C[[0,0,1]]p[[[],[],[0,3,3,0]]]nm0.5np0.5c540s0.",9999999.0,NULL
3CNF2,vampire,"v05m1d2C[[0,0,1]]p[[[],[],[0,3,3,0]]]nm0.5np0.5c540s1.",9999999.0,NULL
3CNF2,vampire,"v05m1d2C[[0,0,1]]p[[[],[],[0,3,3,0]]]nm0.5np0.5c540s2.",9999999.0,NULL
3CNF2,vampire,"v05m1d2C[[0,0,1]]p[[[],[],[0,3,3,0]]]nm0.5np0.5c540s3.",9999999.0,NULL
3CNF2,vampire,"v05m1d2C[[0,0,1]]p[[[],[],[0,3,3,0]]]nm0.5np0.5c540s4.",9999999.0,NULL
3CNF2,vampire,"v05m1d2C[[0,0,1]]p[[[],[],[0,3,3,0]]]nm0.5np0.5c540s5.",9999999.0,NULL
3CNF2,vampire,"v05m1d2C[[0,0,1]]p[[[],[],[0,3,3,0]]]nm0.5np0.5c540s6.",9999999.0,NULL
3CNF2,vampire,"v05m1d2C[[0,0,1]]p[[[],[],[0,3,3,0]]]nm0.5np0.5c540s7.",9999999.0,NULL
3CNF2,vampire,"v05m1d2C[[0,0,1]]p[[[],[],[0,3,3,0]]]nm0.5np0.5c540s8.",9999999.0,NULL
3CNF2,vampire,"v05m1d2C[[0,0,1]]p[[[],[],[0,3,3,0]]]nm0.5np0.5c540s9.",9999999.0,NULL
3CNF2,vampire,"v05m1d2C[[0,0,1]]p[[[],[],[0,3,3,0]]]nm0.5np0.5c560s0.",9999999.0,NULL
3CNF2,vampire,"v05m1d2C[[0,0,1]]p[[[],[],[0,3,3,0]]]nm0.5np0.5c560s1.",9999999.0,NULL
3CNF2,vampire,"v05m1d2C[[0,0,1]]p[[[],[],[0,3,3,0]]]nm0.5np0.5c560s2.",9999999.0,NULL
3CNF2,vampire,"v05m1d2C[[0,0,1]]p[[[],[],[0,3,3,0]]]nm0.5np0.5c560s3.",9999999.0,NULL
3CNF2,vampire,"v05m1d2C[[0,0,1]]p[[[],[],[0,3,3,0]]]nm0.5np0.5c560s4.",9999999.0,NULL
3CNF2,vampire,"v05m1d2C[[0,0,1]]p[[[],[],[0,3,3,0]]]nm0.5np0.5c560s5.",9999999.0,NULL
3CNF2,vampire,"v05m1d2C[[0,0,1]]p[[[],[],[0,3,3,0]]]nm0.5np0.5c560s6.",9999999.0,NULL
3CNF2,vampire,"v05m1d2C[[0,0,1]]p[[[],[],[0,3,3,0]]]nm0.5np0.5c560s7.",9999999.0,NULL
3CNF2,vampire,"v05m1d2C[[0,0,1]]p[[[],[],[0,3,3,0]]]nm0.5np0.5c560s8.",9999999.0,NULL
3CNF2,vampire,"v05m1d2C[[0,0,1]]p[[[],[],[0,3,3,0]]]nm0.5np0.5c560s9.",9999999.0,NULL
3CNF2,vampire,"v05m1d2C[[0,0,1]]p[[[],[],[0,3,3,0]]]nm0.5np0.5c580s0.",9999999.0,NULL
3CNF2,vampire,"v05m1d2C[[0,0,1]]p[[[],[],[0,3,3,0]]]nm0.5np0.5c580s1.",9999999.0,NULL
3CNF2,vampire,"v05m1d2C[[0,0,1]]p[[[],[],[0,3,3,0]]]nm0.5np0.5c580s2.",9999999.0,NULL
3CNF2,vampire,"v05m1d2C[[0,0,1]]p[[[],[],[0,3,3,0]]]nm0.5np0.5c580s3.",9999999.0,NULL
3CNF2,vampire,"v05m1d2C[[0,0,1]]p[[[],[],[0,3,3,0]]]nm0.5np0.5c580s4.",9999999.0,NULL
3CNF2,vampire,"v05m1d2C[[0,0,1]]p[[[],[],[0,3,3,0]]]nm0.5np0.5c580s5.",9999999.0,NULL
3CNF2,vampire,"v05m1d2C[[0,0,1]]p[[[],[],[0,3,3,0]]]nm0.5np0.5c580s6.",9999999.0,NULL
3CNF2,vampire,"v05m1d2C[[0,0,1]]p[[[],[],[0,3,3,0]]]nm0.5np0.5c580s7.",9999999.0,NULL
3CNF2,vampire,"v05m1d2C[[0,0,1]]p[[[],[],[0,3,3,0]]]nm0.5np0.5c580s8.",9999999.0,NULL
3CNF2,vampire,"v05m1d2C[[0,0,1]]p[[[],[],[0,3,3,0]]]nm0.5np0.5c580s9.",9999999.0,NULL
3CNF2,vampire,"v05m1d2C[[0,0,1]]p[[[],[],[0,3,3,0]]]nm0.5np0.5c600s0.",9999999.0,NULL
3CNF2,vampire,"v05m1d2C[[0,0,1]]p[[[],[],[0,3,3,0]]]nm0.5np0.5c600s1.",9999999.0,NULL
3CNF2,vampire,"v05m1d2C[[0,0,1]]p[[[],[],[0,3,3,0]]]nm0.5np0.5c600s2.",9999999.0,NULL
3CNF2,vampire,"v05m1d2C[[0,0,1]]p[[[],[],[0,3,3,0]]]nm0.5np0.5c600s3.",9999999.0,NULL
3CNF2,vampire,"v05m1d2C[[0,0,1]]p[[[],[],[0,3,3,0]]]nm0.5np0.5c600s4.",9999999.0,NULL
3CNF2,vampire,"v05m1d2C[[0,0,1]]p[[[],[],[0,3,3,0]]]nm0.5np0.5c600s5.",9999999.0,NULL
3CNF2,vampire,"v05m1d2C[[0,0,1]]p[[[],[],[0,3,3,0]]]nm0.5np0.5c600s6.",9999999.0,NULL
3CNF2,vampire,"v05m1d2C[[0,0,1]]p[[[],[],[0,3,3,0]]]nm0.5np0.5c600s7.",9999999.0,NULL
3CNF2,vampire,"v05m1d2C[[0,0,1]]p[[[],[],[0,3,3,0]]]nm0.5np0.5c600s8.",9999999.0,NULL
3CNF2,vampire,"v05m1d2C[[0,0,1]]p[[[],[],[0,3,3,0]]]nm0.5np0.5c600s9.",9999999.0,NULL
3CNF2,vampire,"v05m1d2C[[0,0,1]]p[[[],[],[0,3,3,0]]]nm0.5np0.5c620s0.",9999999.0,NULL
3CNF2,vampire,"v05m1d2C[[0,0,1]]p[[[],[],[0,3,3,0]]]nm0.5np0.5c620s1.",9999999.0,NULL
3CNF2,vampire,"v05m1d2C[[0,0,1]]p[[[],[],[0,3,3,0]]]nm0.5np0.5c620s2.",9999999.0,NULL
3CNF2,vampire,"v05m1d2C[[0,0,1]]p[[[],[],[0,3,3,0]]]nm0.5np0.5c620s3.",9999999.0,NULL
3CNF2,vampire,"v05m1d2C[[0,0,1]]p[[[],[],[0,3,3,0]]]nm0.5np0.5c620s4.",9999999.0,NULL
3CNF2,vampire,"v05m1d2C[[0,0,1]]p[[[],[],[0,3,3,0]]]nm0.5np0.5c620s5.",9999999.0,NULL
3CNF2,vampire,"v05m1d2C[[0,0,1]]p[[[],[],[0,3,3,0]]]nm0.5np0.5c620s6.",9999999.0,NULL
3CNF2,vampire,"v05m1d2C[[0,0,1]]p[[[],[],[0,3,3,0]]]nm0.5np0.5c620s7.",9999999.0,NULL
3CNF2,vampire,"v05m1d2C[[0,0,1]]p[[[],[],[0,3,3,0]]]nm0.5np0.5c620s8.",9999999.0,NULL
3CNF2,vampire,"v05m1d2C[[0,0,1]]p[[[],[],[0,3,3,0]]]nm0.5np0.5c620s9.",9999999.0,NULL
3CNF2,vampire,"v06m1d1C[[0,0,1]]p[[[],[],[1,0,0,0]]]nm0.5np0.5c120s0.",2.75, Sat  
3CNF2,vampire,"v06m1d1C[[0,0,1]]p[[[],[],[1,0,0,0]]]nm0.5np0.5c120s1.",3.19, Sat  
3CNF2,vampire,"v06m1d1C[[0,0,1]]p[[[],[],[1,0,0,0]]]nm0.5np0.5c120s2.",4.2, Sat  
3CNF2,vampire,"v06m1d1C[[0,0,1]]p[[[],[],[1,0,0,0]]]nm0.5np0.5c120s3.",0.96, Sat  
3CNF2,vampire,"v06m1d1C[[0,0,1]]p[[[],[],[1,0,0,0]]]nm0.5np0.5c120s4.",2.82, Sat  
3CNF2,vampire,"v06m1d1C[[0,0,1]]p[[[],[],[1,0,0,0]]]nm0.5np0.5c120s5.",2.35, Sat  
3CNF2,vampire,"v06m1d1C[[0,0,1]]p[[[],[],[1,0,0,0]]]nm0.5np0.5c120s6.",1.98, Sat  
3CNF2,vampire,"v06m1d1C[[0,0,1]]p[[[],[],[1,0,0,0]]]nm0.5np0.5c120s7.",1.91, Sat  
3CNF2,vampire,"v06m1d1C[[0,0,1]]p[[[],[],[1,0,0,0]]]nm0.5np0.5c120s8.",3.44, Unsat
3CNF2,vampire,"v06m1d1C[[0,0,1]]p[[[],[],[1,0,0,0]]]nm0.5np0.5c120s9.",2.17, Sat  
3CNF2,vampire,"v06m1d1C[[0,0,1]]p[[[],[],[1,0,0,0]]]nm0.5np0.5c132s0.",2.64, Sat  
3CNF2,vampire,"v06m1d1C[[0,0,1]]p[[[],[],[1,0,0,0]]]nm0.5np0.5c132s1.",2.72, Sat  
3CNF2,vampire,"v06m1d1C[[0,0,1]]p[[[],[],[1,0,0,0]]]nm0.5np0.5c132s2.",3.38, Sat  
3CNF2,vampire,"v06m1d1C[[0,0,1]]p[[[],[],[1,0,0,0]]]nm0.5np0.5c132s3.",4.44, Unsat
3CNF2,vampire,"v06m1d1C[[0,0,1]]p[[[],[],[1,0,0,0]]]nm0.5np0.5c132s4.",5.86, Sat  
3CNF2,vampire,"v06m1d1C[[0,0,1]]p[[[],[],[1,0,0,0]]]nm0.5np0.5c132s5.",2.86, Sat  
3CNF2,vampire,"v06m1d1C[[0,0,1]]p[[[],[],[1,0,0,0]]]nm0.5np0.5c132s6.",3.94, Unsat
3CNF2,vampire,"v06m1d1C[[0,0,1]]p[[[],[],[1,0,0,0]]]nm0.5np0.5c132s7.",3.07, Sat  
3CNF2,vampire,"v06m1d1C[[0,0,1]]p[[[],[],[1,0,0,0]]]nm0.5np0.5c132s8.",3.38, Sat  
3CNF2,vampire,"v06m1d1C[[0,0,1]]p[[[],[],[1,0,0,0]]]nm0.5np0.5c132s9.",3.42, Sat  
3CNF2,vampire,"v06m1d1C[[0,0,1]]p[[[],[],[1,0,0,0]]]nm0.5np0.5c144s0.",4.84, Sat  
3CNF2,vampire,"v06m1d1C[[0,0,1]]p[[[],[],[1,0,0,0]]]nm0.5np0.5c144s1.",1.19, Sat  
3CNF2,vampire,"v06m1d1C[[0,0,1]]p[[[],[],[1,0,0,0]]]nm0.5np0.5c144s2.",3.62, Unsat
3CNF2,vampire,"v06m1d1C[[0,0,1]]p[[[],[],[1,0,0,0]]]nm0.5np0.5c144s3.",5.04, Unsat
3CNF2,vampire,"v06m1d1C[[0,0,1]]p[[[],[],[1,0,0,0]]]nm0.5np0.5c144s4.",3.6, Sat  
3CNF2,vampire,"v06m1d1C[[0,0,1]]p[[[],[],[1,0,0,0]]]nm0.5np0.5c144s5.",7.33, Unsat
3CNF2,vampire,"v06m1d1C[[0,0,1]]p[[[],[],[1,0,0,0]]]nm0.5np0.5c144s6.",3.76, Sat  
3CNF2,vampire,"v06m1d1C[[0,0,1]]p[[[],[],[1,0,0,0]]]nm0.5np0.5c144s7.",6.43, Sat  
3CNF2,vampire,"v06m1d1C[[0,0,1]]p[[[],[],[1,0,0,0]]]nm0.5np0.5c144s8.",4.01, Sat  
3CNF2,vampire,"v06m1d1C[[0,0,1]]p[[[],[],[1,0,0,0]]]nm0.5np0.5c144s9.",4.8, Unsat
3CNF2,vampire,"v06m1d1C[[0,0,1]]p[[[],[],[1,0,0,0]]]nm0.5np0.5c150s0.",4.47, Unsat
3CNF2,vampire,"v06m1d1C[[0,0,1]]p[[[],[],[1,0,0,0]]]nm0.5np0.5c150s1.",5.59, Sat  
3CNF2,vampire,"v06m1d1C[[0,0,1]]p[[[],[],[1,0,0,0]]]nm0.5np0.5c150s2.",3.86, Unsat
3CNF2,vampire,"v06m1d1C[[0,0,1]]p[[[],[],[1,0,0,0]]]nm0.5np0.5c150s3.",3.03, Sat  
3CNF2,vampire,"v06m1d1C[[0,0,1]]p[[[],[],[1,0,0,0]]]nm0.5np0.5c150s4.",4.53, Unsat
3CNF2,vampire,"v06m1d1C[[0,0,1]]p[[[],[],[1,0,0,0]]]nm0.5np0.5c150s5.",4.46, Unsat
3CNF2,vampire,"v06m1d1C[[0,0,1]]p[[[],[],[1,0,0,0]]]nm0.5np0.5c150s6.",5.1, Unsat
3CNF2,vampire,"v06m1d1C[[0,0,1]]p[[[],[],[1,0,0,0]]]nm0.5np0.5c150s7.",5.41, Unsat
3CNF2,vampire,"v06m1d1C[[0,0,1]]p[[[],[],[1,0,0,0]]]nm0.5np0.5c150s8.",4.26, Unsat
3CNF2,vampire,"v06m1d1C[[0,0,1]]p[[[],[],[1,0,0,0]]]nm0.5np0.5c150s9.",0.14, Sat  
3CNF2,vampire,"v06m1d1C[[0,0,1]]p[[[],[],[1,0,0,0]]]nm0.5np0.5c156s0.",6.48, Unsat
3CNF2,vampire,"v06m1d1C[[0,0,1]]p[[[],[],[1,0,0,0]]]nm0.5np0.5c156s1.",3.9, Unsat
3CNF2,vampire,"v06m1d1C[[0,0,1]]p[[[],[],[1,0,0,0]]]nm0.5np0.5c156s2.",5.9, Unsat
3CNF2,vampire,"v06m1d1C[[0,0,1]]p[[[],[],[1,0,0,0]]]nm0.5np0.5c156s3.",4.23, Sat  
3CNF2,vampire,"v06m1d1C[[0,0,1]]p[[[],[],[1,0,0,0]]]nm0.5np0.5c156s4.",5.28, Sat  
3CNF2,vampire,"v06m1d1C[[0,0,1]]p[[[],[],[1,0,0,0]]]nm0.5np0.5c156s5.",6.44, Unsat
3CNF2,vampire,"v06m1d1C[[0,0,1]]p[[[],[],[1,0,0,0]]]nm0.5np0.5c156s6.",5.3, Unsat
3CNF2,vampire,"v06m1d1C[[0,0,1]]p[[[],[],[1,0,0,0]]]nm0.5np0.5c156s7.",4.98, Unsat
3CNF2,vampire,"v06m1d1C[[0,0,1]]p[[[],[],[1,0,0,0]]]nm0.5np0.5c156s8.",8.83, Unsat
3CNF2,vampire,"v06m1d1C[[0,0,1]]p[[[],[],[1,0,0,0]]]nm0.5np0.5c156s9.",5.13, Unsat
3CNF2,vampire,"v06m1d1C[[0,0,1]]p[[[],[],[1,0,0,0]]]nm0.5np0.5c162s0.",5.29, Unsat
3CNF2,vampire,"v06m1d1C[[0,0,1]]p[[[],[],[1,0,0,0]]]nm0.5np0.5c162s1.",7.4, Unsat
3CNF2,vampire,"v06m1d1C[[0,0,1]]p[[[],[],[1,0,0,0]]]nm0.5np0.5c162s2.",5.17, Unsat
3CNF2,vampire,"v06m1d1C[[0,0,1]]p[[[],[],[1,0,0,0]]]nm0.5np0.5c162s3.",5.57, Sat  
3CNF2,vampire,"v06m1d1C[[0,0,1]]p[[[],[],[1,0,0,0]]]nm0.5np0.5c162s4.",4.92, Sat  
3CNF2,vampire,"v06m1d1C[[0,0,1]]p[[[],[],[1,0,0,0]]]nm0.5np0.5c162s5.",5.66, Sat  
3CNF2,vampire,"v06m1d1C[[0,0,1]]p[[[],[],[1,0,0,0]]]nm0.5np0.5c162s6.",5.32, Unsat
3CNF2,vampire,"v06m1d1C[[0,0,1]]p[[[],[],[1,0,0,0]]]nm0.5np0.5c162s7.",7.17, Unsat
3CNF2,vampire,"v06m1d1C[[0,0,1]]p[[[],[],[1,0,0,0]]]nm0.5np0.5c162s8.",4.59, Sat  
3CNF2,vampire,"v06m1d1C[[0,0,1]]p[[[],[],[1,0,0,0]]]nm0.5np0.5c162s9.",5.83, Unsat
3CNF2,vampire,"v06m1d1C[[0,0,1]]p[[[],[],[1,0,0,0]]]nm0.5np0.5c174s0.",7.72, Unsat
3CNF2,vampire,"v06m1d1C[[0,0,1]]p[[[],[],[1,0,0,0]]]nm0.5np0.5c174s1.",7.75, Unsat
3CNF2,vampire,"v06m1d1C[[0,0,1]]p[[[],[],[1,0,0,0]]]nm0.5np0.5c174s2.",6.31, Sat  
3CNF2,vampire,"v06m1d1C[[0,0,1]]p[[[],[],[1,0,0,0]]]nm0.5np0.5c174s3.",5.84, Unsat
3CNF2,vampire,"v06m1d1C[[0,0,1]]p[[[],[],[1,0,0,0]]]nm0.5np0.5c174s4.",6.52, Unsat
3CNF2,vampire,"v06m1d1C[[0,0,1]]p[[[],[],[1,0,0,0]]]nm0.5np0.5c174s5.",6.44, Sat  
3CNF2,vampire,"v06m1d1C[[0,0,1]]p[[[],[],[1,0,0,0]]]nm0.5np0.5c174s6.",5.24, Unsat
3CNF2,vampire,"v06m1d1C[[0,0,1]]p[[[],[],[1,0,0,0]]]nm0.5np0.5c174s7.",11.27, Unsat
3CNF2,vampire,"v06m1d1C[[0,0,1]]p[[[],[],[1,0,0,0]]]nm0.5np0.5c174s8.",5.34, Unsat
3CNF2,vampire,"v06m1d1C[[0,0,1]]p[[[],[],[1,0,0,0]]]nm0.5np0.5c174s9.",7.86, Unsat
3CNF2,vampire,"v06m1d1C[[0,0,1]]p[[[],[],[1,0,0,0]]]nm0.5np0.5c186s0.",6.8, Sat  
3CNF2,vampire,"v06m1d1C[[0,0,1]]p[[[],[],[1,0,0,0]]]nm0.5np0.5c186s1.",7.64, Unsat
3CNF2,vampire,"v06m1d1C[[0,0,1]]p[[[],[],[1,0,0,0]]]nm0.5np0.5c186s2.",5.09, Unsat
3CNF2,vampire,"v06m1d1C[[0,0,1]]p[[[],[],[1,0,0,0]]]nm0.5np0.5c186s3.",7.94, Unsat
3CNF2,vampire,"v06m1d1C[[0,0,1]]p[[[],[],[1,0,0,0]]]nm0.5np0.5c186s4.",7.47, Unsat
3CNF2,vampire,"v06m1d1C[[0,0,1]]p[[[],[],[1,0,0,0]]]nm0.5np0.5c186s5.",6.3, Unsat
3CNF2,vampire,"v06m1d1C[[0,0,1]]p[[[],[],[1,0,0,0]]]nm0.5np0.5c186s6.",5.4, Unsat
3CNF2,vampire,"v06m1d1C[[0,0,1]]p[[[],[],[1,0,0,0]]]nm0.5np0.5c186s7.",6.24, Unsat
3CNF2,vampire,"v06m1d1C[[0,0,1]]p[[[],[],[1,0,0,0]]]nm0.5np0.5c186s8.",6.45, Unsat
3CNF2,vampire,"v06m1d1C[[0,0,1]]p[[[],[],[1,0,0,0]]]nm0.5np0.5c186s9.",11.93, Unsat
3CNF2,vampire,"v06m1d1C[[0,0,1]]p[[[],[],[1,0,0,0]]]nm0.5np0.5c198s0.",13.58, Unsat
3CNF2,vampire,"v06m1d1C[[0,0,1]]p[[[],[],[1,0,0,0]]]nm0.5np0.5c198s1.",10.23, Unsat
3CNF2,vampire,"v06m1d1C[[0,0,1]]p[[[],[],[1,0,0,0]]]nm0.5np0.5c198s2.",9.17, Unsat
3CNF2,vampire,"v06m1d1C[[0,0,1]]p[[[],[],[1,0,0,0]]]nm0.5np0.5c198s3.",9.35, Unsat
3CNF2,vampire,"v06m1d1C[[0,0,1]]p[[[],[],[1,0,0,0]]]nm0.5np0.5c198s4.",9.22, Unsat
3CNF2,vampire,"v06m1d1C[[0,0,1]]p[[[],[],[1,0,0,0]]]nm0.5np0.5c198s5.",8.5, Unsat
3CNF2,vampire,"v06m1d1C[[0,0,1]]p[[[],[],[1,0,0,0]]]nm0.5np0.5c198s6.",6.18, Unsat
3CNF2,vampire,"v06m1d1C[[0,0,1]]p[[[],[],[1,0,0,0]]]nm0.5np0.5c198s7.",7.86, Unsat
3CNF2,vampire,"v06m1d1C[[0,0,1]]p[[[],[],[1,0,0,0]]]nm0.5np0.5c198s8.",6.08, Unsat
3CNF2,vampire,"v06m1d1C[[0,0,1]]p[[[],[],[1,0,0,0]]]nm0.5np0.5c198s9.",9.91, Unsat
3CNF2,vampire,"v06m1d1C[[0,0,1]]p[[[],[],[1,0,0,0]]]nm0.5np0.5c210s0.",11.7, Unsat
3CNF2,vampire,"v06m1d1C[[0,0,1]]p[[[],[],[1,0,0,0]]]nm0.5np0.5c210s1.",10.02, Unsat
3CNF2,vampire,"v06m1d1C[[0,0,1]]p[[[],[],[1,0,0,0]]]nm0.5np0.5c210s2.",8.94, Unsat
3CNF2,vampire,"v06m1d1C[[0,0,1]]p[[[],[],[1,0,0,0]]]nm0.5np0.5c210s3.",13.87, Unsat
3CNF2,vampire,"v06m1d1C[[0,0,1]]p[[[],[],[1,0,0,0]]]nm0.5np0.5c210s4.",7.48, Unsat
3CNF2,vampire,"v06m1d1C[[0,0,1]]p[[[],[],[1,0,0,0]]]nm0.5np0.5c210s5.",9.34, Unsat
3CNF2,vampire,"v06m1d1C[[0,0,1]]p[[[],[],[1,0,0,0]]]nm0.5np0.5c210s6.",11.86, Unsat
3CNF2,vampire,"v06m1d1C[[0,0,1]]p[[[],[],[1,0,0,0]]]nm0.5np0.5c210s7.",7.31, Unsat
3CNF2,vampire,"v06m1d1C[[0,0,1]]p[[[],[],[1,0,0,0]]]nm0.5np0.5c210s8.",7.37, Unsat
3CNF2,vampire,"v06m1d1C[[0,0,1]]p[[[],[],[1,0,0,0]]]nm0.5np0.5c210s9.",10.19, Unsat
3CNF2,vampire,"v06m1d2C[[0,0,1]]p[[[],[],[1,3,3,1]]]nm0.5np0.5c192s0.",9999999.0,NULL
3CNF2,vampire,"v06m1d2C[[0,0,1]]p[[[],[],[1,3,3,1]]]nm0.5np0.5c192s1.",0.32, Sat  
3CNF2,vampire,"v06m1d2C[[0,0,1]]p[[[],[],[1,3,3,1]]]nm0.5np0.5c192s2.",9999999.0,NULL
3CNF2,vampire,"v06m1d2C[[0,0,1]]p[[[],[],[1,3,3,1]]]nm0.5np0.5c192s3.",9999999.0,NULL
3CNF2,vampire,"v06m1d2C[[0,0,1]]p[[[],[],[1,3,3,1]]]nm0.5np0.5c192s4.",9999999.0,NULL
3CNF2,vampire,"v06m1d2C[[0,0,1]]p[[[],[],[1,3,3,1]]]nm0.5np0.5c192s5.",9999999.0,NULL
3CNF2,vampire,"v06m1d2C[[0,0,1]]p[[[],[],[1,3,3,1]]]nm0.5np0.5c192s6.",9999999.0,NULL
3CNF2,vampire,"v06m1d2C[[0,0,1]]p[[[],[],[1,3,3,1]]]nm0.5np0.5c192s7.",9999999.0,NULL
3CNF2,vampire,"v06m1d2C[[0,0,1]]p[[[],[],[1,3,3,1]]]nm0.5np0.5c192s8.",9999999.0,NULL
3CNF2,vampire,"v06m1d2C[[0,0,1]]p[[[],[],[1,3,3,1]]]nm0.5np0.5c192s9.",9999999.0,NULL
3CNF2,vampire,"v06m1d2C[[0,0,1]]p[[[],[],[1,3,3,1]]]nm0.5np0.5c216s0.",9999999.0,NULL
3CNF2,vampire,"v06m1d2C[[0,0,1]]p[[[],[],[1,3,3,1]]]nm0.5np0.5c216s1.",9999999.0,NULL
3CNF2,vampire,"v06m1d2C[[0,0,1]]p[[[],[],[1,3,3,1]]]nm0.5np0.5c216s2.",9999999.0,NULL
3CNF2,vampire,"v06m1d2C[[0,0,1]]p[[[],[],[1,3,3,1]]]nm0.5np0.5c216s3.",9999999.0,NULL
3CNF2,vampire,"v06m1d2C[[0,0,1]]p[[[],[],[1,3,3,1]]]nm0.5np0.5c216s4.",9999999.0,NULL
3CNF2,vampire,"v06m1d2C[[0,0,1]]p[[[],[],[1,3,3,1]]]nm0.5np0.5c216s5.",0.03, Unsat
3CNF2,vampire,"v06m1d2C[[0,0,1]]p[[[],[],[1,3,3,1]]]nm0.5np0.5c216s6.",9999999.0,NULL
3CNF2,vampire,"v06m1d2C[[0,0,1]]p[[[],[],[1,3,3,1]]]nm0.5np0.5c216s7.",9999999.0,NULL
3CNF2,vampire,"v06m1d2C[[0,0,1]]p[[[],[],[1,3,3,1]]]nm0.5np0.5c216s8.",0.03, Unsat
3CNF2,vampire,"v06m1d2C[[0,0,1]]p[[[],[],[1,3,3,1]]]nm0.5np0.5c216s9.",0.03, Unsat
3CNF2,vampire,"v06m1d2C[[0,0,1]]p[[[],[],[1,3,3,1]]]nm0.5np0.5c240s0.",0.03, Unsat
3CNF2,vampire,"v06m1d2C[[0,0,1]]p[[[],[],[1,3,3,1]]]nm0.5np0.5c240s1.",9999999.0,NULL
3CNF2,vampire,"v06m1d2C[[0,0,1]]p[[[],[],[1,3,3,1]]]nm0.5np0.5c240s2.",9999999.0,NULL
3CNF2,vampire,"v06m1d2C[[0,0,1]]p[[[],[],[1,3,3,1]]]nm0.5np0.5c240s3.",0.03, Unsat
3CNF2,vampire,"v06m1d2C[[0,0,1]]p[[[],[],[1,3,3,1]]]nm0.5np0.5c240s4.",0.03, Unsat
3CNF2,vampire,"v06m1d2C[[0,0,1]]p[[[],[],[1,3,3,1]]]nm0.5np0.5c240s5.",9999999.0,NULL
3CNF2,vampire,"v06m1d2C[[0,0,1]]p[[[],[],[1,3,3,1]]]nm0.5np0.5c240s6.",9999999.0,NULL
3CNF2,vampire,"v06m1d2C[[0,0,1]]p[[[],[],[1,3,3,1]]]nm0.5np0.5c240s7.",9999999.0,NULL
3CNF2,vampire,"v06m1d2C[[0,0,1]]p[[[],[],[1,3,3,1]]]nm0.5np0.5c240s8.",0.03, Unsat
3CNF2,vampire,"v06m1d2C[[0,0,1]]p[[[],[],[1,3,3,1]]]nm0.5np0.5c240s9.",9999999.0,NULL
3CNF2,vampire,"v06m1d2C[[0,0,1]]p[[[],[],[1,3,3,1]]]nm0.5np0.5c264s0.",9999999.0,NULL
3CNF2,vampire,"v06m1d2C[[0,0,1]]p[[[],[],[1,3,3,1]]]nm0.5np0.5c264s1.",0.03, Unsat
3CNF2,vampire,"v06m1d2C[[0,0,1]]p[[[],[],[1,3,3,1]]]nm0.5np0.5c264s2.",9999999.0,NULL
3CNF2,vampire,"v06m1d2C[[0,0,1]]p[[[],[],[1,3,3,1]]]nm0.5np0.5c264s3.",0.03, Unsat
3CNF2,vampire,"v06m1d2C[[0,0,1]]p[[[],[],[1,3,3,1]]]nm0.5np0.5c264s4.",0.03, Unsat
3CNF2,vampire,"v06m1d2C[[0,0,1]]p[[[],[],[1,3,3,1]]]nm0.5np0.5c264s5.",0.03, Unsat
3CNF2,vampire,"v06m1d2C[[0,0,1]]p[[[],[],[1,3,3,1]]]nm0.5np0.5c264s6.",0.03, Unsat
3CNF2,vampire,"v06m1d2C[[0,0,1]]p[[[],[],[1,3,3,1]]]nm0.5np0.5c264s7.",0.04, Unsat
3CNF2,vampire,"v06m1d2C[[0,0,1]]p[[[],[],[1,3,3,1]]]nm0.5np0.5c264s8.",0.03, Unsat
3CNF2,vampire,"v06m1d2C[[0,0,1]]p[[[],[],[1,3,3,1]]]nm0.5np0.5c264s9.",9999999.0,NULL
3CNF2,vampire,"v06m1d2C[[0,0,1]]p[[[],[],[1,3,3,1]]]nm0.5np0.5c288s0.",9999999.0,NULL
3CNF2,vampire,"v06m1d2C[[0,0,1]]p[[[],[],[1,3,3,1]]]nm0.5np0.5c288s1.",0.04, Unsat
3CNF2,vampire,"v06m1d2C[[0,0,1]]p[[[],[],[1,3,3,1]]]nm0.5np0.5c288s2.",0.04, Unsat
3CNF2,vampire,"v06m1d2C[[0,0,1]]p[[[],[],[1,3,3,1]]]nm0.5np0.5c288s3.",0.04, Unsat
3CNF2,vampire,"v06m1d2C[[0,0,1]]p[[[],[],[1,3,3,1]]]nm0.5np0.5c288s4.",9999999.0,NULL
3CNF2,vampire,"v06m1d2C[[0,0,1]]p[[[],[],[1,3,3,1]]]nm0.5np0.5c288s5.",0.04, Unsat
3CNF2,vampire,"v06m1d2C[[0,0,1]]p[[[],[],[1,3,3,1]]]nm0.5np0.5c288s6.",0.04, Unsat
3CNF2,vampire,"v06m1d2C[[0,0,1]]p[[[],[],[1,3,3,1]]]nm0.5np0.5c288s7.",0.04, Unsat
3CNF2,vampire,"v06m1d2C[[0,0,1]]p[[[],[],[1,3,3,1]]]nm0.5np0.5c288s8.",0.03, Unsat
3CNF2,vampire,"v06m1d2C[[0,0,1]]p[[[],[],[1,3,3,1]]]nm0.5np0.5c288s9.",9999999.0,NULL
3CNF2,vampire,"v06m1d2C[[0,0,1]]p[[[],[],[1,3,3,1]]]nm0.5np0.5c312s0.",0.04, Unsat
3CNF2,vampire,"v06m1d2C[[0,0,1]]p[[[],[],[1,3,3,1]]]nm0.5np0.5c312s1.",0.04, Unsat
3CNF2,vampire,"v06m1d2C[[0,0,1]]p[[[],[],[1,3,3,1]]]nm0.5np0.5c312s2.",0.04, Unsat
3CNF2,vampire,"v06m1d2C[[0,0,1]]p[[[],[],[1,3,3,1]]]nm0.5np0.5c312s3.",9999999.0,NULL
3CNF2,vampire,"v06m1d2C[[0,0,1]]p[[[],[],[1,3,3,1]]]nm0.5np0.5c312s4.",0.04, Unsat
3CNF2,vampire,"v06m1d2C[[0,0,1]]p[[[],[],[1,3,3,1]]]nm0.5np0.5c312s5.",9999999.0,NULL
3CNF2,vampire,"v06m1d2C[[0,0,1]]p[[[],[],[1,3,3,1]]]nm0.5np0.5c312s6.",0.04, Unsat
3CNF2,vampire,"v06m1d2C[[0,0,1]]p[[[],[],[1,3,3,1]]]nm0.5np0.5c312s7.",9999999.0,NULL
3CNF2,vampire,"v06m1d2C[[0,0,1]]p[[[],[],[1,3,3,1]]]nm0.5np0.5c312s8.",0.04, Unsat
3CNF2,vampire,"v06m1d2C[[0,0,1]]p[[[],[],[1,3,3,1]]]nm0.5np0.5c312s9.",0.04, Unsat
3CNF2,vampire,"v06m1d2C[[0,0,1]]p[[[],[],[1,3,3,1]]]nm0.5np0.5c336s0.",0.04, Unsat
3CNF2,vampire,"v06m1d2C[[0,0,1]]p[[[],[],[1,3,3,1]]]nm0.5np0.5c336s1.",0.04, Unsat
3CNF2,vampire,"v06m1d2C[[0,0,1]]p[[[],[],[1,3,3,1]]]nm0.5np0.5c336s2.",0.04, Unsat
3CNF2,vampire,"v06m1d2C[[0,0,1]]p[[[],[],[1,3,3,1]]]nm0.5np0.5c336s3.",0.04, Unsat
3CNF2,vampire,"v06m1d2C[[0,0,1]]p[[[],[],[1,3,3,1]]]nm0.5np0.5c336s4.",9999999.0,NULL
3CNF2,vampire,"v06m1d2C[[0,0,1]]p[[[],[],[1,3,3,1]]]nm0.5np0.5c336s5.",0.04, Unsat
3CNF2,vampire,"v06m1d2C[[0,0,1]]p[[[],[],[1,3,3,1]]]nm0.5np0.5c336s6.",0.04, Unsat
3CNF2,vampire,"v06m1d2C[[0,0,1]]p[[[],[],[1,3,3,1]]]nm0.5np0.5c336s7.",0.04, Unsat
3CNF2,vampire,"v06m1d2C[[0,0,1]]p[[[],[],[1,3,3,1]]]nm0.5np0.5c336s8.",0.04, Unsat
3CNF2,vampire,"v06m1d2C[[0,0,1]]p[[[],[],[1,3,3,1]]]nm0.5np0.5c336s9.",0.04, Unsat
3CNF2,vampire,"v06m1d2C[[0,1,1]]p[[[],[0,3,0],[0,3,3,0]]]nm0.5np0.5c228s0.",9999999.0,NULL
3CNF2,vampire,"v06m1d2C[[0,1,1]]p[[[],[0,3,0],[0,3,3,0]]]nm0.5np0.5c228s1.",9999999.0,NULL
3CNF2,vampire,"v06m1d2C[[0,1,1]]p[[[],[0,3,0],[0,3,3,0]]]nm0.5np0.5c228s2.",364.13, Sat  
3CNF2,vampire,"v06m1d2C[[0,1,1]]p[[[],[0,3,0],[0,3,3,0]]]nm0.5np0.5c228s3.",9999999.0,NULL
3CNF2,vampire,"v06m1d2C[[0,1,1]]p[[[],[0,3,0],[0,3,3,0]]]nm0.5np0.5c228s4.",866.91, Sat  
3CNF2,vampire,"v06m1d2C[[0,1,1]]p[[[],[0,3,0],[0,3,3,0]]]nm0.5np0.5c228s5.",184.66, Sat  
3CNF2,vampire,"v06m1d2C[[0,1,1]]p[[[],[0,3,0],[0,3,3,0]]]nm0.5np0.5c228s6.",9999999.0,NULL
3CNF2,vampire,"v06m1d2C[[0,1,1]]p[[[],[0,3,0],[0,3,3,0]]]nm0.5np0.5c228s7.",9999999.0,NULL
3CNF2,vampire,"v06m1d2C[[0,1,1]]p[[[],[0,3,0],[0,3,3,0]]]nm0.5np0.5c228s8.",498.44, Sat  
3CNF2,vampire,"v06m1d2C[[0,1,1]]p[[[],[0,3,0],[0,3,3,0]]]nm0.5np0.5c228s9.",9999999.0,NULL
3CNF2,vampire,"v06m1d2C[[0,1,1]]p[[[],[0,3,0],[0,3,3,0]]]nm0.5np0.5c240s0.",9999999.0,NULL
3CNF2,vampire,"v06m1d2C[[0,1,1]]p[[[],[0,3,0],[0,3,3,0]]]nm0.5np0.5c240s1.",0.15, Unsat
3CNF2,vampire,"v06m1d2C[[0,1,1]]p[[[],[0,3,0],[0,3,3,0]]]nm0.5np0.5c240s2.",75.53, Sat  
3CNF2,vampire,"v06m1d2C[[0,1,1]]p[[[],[0,3,0],[0,3,3,0]]]nm0.5np0.5c240s3.",9999999.0,NULL
3CNF2,vampire,"v06m1d2C[[0,1,1]]p[[[],[0,3,0],[0,3,3,0]]]nm0.5np0.5c240s4.",89.32, Unsat
3CNF2,vampire,"v06m1d2C[[0,1,1]]p[[[],[0,3,0],[0,3,3,0]]]nm0.5np0.5c240s5.",7.75, Unsat
3CNF2,vampire,"v06m1d2C[[0,1,1]]p[[[],[0,3,0],[0,3,3,0]]]nm0.5np0.5c240s6.",13.87, Unsat
3CNF2,vampire,"v06m1d2C[[0,1,1]]p[[[],[0,3,0],[0,3,3,0]]]nm0.5np0.5c240s7.",31.12, Unsat
3CNF2,vampire,"v06m1d2C[[0,1,1]]p[[[],[0,3,0],[0,3,3,0]]]nm0.5np0.5c240s8.",75.36, Sat  
3CNF2,vampire,"v06m1d2C[[0,1,1]]p[[[],[0,3,0],[0,3,3,0]]]nm0.5np0.5c240s9.",5.97, Unsat
3CNF2,vampire,"v06m1d2C[[0,1,1]]p[[[],[0,3,0],[0,3,3,0]]]nm0.5np0.5c252s0.",9999999.0,NULL
3CNF2,vampire,"v06m1d2C[[0,1,1]]p[[[],[0,3,0],[0,3,3,0]]]nm0.5np0.5c252s1.",9999999.0,NULL
3CNF2,vampire,"v06m1d2C[[0,1,1]]p[[[],[0,3,0],[0,3,3,0]]]nm0.5np0.5c252s2.",20.86, Sat  
3CNF2,vampire,"v06m1d2C[[0,1,1]]p[[[],[0,3,0],[0,3,3,0]]]nm0.5np0.5c252s3.",55.2, Unsat
3CNF2,vampire,"v06m1d2C[[0,1,1]]p[[[],[0,3,0],[0,3,3,0]]]nm0.5np0.5c252s4.",17.34, Unsat
3CNF2,vampire,"v06m1d2C[[0,1,1]]p[[[],[0,3,0],[0,3,3,0]]]nm0.5np0.5c252s5.",5.44, Unsat
3CNF2,vampire,"v06m1d2C[[0,1,1]]p[[[],[0,3,0],[0,3,3,0]]]nm0.5np0.5c252s6.",63.74, Unsat
3CNF2,vampire,"v06m1d2C[[0,1,1]]p[[[],[0,3,0],[0,3,3,0]]]nm0.5np0.5c252s7.",2.85, Unsat
3CNF2,vampire,"v06m1d2C[[0,1,1]]p[[[],[0,3,0],[0,3,3,0]]]nm0.5np0.5c252s8.",74.71, Sat  
3CNF2,vampire,"v06m1d2C[[0,1,1]]p[[[],[0,3,0],[0,3,3,0]]]nm0.5np0.5c252s9.",9999999.0,NULL
3CNF2,vampire,"v06m1d2C[[0,1,1]]p[[[],[0,3,0],[0,3,3,0]]]nm0.5np0.5c264s0.",0.04, Unsat
3CNF2,vampire,"v06m1d2C[[0,1,1]]p[[[],[0,3,0],[0,3,3,0]]]nm0.5np0.5c264s1.",9999999.0,NULL
3CNF2,vampire,"v06m1d2C[[0,1,1]]p[[[],[0,3,0],[0,3,3,0]]]nm0.5np0.5c264s2.",58.48, Unsat
3CNF2,vampire,"v06m1d2C[[0,1,1]]p[[[],[0,3,0],[0,3,3,0]]]nm0.5np0.5c264s3.",4.78, Unsat
3CNF2,vampire,"v06m1d2C[[0,1,1]]p[[[],[0,3,0],[0,3,3,0]]]nm0.5np0.5c264s4.",206.17, Sat  
3CNF2,vampire,"v06m1d2C[[0,1,1]]p[[[],[0,3,0],[0,3,3,0]]]nm0.5np0.5c264s5.",253.76, Sat  
3CNF2,vampire,"v06m1d2C[[0,1,1]]p[[[],[0,3,0],[0,3,3,0]]]nm0.5np0.5c264s6.",180.78, Sat  
3CNF2,vampire,"v06m1d2C[[0,1,1]]p[[[],[0,3,0],[0,3,3,0]]]nm0.5np0.5c264s7.",9999999.0,NULL
3CNF2,vampire,"v06m1d2C[[0,1,1]]p[[[],[0,3,0],[0,3,3,0]]]nm0.5np0.5c264s8.",73.93, Unsat
3CNF2,vampire,"v06m1d2C[[0,1,1]]p[[[],[0,3,0],[0,3,3,0]]]nm0.5np0.5c264s9.",9999999.0,NULL
3CNF2,vampire,"v06m1d2C[[0,1,1]]p[[[],[0,3,0],[0,3,3,0]]]nm0.5np0.5c276s0.",6.43, Unsat
3CNF2,vampire,"v06m1d2C[[0,1,1]]p[[[],[0,3,0],[0,3,3,0]]]nm0.5np0.5c276s1.",348.07, Unsat
3CNF2,vampire,"v06m1d2C[[0,1,1]]p[[[],[0,3,0],[0,3,3,0]]]nm0.5np0.5c276s2.",1.09, Unsat
3CNF2,vampire,"v06m1d2C[[0,1,1]]p[[[],[0,3,0],[0,3,3,0]]]nm0.5np0.5c276s3.",22.29, Unsat
3CNF2,vampire,"v06m1d2C[[0,1,1]]p[[[],[0,3,0],[0,3,3,0]]]nm0.5np0.5c276s4.",0.47, Unsat
3CNF2,vampire,"v06m1d2C[[0,1,1]]p[[[],[0,3,0],[0,3,3,0]]]nm0.5np0.5c276s5.",5.16, Unsat
3CNF2,vampire,"v06m1d2C[[0,1,1]]p[[[],[0,3,0],[0,3,3,0]]]nm0.5np0.5c276s6.",6.03, Unsat
3CNF2,vampire,"v06m1d2C[[0,1,1]]p[[[],[0,3,0],[0,3,3,0]]]nm0.5np0.5c276s7.",132.57, Sat  
3CNF2,vampire,"v06m1d2C[[0,1,1]]p[[[],[0,3,0],[0,3,3,0]]]nm0.5np0.5c276s8.",0.3, Unsat
3CNF2,vampire,"v06m1d2C[[0,1,1]]p[[[],[0,3,0],[0,3,3,0]]]nm0.5np0.5c276s9.",9999999.0,NULL
3CNF2,vampire,"v06m1d2C[[0,1,1]]p[[[],[0,3,0],[0,3,3,0]]]nm0.5np0.5c282s0.",197.7, Unsat
3CNF2,vampire,"v06m1d2C[[0,1,1]]p[[[],[0,3,0],[0,3,3,0]]]nm0.5np0.5c282s1.",6.61, Unsat
3CNF2,vampire,"v06m1d2C[[0,1,1]]p[[[],[0,3,0],[0,3,3,0]]]nm0.5np0.5c282s2.",41.41, Unsat
3CNF2,vampire,"v06m1d2C[[0,1,1]]p[[[],[0,3,0],[0,3,3,0]]]nm0.5np0.5c282s3.",16.91, Unsat
3CNF2,vampire,"v06m1d2C[[0,1,1]]p[[[],[0,3,0],[0,3,3,0]]]nm0.5np0.5c282s4.",9999999.0,NULL
3CNF2,vampire,"v06m1d2C[[0,1,1]]p[[[],[0,3,0],[0,3,3,0]]]nm0.5np0.5c282s5.",926.94, Sat  
3CNF2,vampire,"v06m1d2C[[0,1,1]]p[[[],[0,3,0],[0,3,3,0]]]nm0.5np0.5c282s6.",72.41, Unsat
3CNF2,vampire,"v06m1d2C[[0,1,1]]p[[[],[0,3,0],[0,3,3,0]]]nm0.5np0.5c282s7.",1.0, Unsat
3CNF2,vampire,"v06m1d2C[[0,1,1]]p[[[],[0,3,0],[0,3,3,0]]]nm0.5np0.5c282s8.",12.22, Unsat
3CNF2,vampire,"v06m1d2C[[0,1,1]]p[[[],[0,3,0],[0,3,3,0]]]nm0.5np0.5c282s9.",756.05, Sat  
3CNF2,vampire,"v06m1d2C[[0,1,1]]p[[[],[0,3,0],[0,3,3,0]]]nm0.5np0.5c288s0.",33.72, Unsat
3CNF2,vampire,"v06m1d2C[[0,1,1]]p[[[],[0,3,0],[0,3,3,0]]]nm0.5np0.5c288s1.",72.34, Unsat
3CNF2,vampire,"v06m1d2C[[0,1,1]]p[[[],[0,3,0],[0,3,3,0]]]nm0.5np0.5c288s2.",120.12, Sat  
3CNF2,vampire,"v06m1d2C[[0,1,1]]p[[[],[0,3,0],[0,3,3,0]]]nm0.5np0.5c288s3.",0.47, Unsat
3CNF2,vampire,"v06m1d2C[[0,1,1]]p[[[],[0,3,0],[0,3,3,0]]]nm0.5np0.5c288s4.",4.28, Unsat
3CNF2,vampire,"v06m1d2C[[0,1,1]]p[[[],[0,3,0],[0,3,3,0]]]nm0.5np0.5c288s5.",35.07, Unsat
3CNF2,vampire,"v06m1d2C[[0,1,1]]p[[[],[0,3,0],[0,3,3,0]]]nm0.5np0.5c288s6.",0.5, Unsat
3CNF2,vampire,"v06m1d2C[[0,1,1]]p[[[],[0,3,0],[0,3,3,0]]]nm0.5np0.5c288s7.",27.65, Unsat
3CNF2,vampire,"v06m1d2C[[0,1,1]]p[[[],[0,3,0],[0,3,3,0]]]nm0.5np0.5c288s8.",1.3, Unsat
3CNF2,vampire,"v06m1d2C[[0,1,1]]p[[[],[0,3,0],[0,3,3,0]]]nm0.5np0.5c288s9.",9999999.0,NULL
3CNF2,vampire,"v06m1d2C[[0,1,1]]p[[[],[0,3,0],[0,3,3,0]]]nm0.5np0.5c300s0.",1.04, Unsat
3CNF2,vampire,"v06m1d2C[[0,1,1]]p[[[],[0,3,0],[0,3,3,0]]]nm0.5np0.5c300s1.",1.47, Unsat
3CNF2,vampire,"v06m1d2C[[0,1,1]]p[[[],[0,3,0],[0,3,3,0]]]nm0.5np0.5c300s2.",14.76, Unsat
3CNF2,vampire,"v06m1d2C[[0,1,1]]p[[[],[0,3,0],[0,3,3,0]]]nm0.5np0.5c300s3.",0.59, Unsat
3CNF2,vampire,"v06m1d2C[[0,1,1]]p[[[],[0,3,0],[0,3,3,0]]]nm0.5np0.5c300s4.",29.86, Unsat
3CNF2,vampire,"v06m1d2C[[0,1,1]]p[[[],[0,3,0],[0,3,3,0]]]nm0.5np0.5c300s5.",0.08, Unsat
3CNF2,vampire,"v06m1d2C[[0,1,1]]p[[[],[0,3,0],[0,3,3,0]]]nm0.5np0.5c300s6.",9999999.0,NULL
3CNF2,vampire,"v06m1d2C[[0,1,1]]p[[[],[0,3,0],[0,3,3,0]]]nm0.5np0.5c300s7.",0.53, Unsat
3CNF2,vampire,"v06m1d2C[[0,1,1]]p[[[],[0,3,0],[0,3,3,0]]]nm0.5np0.5c300s8.",9999999.0,NULL
3CNF2,vampire,"v06m1d2C[[0,1,1]]p[[[],[0,3,0],[0,3,3,0]]]nm0.5np0.5c300s9.",19.26, Unsat
3CNF2,vampire,"v07m1d2C[[0,2,1]]p[[[],[0,3,0],[0,3,3,0]]]nm0.5np0.5c196s0.",7.84, Sat  
3CNF2,vampire,"v07m1d2C[[0,2,1]]p[[[],[0,3,0],[0,3,3,0]]]nm0.5np0.5c196s1.",259.28, Sat  
3CNF2,vampire,"v07m1d2C[[0,2,1]]p[[[],[0,3,0],[0,3,3,0]]]nm0.5np0.5c196s2.",9.05, Unsat
3CNF2,vampire,"v07m1d2C[[0,2,1]]p[[[],[0,3,0],[0,3,3,0]]]nm0.5np0.5c196s3.",9999999.0,NULL
3CNF2,vampire,"v07m1d2C[[0,2,1]]p[[[],[0,3,0],[0,3,3,0]]]nm0.5np0.5c196s4.",4.85, Sat  
3CNF2,vampire,"v07m1d2C[[0,2,1]]p[[[],[0,3,0],[0,3,3,0]]]nm0.5np0.5c196s5.",207.6, Sat  
3CNF2,vampire,"v07m1d2C[[0,2,1]]p[[[],[0,3,0],[0,3,3,0]]]nm0.5np0.5c196s6.",0.39, Sat  
3CNF2,vampire,"v07m1d2C[[0,2,1]]p[[[],[0,3,0],[0,3,3,0]]]nm0.5np0.5c196s7.",52.71, Sat  
3CNF2,vampire,"v07m1d2C[[0,2,1]]p[[[],[0,3,0],[0,3,3,0]]]nm0.5np0.5c196s8.",2.55, Sat  
3CNF2,vampire,"v07m1d2C[[0,2,1]]p[[[],[0,3,0],[0,3,3,0]]]nm0.5np0.5c196s9.",5.31, Sat  
3CNF2,vampire,"v07m1d2C[[0,2,1]]p[[[],[0,3,0],[0,3,3,0]]]nm0.5np0.5c210s0.",7.99, Sat  
3CNF2,vampire,"v07m1d2C[[0,2,1]]p[[[],[0,3,0],[0,3,3,0]]]nm0.5np0.5c210s1.",64.5, Sat  
3CNF2,vampire,"v07m1d2C[[0,2,1]]p[[[],[0,3,0],[0,3,3,0]]]nm0.5np0.5c210s2.",1.3, Unsat
3CNF2,vampire,"v07m1d2C[[0,2,1]]p[[[],[0,3,0],[0,3,3,0]]]nm0.5np0.5c210s3.",9999999.0,NULL
3CNF2,vampire,"v07m1d2C[[0,2,1]]p[[[],[0,3,0],[0,3,3,0]]]nm0.5np0.5c210s4.",4.83, Sat  
3CNF2,vampire,"v07m1d2C[[0,2,1]]p[[[],[0,3,0],[0,3,3,0]]]nm0.5np0.5c210s5.",28.43, Sat  
3CNF2,vampire,"v07m1d2C[[0,2,1]]p[[[],[0,3,0],[0,3,3,0]]]nm0.5np0.5c210s6.",150.57, Unsat
3CNF2,vampire,"v07m1d2C[[0,2,1]]p[[[],[0,3,0],[0,3,3,0]]]nm0.5np0.5c210s7.",2.23, Sat  
3CNF2,vampire,"v07m1d2C[[0,2,1]]p[[[],[0,3,0],[0,3,3,0]]]nm0.5np0.5c210s8.",164.13, Sat  
3CNF2,vampire,"v07m1d2C[[0,2,1]]p[[[],[0,3,0],[0,3,3,0]]]nm0.5np0.5c210s9.",9999999.0,NULL
3CNF2,vampire,"v07m1d2C[[0,2,1]]p[[[],[0,3,0],[0,3,3,0]]]nm0.5np0.5c224s0.",48.01, Sat  
3CNF2,vampire,"v07m1d2C[[0,2,1]]p[[[],[0,3,0],[0,3,3,0]]]nm0.5np0.5c224s1.",9999999.0,NULL
3CNF2,vampire,"v07m1d2C[[0,2,1]]p[[[],[0,3,0],[0,3,3,0]]]nm0.5np0.5c224s2.",665.83, Sat  
3CNF2,vampire,"v07m1d2C[[0,2,1]]p[[[],[0,3,0],[0,3,3,0]]]nm0.5np0.5c224s3.",163.2, Sat  
3CNF2,vampire,"v07m1d2C[[0,2,1]]p[[[],[0,3,0],[0,3,3,0]]]nm0.5np0.5c224s4.",541.58, Sat  
3CNF2,vampire,"v07m1d2C[[0,2,1]]p[[[],[0,3,0],[0,3,3,0]]]nm0.5np0.5c224s5.",2.11, Unsat
3CNF2,vampire,"v07m1d2C[[0,2,1]]p[[[],[0,3,0],[0,3,3,0]]]nm0.5np0.5c224s6.",9999999.0,NULL
3CNF2,vampire,"v07m1d2C[[0,2,1]]p[[[],[0,3,0],[0,3,3,0]]]nm0.5np0.5c224s7.",76.12, Sat  
3CNF2,vampire,"v07m1d2C[[0,2,1]]p[[[],[0,3,0],[0,3,3,0]]]nm0.5np0.5c224s8.",42.07, Unsat
3CNF2,vampire,"v07m1d2C[[0,2,1]]p[[[],[0,3,0],[0,3,3,0]]]nm0.5np0.5c224s9.",0.12, Unsat
3CNF2,vampire,"v07m1d2C[[0,2,1]]p[[[],[0,3,0],[0,3,3,0]]]nm0.5np0.5c238s0.",0.27, Unsat
3CNF2,vampire,"v07m1d2C[[0,2,1]]p[[[],[0,3,0],[0,3,3,0]]]nm0.5np0.5c238s1.",109.18, Unsat
3CNF2,vampire,"v07m1d2C[[0,2,1]]p[[[],[0,3,0],[0,3,3,0]]]nm0.5np0.5c238s2.",265.71, Sat  
3CNF2,vampire,"v07m1d2C[[0,2,1]]p[[[],[0,3,0],[0,3,3,0]]]nm0.5np0.5c238s3.",9999999.0,NULL
3CNF2,vampire,"v07m1d2C[[0,2,1]]p[[[],[0,3,0],[0,3,3,0]]]nm0.5np0.5c238s4.",111.53, Sat  
3CNF2,vampire,"v07m1d2C[[0,2,1]]p[[[],[0,3,0],[0,3,3,0]]]nm0.5np0.5c238s5.",14.38, Sat  
3CNF2,vampire,"v07m1d2C[[0,2,1]]p[[[],[0,3,0],[0,3,3,0]]]nm0.5np0.5c238s6.",2.65, Unsat
3CNF2,vampire,"v07m1d2C[[0,2,1]]p[[[],[0,3,0],[0,3,3,0]]]nm0.5np0.5c238s7.",7.2, Sat  
3CNF2,vampire,"v07m1d2C[[0,2,1]]p[[[],[0,3,0],[0,3,3,0]]]nm0.5np0.5c238s8.",248.23, Sat  
3CNF2,vampire,"v07m1d2C[[0,2,1]]p[[[],[0,3,0],[0,3,3,0]]]nm0.5np0.5c238s9.",78.92, Unsat
3CNF2,vampire,"v07m1d2C[[0,2,1]]p[[[],[0,3,0],[0,3,3,0]]]nm0.5np0.5c252s0.",59.82, Sat  
3CNF2,vampire,"v07m1d2C[[0,2,1]]p[[[],[0,3,0],[0,3,3,0]]]nm0.5np0.5c252s1.",130.25, Sat  
3CNF2,vampire,"v07m1d2C[[0,2,1]]p[[[],[0,3,0],[0,3,3,0]]]nm0.5np0.5c252s2.",0.28, Unsat
3CNF2,vampire,"v07m1d2C[[0,2,1]]p[[[],[0,3,0],[0,3,3,0]]]nm0.5np0.5c252s3.",35.18, Unsat
3CNF2,vampire,"v07m1d2C[[0,2,1]]p[[[],[0,3,0],[0,3,3,0]]]nm0.5np0.5c252s4.",4.48, Sat  
3CNF2,vampire,"v07m1d2C[[0,2,1]]p[[[],[0,3,0],[0,3,3,0]]]nm0.5np0.5c252s5.",939.19, Sat  
3CNF2,vampire,"v07m1d2C[[0,2,1]]p[[[],[0,3,0],[0,3,3,0]]]nm0.5np0.5c252s6.",9999999.0,NULL
3CNF2,vampire,"v07m1d2C[[0,2,1]]p[[[],[0,3,0],[0,3,3,0]]]nm0.5np0.5c252s7.",166.2, Sat  
3CNF2,vampire,"v07m1d2C[[0,2,1]]p[[[],[0,3,0],[0,3,3,0]]]nm0.5np0.5c252s8.",141.72, Sat  
3CNF2,vampire,"v07m1d2C[[0,2,1]]p[[[],[0,3,0],[0,3,3,0]]]nm0.5np0.5c252s9.",139.62, Sat  
3CNF2,vampire,"v07m1d2C[[0,2,1]]p[[[],[0,3,0],[0,3,3,0]]]nm0.5np0.5c266s0.",0.22, Unsat
3CNF2,vampire,"v07m1d2C[[0,2,1]]p[[[],[0,3,0],[0,3,3,0]]]nm0.5np0.5c266s1.",885.43, Sat  
3CNF2,vampire,"v07m1d2C[[0,2,1]]p[[[],[0,3,0],[0,3,3,0]]]nm0.5np0.5c266s2.",2.43, Unsat
3CNF2,vampire,"v07m1d2C[[0,2,1]]p[[[],[0,3,0],[0,3,3,0]]]nm0.5np0.5c266s3.",0.85, Unsat
3CNF2,vampire,"v07m1d2C[[0,2,1]]p[[[],[0,3,0],[0,3,3,0]]]nm0.5np0.5c266s4.",9999999.0,NULL
3CNF2,vampire,"v07m1d2C[[0,2,1]]p[[[],[0,3,0],[0,3,3,0]]]nm0.5np0.5c266s5.",8.83, Unsat
3CNF2,vampire,"v07m1d2C[[0,2,1]]p[[[],[0,3,0],[0,3,3,0]]]nm0.5np0.5c266s6.",0.6, Unsat
3CNF2,vampire,"v07m1d2C[[0,2,1]]p[[[],[0,3,0],[0,3,3,0]]]nm0.5np0.5c266s7.",1.09, Unsat
3CNF2,vampire,"v07m1d2C[[0,2,1]]p[[[],[0,3,0],[0,3,3,0]]]nm0.5np0.5c266s8.",0.24, Unsat
3CNF2,vampire,"v07m1d2C[[0,2,1]]p[[[],[0,3,0],[0,3,3,0]]]nm0.5np0.5c266s9.",327.57, Sat  
3CNF2,vampire,"v07m1d2C[[0,2,1]]p[[[],[0,3,0],[0,3,3,0]]]nm0.5np0.5c280s0.",0.2, Unsat
3CNF2,vampire,"v07m1d2C[[0,2,1]]p[[[],[0,3,0],[0,3,3,0]]]nm0.5np0.5c280s1.",0.35, Unsat
3CNF2,vampire,"v07m1d2C[[0,2,1]]p[[[],[0,3,0],[0,3,3,0]]]nm0.5np0.5c280s2.",4.29, Unsat
3CNF2,vampire,"v07m1d2C[[0,2,1]]p[[[],[0,3,0],[0,3,3,0]]]nm0.5np0.5c280s3.",4.49, Unsat
3CNF2,vampire,"v07m1d2C[[0,2,1]]p[[[],[0,3,0],[0,3,3,0]]]nm0.5np0.5c280s4.",12.84, Sat  
3CNF2,vampire,"v07m1d2C[[0,2,1]]p[[[],[0,3,0],[0,3,3,0]]]nm0.5np0.5c280s5.",22.47, Sat  
3CNF2,vampire,"v07m1d2C[[0,2,1]]p[[[],[0,3,0],[0,3,3,0]]]nm0.5np0.5c280s6.",9999999.0,NULL
3CNF2,vampire,"v07m1d2C[[0,2,1]]p[[[],[0,3,0],[0,3,3,0]]]nm0.5np0.5c280s7.",8.32, Unsat
3CNF2,vampire,"v07m1d2C[[0,2,1]]p[[[],[0,3,0],[0,3,3,0]]]nm0.5np0.5c280s8.",2.86, Unsat
3CNF2,vampire,"v07m1d2C[[0,2,1]]p[[[],[0,3,0],[0,3,3,0]]]nm0.5np0.5c280s9.",76.21, Unsat
3CNF2,vampire,"v07m1d2C[[0,2,1]]p[[[],[0,3,0],[0,3,3,0]]]nm0.5np0.5c294s0.",9999999.0,NULL
3CNF2,vampire,"v07m1d2C[[0,2,1]]p[[[],[0,3,0],[0,3,3,0]]]nm0.5np0.5c294s1.",0.72, Unsat
3CNF2,vampire,"v07m1d2C[[0,2,1]]p[[[],[0,3,0],[0,3,3,0]]]nm0.5np0.5c294s2.",58.61, Unsat
3CNF2,vampire,"v07m1d2C[[0,2,1]]p[[[],[0,3,0],[0,3,3,0]]]nm0.5np0.5c294s3.",0.5, Unsat
3CNF2,vampire,"v07m1d2C[[0,2,1]]p[[[],[0,3,0],[0,3,3,0]]]nm0.5np0.5c294s4.",1.87, Unsat
3CNF2,vampire,"v07m1d2C[[0,2,1]]p[[[],[0,3,0],[0,3,3,0]]]nm0.5np0.5c294s5.",1.06, Unsat
3CNF2,vampire,"v07m1d2C[[0,2,1]]p[[[],[0,3,0],[0,3,3,0]]]nm0.5np0.5c294s6.",0.44, Unsat
3CNF2,vampire,"v07m1d2C[[0,2,1]]p[[[],[0,3,0],[0,3,3,0]]]nm0.5np0.5c294s7.",574.63, Sat  
3CNF2,vampire,"v07m1d2C[[0,2,1]]p[[[],[0,3,0],[0,3,3,0]]]nm0.5np0.5c294s8.",8.13, Unsat
3CNF2,vampire,"v07m1d2C[[0,2,1]]p[[[],[0,3,0],[0,3,3,0]]]nm0.5np0.5c294s9.",1.11, Unsat
3CNF2,vampire,"v10m1d1C[[0,0,1]]p[[[],[],[0,3,3,0]]]nm0.5np0.5c280s0.",7.16, Sat  
3CNF2,vampire,"v10m1d1C[[0,0,1]]p[[[],[],[0,3,3,0]]]nm0.5np0.5c280s1.",6.88, Sat  
3CNF2,vampire,"v10m1d1C[[0,0,1]]p[[[],[],[0,3,3,0]]]nm0.5np0.5c280s2.",8.09, Sat  
3CNF2,vampire,"v10m1d1C[[0,0,1]]p[[[],[],[0,3,3,0]]]nm0.5np0.5c280s3.",6.84, Sat  
3CNF2,vampire,"v10m1d1C[[0,0,1]]p[[[],[],[0,3,3,0]]]nm0.5np0.5c280s4.",12.08, Sat  
3CNF2,vampire,"v10m1d1C[[0,0,1]]p[[[],[],[0,3,3,0]]]nm0.5np0.5c280s5.",7.89, Sat  
3CNF2,vampire,"v10m1d1C[[0,0,1]]p[[[],[],[0,3,3,0]]]nm0.5np0.5c280s6.",8.77, Sat  
3CNF2,vampire,"v10m1d1C[[0,0,1]]p[[[],[],[0,3,3,0]]]nm0.5np0.5c280s7.",11.01, Sat  
3CNF2,vampire,"v10m1d1C[[0,0,1]]p[[[],[],[0,3,3,0]]]nm0.5np0.5c280s8.",8.82, Sat  
3CNF2,vampire,"v10m1d1C[[0,0,1]]p[[[],[],[0,3,3,0]]]nm0.5np0.5c280s9.",7.32, Sat  
3CNF2,vampire,"v10m1d1C[[0,0,1]]p[[[],[],[0,3,3,0]]]nm0.5np0.5c290s0.",7.23, Sat  
3CNF2,vampire,"v10m1d1C[[0,0,1]]p[[[],[],[0,3,3,0]]]nm0.5np0.5c290s1.",9.42, Sat  
3CNF2,vampire,"v10m1d1C[[0,0,1]]p[[[],[],[0,3,3,0]]]nm0.5np0.5c290s2.",5.3, Sat  
3CNF2,vampire,"v10m1d1C[[0,0,1]]p[[[],[],[0,3,3,0]]]nm0.5np0.5c290s3.",9.62, Sat  
3CNF2,vampire,"v10m1d1C[[0,0,1]]p[[[],[],[0,3,3,0]]]nm0.5np0.5c290s4.",8.7, Sat  
3CNF2,vampire,"v10m1d1C[[0,0,1]]p[[[],[],[0,3,3,0]]]nm0.5np0.5c290s5.",11.2, Sat  
3CNF2,vampire,"v10m1d1C[[0,0,1]]p[[[],[],[0,3,3,0]]]nm0.5np0.5c290s6.",7.22, Unsat
3CNF2,vampire,"v10m1d1C[[0,0,1]]p[[[],[],[0,3,3,0]]]nm0.5np0.5c290s7.",8.85, Sat  
3CNF2,vampire,"v10m1d1C[[0,0,1]]p[[[],[],[0,3,3,0]]]nm0.5np0.5c290s8.",10.77, Sat  
3CNF2,vampire,"v10m1d1C[[0,0,1]]p[[[],[],[0,3,3,0]]]nm0.5np0.5c290s9.",10.25, Sat  
3CNF2,vampire,"v10m1d1C[[0,0,1]]p[[[],[],[0,3,3,0]]]nm0.5np0.5c300s0.",6.81, Sat  
3CNF2,vampire,"v10m1d1C[[0,0,1]]p[[[],[],[0,3,3,0]]]nm0.5np0.5c300s1.",8.55, Unsat
3CNF2,vampire,"v10m1d1C[[0,0,1]]p[[[],[],[0,3,3,0]]]nm0.5np0.5c300s2.",6.14, Sat  
3CNF2,vampire,"v10m1d1C[[0,0,1]]p[[[],[],[0,3,3,0]]]nm0.5np0.5c300s3.",7.73, Sat  
3CNF2,vampire,"v10m1d1C[[0,0,1]]p[[[],[],[0,3,3,0]]]nm0.5np0.5c300s4.",13.98, Sat  
3CNF2,vampire,"v10m1d1C[[0,0,1]]p[[[],[],[0,3,3,0]]]nm0.5np0.5c300s5.",9.35, Sat  
3CNF2,vampire,"v10m1d1C[[0,0,1]]p[[[],[],[0,3,3,0]]]nm0.5np0.5c300s6.",9.51, Sat  
3CNF2,vampire,"v10m1d1C[[0,0,1]]p[[[],[],[0,3,3,0]]]nm0.5np0.5c300s7.",8.64, Unsat
3CNF2,vampire,"v10m1d1C[[0,0,1]]p[[[],[],[0,3,3,0]]]nm0.5np0.5c300s8.",9.73, Sat  
3CNF2,vampire,"v10m1d1C[[0,0,1]]p[[[],[],[0,3,3,0]]]nm0.5np0.5c300s9.",9.18, Sat  
3CNF2,vampire,"v10m1d1C[[0,0,1]]p[[[],[],[0,3,3,0]]]nm0.5np0.5c310s0.",5.5, Sat  
3CNF2,vampire,"v10m1d1C[[0,0,1]]p[[[],[],[0,3,3,0]]]nm0.5np0.5c310s1.",7.35, Sat  
3CNF2,vampire,"v10m1d1C[[0,0,1]]p[[[],[],[0,3,3,0]]]nm0.5np0.5c310s2.",6.75, Sat  
3CNF2,vampire,"v10m1d1C[[0,0,1]]p[[[],[],[0,3,3,0]]]nm0.5np0.5c310s3.",9.97, Unsat
3CNF2,vampire,"v10m1d1C[[0,0,1]]p[[[],[],[0,3,3,0]]]nm0.5np0.5c310s4.",6.19, Unsat
3CNF2,vampire,"v10m1d1C[[0,0,1]]p[[[],[],[0,3,3,0]]]nm0.5np0.5c310s5.",9.99, Sat  
3CNF2,vampire,"v10m1d1C[[0,0,1]]p[[[],[],[0,3,3,0]]]nm0.5np0.5c310s6.",6.58, Unsat
3CNF2,vampire,"v10m1d1C[[0,0,1]]p[[[],[],[0,3,3,0]]]nm0.5np0.5c310s7.",7.73, Sat  
3CNF2,vampire,"v10m1d1C[[0,0,1]]p[[[],[],[0,3,3,0]]]nm0.5np0.5c310s8.",7.17, Unsat
3CNF2,vampire,"v10m1d1C[[0,0,1]]p[[[],[],[0,3,3,0]]]nm0.5np0.5c310s9.",13.52, Sat  
3CNF2,vampire,"v10m1d1C[[0,0,1]]p[[[],[],[0,3,3,0]]]nm0.5np0.5c320s0.",8.72, Sat  
3CNF2,vampire,"v10m1d1C[[0,0,1]]p[[[],[],[0,3,3,0]]]nm0.5np0.5c320s1.",7.52, Unsat
3CNF2,vampire,"v10m1d1C[[0,0,1]]p[[[],[],[0,3,3,0]]]nm0.5np0.5c320s2.",11.04, Unsat
3CNF2,vampire,"v10m1d1C[[0,0,1]]p[[[],[],[0,3,3,0]]]nm0.5np0.5c320s3.",8.21, Unsat
3CNF2,vampire,"v10m1d1C[[0,0,1]]p[[[],[],[0,3,3,0]]]nm0.5np0.5c320s4.",12.71, Sat  
3CNF2,vampire,"v10m1d1C[[0,0,1]]p[[[],[],[0,3,3,0]]]nm0.5np0.5c320s5.",9.95, Sat  
3CNF2,vampire,"v10m1d1C[[0,0,1]]p[[[],[],[0,3,3,0]]]nm0.5np0.5c320s6.",9.78, Unsat
3CNF2,vampire,"v10m1d1C[[0,0,1]]p[[[],[],[0,3,3,0]]]nm0.5np0.5c320s7.",10.47, Sat  
3CNF2,vampire,"v10m1d1C[[0,0,1]]p[[[],[],[0,3,3,0]]]nm0.5np0.5c320s8.",11.51, Unsat
3CNF2,vampire,"v10m1d1C[[0,0,1]]p[[[],[],[0,3,3,0]]]nm0.5np0.5c320s9.",7.99, Unsat
3CNF2,vampire,"v10m1d1C[[0,0,1]]p[[[],[],[0,3,3,0]]]nm0.5np0.5c330s0.",10.51, Unsat
3CNF2,vampire,"v10m1d1C[[0,0,1]]p[[[],[],[0,3,3,0]]]nm0.5np0.5c330s1.",6.4, Sat  
3CNF2,vampire,"v10m1d1C[[0,0,1]]p[[[],[],[0,3,3,0]]]nm0.5np0.5c330s2.",11.49, Unsat
3CNF2,vampire,"v10m1d1C[[0,0,1]]p[[[],[],[0,3,3,0]]]nm0.5np0.5c330s3.",8.58, Unsat
3CNF2,vampire,"v10m1d1C[[0,0,1]]p[[[],[],[0,3,3,0]]]nm0.5np0.5c330s4.",10.75, Sat  
3CNF2,vampire,"v10m1d1C[[0,0,1]]p[[[],[],[0,3,3,0]]]nm0.5np0.5c330s5.",10.71, Sat  
3CNF2,vampire,"v10m1d1C[[0,0,1]]p[[[],[],[0,3,3,0]]]nm0.5np0.5c330s6.",11.4, Sat  
3CNF2,vampire,"v10m1d1C[[0,0,1]]p[[[],[],[0,3,3,0]]]nm0.5np0.5c330s7.",11.05, Unsat
3CNF2,vampire,"v10m1d1C[[0,0,1]]p[[[],[],[0,3,3,0]]]nm0.5np0.5c330s8.",11.69, Sat  
3CNF2,vampire,"v10m1d1C[[0,0,1]]p[[[],[],[0,3,3,0]]]nm0.5np0.5c330s9.",7.4, Sat  
3CNF2,vampire,"v10m1d1C[[0,0,1]]p[[[],[],[0,3,3,0]]]nm0.5np0.5c340s0.",8.1, Unsat
3CNF2,vampire,"v10m1d1C[[0,0,1]]p[[[],[],[0,3,3,0]]]nm0.5np0.5c340s1.",9.12, Unsat
3CNF2,vampire,"v10m1d1C[[0,0,1]]p[[[],[],[0,3,3,0]]]nm0.5np0.5c340s2.",9.11, Unsat
3CNF2,vampire,"v10m1d1C[[0,0,1]]p[[[],[],[0,3,3,0]]]nm0.5np0.5c340s3.",8.56, Unsat
3CNF2,vampire,"v10m1d1C[[0,0,1]]p[[[],[],[0,3,3,0]]]nm0.5np0.5c340s4.",10.23, Unsat
3CNF2,vampire,"v10m1d1C[[0,0,1]]p[[[],[],[0,3,3,0]]]nm0.5np0.5c340s5.",12.63, Unsat
3CNF2,vampire,"v10m1d1C[[0,0,1]]p[[[],[],[0,3,3,0]]]nm0.5np0.5c340s6.",8.38, Unsat
3CNF2,vampire,"v10m1d1C[[0,0,1]]p[[[],[],[0,3,3,0]]]nm0.5np0.5c340s7.",7.22, Sat  
3CNF2,vampire,"v10m1d1C[[0,0,1]]p[[[],[],[0,3,3,0]]]nm0.5np0.5c340s8.",5.51, Unsat
3CNF2,vampire,"v10m1d1C[[0,0,1]]p[[[],[],[0,3,3,0]]]nm0.5np0.5c340s9.",7.1, Unsat
3CNF2,vampire,"v10m1d1C[[0,0,1]]p[[[],[],[0,3,3,0]]]nm0.5np0.5c350s0.",9.7, Unsat
3CNF2,vampire,"v10m1d1C[[0,0,1]]p[[[],[],[0,3,3,0]]]nm0.5np0.5c350s1.",7.89, Unsat
3CNF2,vampire,"v10m1d1C[[0,0,1]]p[[[],[],[0,3,3,0]]]nm0.5np0.5c350s2.",7.55, Unsat
3CNF2,vampire,"v10m1d1C[[0,0,1]]p[[[],[],[0,3,3,0]]]nm0.5np0.5c350s3.",8.12, Unsat
3CNF2,vampire,"v10m1d1C[[0,0,1]]p[[[],[],[0,3,3,0]]]nm0.5np0.5c350s4.",10.69, Unsat
3CNF2,vampire,"v10m1d1C[[0,0,1]]p[[[],[],[0,3,3,0]]]nm0.5np0.5c350s5.",4.8, Unsat
3CNF2,vampire,"v10m1d1C[[0,0,1]]p[[[],[],[0,3,3,0]]]nm0.5np0.5c350s6.",6.45, Unsat
3CNF2,vampire,"v10m1d1C[[0,0,1]]p[[[],[],[0,3,3,0]]]nm0.5np0.5c350s7.",10.33, Unsat
3CNF2,vampire,"v10m1d1C[[0,0,1]]p[[[],[],[0,3,3,0]]]nm0.5np0.5c350s8.",6.22, Unsat
3CNF2,vampire,"v10m1d1C[[0,0,1]]p[[[],[],[0,3,3,0]]]nm0.5np0.5c350s9.",9.41, Sat  
3CNF2,vampire,"v10m1d1C[[0,0,1]]p[[[],[],[1,3,3,1]]]nm0.5np0.5c240s0.",1.84, Sat  
3CNF2,vampire,"v10m1d1C[[0,0,1]]p[[[],[],[1,3,3,1]]]nm0.5np0.5c240s1.",3.96, Sat  
3CNF2,vampire,"v10m1d1C[[0,0,1]]p[[[],[],[1,3,3,1]]]nm0.5np0.5c240s2.",4.71, Sat  
3CNF2,vampire,"v10m1d1C[[0,0,1]]p[[[],[],[1,3,3,1]]]nm0.5np0.5c240s3.",2.24, Sat  
3CNF2,vampire,"v10m1d1C[[0,0,1]]p[[[],[],[1,3,3,1]]]nm0.5np0.5c240s4.",1.1, Sat  
3CNF2,vampire,"v10m1d1C[[0,0,1]]p[[[],[],[1,3,3,1]]]nm0.5np0.5c240s5.",1.21, Sat  
3CNF2,vampire,"v10m1d1C[[0,0,1]]p[[[],[],[1,3,3,1]]]nm0.5np0.5c240s6.",3.14, Sat  
3CNF2,vampire,"v10m1d1C[[0,0,1]]p[[[],[],[1,3,3,1]]]nm0.5np0.5c240s7.",0.64, Sat  
3CNF2,vampire,"v10m1d1C[[0,0,1]]p[[[],[],[1,3,3,1]]]nm0.5np0.5c240s8.",0.16, Unsat
3CNF2,vampire,"v10m1d1C[[0,0,1]]p[[[],[],[1,3,3,1]]]nm0.5np0.5c240s9.",3.51, Sat  
3CNF2,vampire,"v10m1d1C[[0,0,1]]p[[[],[],[1,3,3,1]]]nm0.5np0.5c260s0.",2.04, Sat  
3CNF2,vampire,"v10m1d1C[[0,0,1]]p[[[],[],[1,3,3,1]]]nm0.5np0.5c260s1.",2.05, Sat  
3CNF2,vampire,"v10m1d1C[[0,0,1]]p[[[],[],[1,3,3,1]]]nm0.5np0.5c260s2.",0.02, Unsat
3CNF2,vampire,"v10m1d1C[[0,0,1]]p[[[],[],[1,3,3,1]]]nm0.5np0.5c260s3.",2.58, Sat  
3CNF2,vampire,"v10m1d1C[[0,0,1]]p[[[],[],[1,3,3,1]]]nm0.5np0.5c260s4.",3.13, Sat  
3CNF2,vampire,"v10m1d1C[[0,0,1]]p[[[],[],[1,3,3,1]]]nm0.5np0.5c260s5.",1.29, Unsat
3CNF2,vampire,"v10m1d1C[[0,0,1]]p[[[],[],[1,3,3,1]]]nm0.5np0.5c260s6.",1.84, Sat  
3CNF2,vampire,"v10m1d1C[[0,0,1]]p[[[],[],[1,3,3,1]]]nm0.5np0.5c260s7.",4.94, Sat  
3CNF2,vampire,"v10m1d1C[[0,0,1]]p[[[],[],[1,3,3,1]]]nm0.5np0.5c260s8.",2.13, Sat  
3CNF2,vampire,"v10m1d1C[[0,0,1]]p[[[],[],[1,3,3,1]]]nm0.5np0.5c260s9.",0.02, Unsat
3CNF2,vampire,"v10m1d1C[[0,0,1]]p[[[],[],[1,3,3,1]]]nm0.5np0.5c280s0.",3.39, Unsat
3CNF2,vampire,"v10m1d1C[[0,0,1]]p[[[],[],[1,3,3,1]]]nm0.5np0.5c280s1.",0.45, Sat  
3CNF2,vampire,"v10m1d1C[[0,0,1]]p[[[],[],[1,3,3,1]]]nm0.5np0.5c280s2.",0.55, Unsat
3CNF2,vampire,"v10m1d1C[[0,0,1]]p[[[],[],[1,3,3,1]]]nm0.5np0.5c280s3.",2.73, Unsat
3CNF2,vampire,"v10m1d1C[[0,0,1]]p[[[],[],[1,3,3,1]]]nm0.5np0.5c280s4.",3.75, Sat  
3CNF2,vampire,"v10m1d1C[[0,0,1]]p[[[],[],[1,3,3,1]]]nm0.5np0.5c280s5.",3.34, Sat  
3CNF2,vampire,"v10m1d1C[[0,0,1]]p[[[],[],[1,3,3,1]]]nm0.5np0.5c280s6.",0.6, Sat  
3CNF2,vampire,"v10m1d1C[[0,0,1]]p[[[],[],[1,3,3,1]]]nm0.5np0.5c280s7.",4.64, Sat  
3CNF2,vampire,"v10m1d1C[[0,0,1]]p[[[],[],[1,3,3,1]]]nm0.5np0.5c280s8.",6.0, Sat  
3CNF2,vampire,"v10m1d1C[[0,0,1]]p[[[],[],[1,3,3,1]]]nm0.5np0.5c280s9.",0.02, Unsat
3CNF2,vampire,"v10m1d1C[[0,0,1]]p[[[],[],[1,3,3,1]]]nm0.5np0.5c300s0.",0.03, Unsat
3CNF2,vampire,"v10m1d1C[[0,0,1]]p[[[],[],[1,3,3,1]]]nm0.5np0.5c300s1.",2.39, Unsat
3CNF2,vampire,"v10m1d1C[[0,0,1]]p[[[],[],[1,3,3,1]]]nm0.5np0.5c300s2.",1.63, Unsat
3CNF2,vampire,"v10m1d1C[[0,0,1]]p[[[],[],[1,3,3,1]]]nm0.5np0.5c300s3.",0.73, Unsat
3CNF2,vampire,"v10m1d1C[[0,0,1]]p[[[],[],[1,3,3,1]]]nm0.5np0.5c300s4.",2.63, Unsat
3CNF2,vampire,"v10m1d1C[[0,0,1]]p[[[],[],[1,3,3,1]]]nm0.5np0.5c300s5.",0.11, Unsat
3CNF2,vampire,"v10m1d1C[[0,0,1]]p[[[],[],[1,3,3,1]]]nm0.5np0.5c300s6.",1.6, Sat  
3CNF2,vampire,"v10m1d1C[[0,0,1]]p[[[],[],[1,3,3,1]]]nm0.5np0.5c300s7.",0.95, Unsat
3CNF2,vampire,"v10m1d1C[[0,0,1]]p[[[],[],[1,3,3,1]]]nm0.5np0.5c300s8.",1.99, Sat  
3CNF2,vampire,"v10m1d1C[[0,0,1]]p[[[],[],[1,3,3,1]]]nm0.5np0.5c300s9.",2.19, Unsat
3CNF2,vampire,"v10m1d1C[[0,0,1]]p[[[],[],[1,3,3,1]]]nm0.5np0.5c320s0.",2.58, Sat  
3CNF2,vampire,"v10m1d1C[[0,0,1]]p[[[],[],[1,3,3,1]]]nm0.5np0.5c320s1.",0.02, Unsat
3CNF2,vampire,"v10m1d1C[[0,0,1]]p[[[],[],[1,3,3,1]]]nm0.5np0.5c320s2.",1.01, Unsat
3CNF2,vampire,"v10m1d1C[[0,0,1]]p[[[],[],[1,3,3,1]]]nm0.5np0.5c320s3.",0.38, Unsat
3CNF2,vampire,"v10m1d1C[[0,0,1]]p[[[],[],[1,3,3,1]]]nm0.5np0.5c320s4.",1.17, Unsat
3CNF2,vampire,"v10m1d1C[[0,0,1]]p[[[],[],[1,3,3,1]]]nm0.5np0.5c320s5.",3.67, Sat  
3CNF2,vampire,"v10m1d1C[[0,0,1]]p[[[],[],[1,3,3,1]]]nm0.5np0.5c320s6.",5.98, Unsat
3CNF2,vampire,"v10m1d1C[[0,0,1]]p[[[],[],[1,3,3,1]]]nm0.5np0.5c320s7.",0.32, Unsat
3CNF2,vampire,"v10m1d1C[[0,0,1]]p[[[],[],[1,3,3,1]]]nm0.5np0.5c320s8.",0.13, Unsat
3CNF2,vampire,"v10m1d1C[[0,0,1]]p[[[],[],[1,3,3,1]]]nm0.5np0.5c320s9.",0.86, Unsat
3CNF2,vampire,"v10m1d1C[[0,0,1]]p[[[],[],[1,3,3,1]]]nm0.5np0.5c340s0.",3.11, Unsat
3CNF2,vampire,"v10m1d1C[[0,0,1]]p[[[],[],[1,3,3,1]]]nm0.5np0.5c340s1.",2.34, Unsat
3CNF2,vampire,"v10m1d1C[[0,0,1]]p[[[],[],[1,3,3,1]]]nm0.5np0.5c340s2.",2.76, Unsat
3CNF2,vampire,"v10m1d1C[[0,0,1]]p[[[],[],[1,3,3,1]]]nm0.5np0.5c340s3.",4.82, Unsat
3CNF2,vampire,"v10m1d1C[[0,0,1]]p[[[],[],[1,3,3,1]]]nm0.5np0.5c340s4.",0.03, Unsat
3CNF2,vampire,"v10m1d1C[[0,0,1]]p[[[],[],[1,3,3,1]]]nm0.5np0.5c340s5.",3.23, Unsat
3CNF2,vampire,"v10m1d1C[[0,0,1]]p[[[],[],[1,3,3,1]]]nm0.5np0.5c340s6.",1.07, Unsat
3CNF2,vampire,"v10m1d1C[[0,0,1]]p[[[],[],[1,3,3,1]]]nm0.5np0.5c340s7.",0.04, Unsat
3CNF2,vampire,"v10m1d1C[[0,0,1]]p[[[],[],[1,3,3,1]]]nm0.5np0.5c340s8.",2.25, Unsat
3CNF2,vampire,"v10m1d1C[[0,0,1]]p[[[],[],[1,3,3,1]]]nm0.5np0.5c340s9.",2.23, Unsat
3CNF2,vampire,"v10m1d2C[[0,0,1]]p[[[],[],[8,36,54,27]]]nm0.5np0.5c160s0.",0.03, Sat  
3CNF2,vampire,"v10m1d2C[[0,0,1]]p[[[],[],[8,36,54,27]]]nm0.5np0.5c160s1.",9999999.0,NULL
3CNF2,vampire,"v10m1d2C[[0,0,1]]p[[[],[],[8,36,54,27]]]nm0.5np0.5c160s2.",0.04, Sat  
3CNF2,vampire,"v10m1d2C[[0,0,1]]p[[[],[],[8,36,54,27]]]nm0.5np0.5c160s3.",0.04, Sat  
3CNF2,vampire,"v10m1d2C[[0,0,1]]p[[[],[],[8,36,54,27]]]nm0.5np0.5c160s4.",0.04, Sat  
3CNF2,vampire,"v10m1d2C[[0,0,1]]p[[[],[],[8,36,54,27]]]nm0.5np0.5c160s5.",0.03, Sat  
3CNF2,vampire,"v10m1d2C[[0,0,1]]p[[[],[],[8,36,54,27]]]nm0.5np0.5c160s6.",0.05, Sat  
3CNF2,vampire,"v10m1d2C[[0,0,1]]p[[[],[],[8,36,54,27]]]nm0.5np0.5c160s7.",0.03, Sat  
3CNF2,vampire,"v10m1d2C[[0,0,1]]p[[[],[],[8,36,54,27]]]nm0.5np0.5c160s8.",0.05, Sat  
3CNF2,vampire,"v10m1d2C[[0,0,1]]p[[[],[],[8,36,54,27]]]nm0.5np0.5c160s9.",0.03, Sat  
3CNF2,vampire,"v10m1d2C[[0,0,1]]p[[[],[],[8,36,54,27]]]nm0.5np0.5c180s0.",0.03, Sat  
3CNF2,vampire,"v10m1d2C[[0,0,1]]p[[[],[],[8,36,54,27]]]nm0.5np0.5c180s1.",0.28, Sat  
3CNF2,vampire,"v10m1d2C[[0,0,1]]p[[[],[],[8,36,54,27]]]nm0.5np0.5c180s2.",0.02, Unsat
3CNF2,vampire,"v10m1d2C[[0,0,1]]p[[[],[],[8,36,54,27]]]nm0.5np0.5c180s3.",0.09, Sat  
3CNF2,vampire,"v10m1d2C[[0,0,1]]p[[[],[],[8,36,54,27]]]nm0.5np0.5c180s4.",0.04, Sat  
3CNF2,vampire,"v10m1d2C[[0,0,1]]p[[[],[],[8,36,54,27]]]nm0.5np0.5c180s5.",0.05, Sat  
3CNF2,vampire,"v10m1d2C[[0,0,1]]p[[[],[],[8,36,54,27]]]nm0.5np0.5c180s6.",9999999.0,NULL
3CNF2,vampire,"v10m1d2C[[0,0,1]]p[[[],[],[8,36,54,27]]]nm0.5np0.5c180s7.",0.19, Sat  
3CNF2,vampire,"v10m1d2C[[0,0,1]]p[[[],[],[8,36,54,27]]]nm0.5np0.5c180s8.",0.02, Unsat
3CNF2,vampire,"v10m1d2C[[0,0,1]]p[[[],[],[8,36,54,27]]]nm0.5np0.5c180s9.",0.15, Sat  
3CNF2,vampire,"v10m1d2C[[0,0,1]]p[[[],[],[8,36,54,27]]]nm0.5np0.5c200s0.",5.18, Sat  
3CNF2,vampire,"v10m1d2C[[0,0,1]]p[[[],[],[8,36,54,27]]]nm0.5np0.5c200s1.",9999999.0,NULL
3CNF2,vampire,"v10m1d2C[[0,0,1]]p[[[],[],[8,36,54,27]]]nm0.5np0.5c200s2.",0.04, Sat  
3CNF2,vampire,"v10m1d2C[[0,0,1]]p[[[],[],[8,36,54,27]]]nm0.5np0.5c200s3.",0.04, Sat  
3CNF2,vampire,"v10m1d2C[[0,0,1]]p[[[],[],[8,36,54,27]]]nm0.5np0.5c200s4.",0.02, Unsat
3CNF2,vampire,"v10m1d2C[[0,0,1]]p[[[],[],[8,36,54,27]]]nm0.5np0.5c200s5.",0.02, Unsat
3CNF2,vampire,"v10m1d2C[[0,0,1]]p[[[],[],[8,36,54,27]]]nm0.5np0.5c200s6.",0.02, Unsat
3CNF2,vampire,"v10m1d2C[[0,0,1]]p[[[],[],[8,36,54,27]]]nm0.5np0.5c200s7.",0.03, Unsat
3CNF2,vampire,"v10m1d2C[[0,0,1]]p[[[],[],[8,36,54,27]]]nm0.5np0.5c200s8.",0.64, Sat  
3CNF2,vampire,"v10m1d2C[[0,0,1]]p[[[],[],[8,36,54,27]]]nm0.5np0.5c200s9.",0.02, Unsat
3CNF2,vampire,"v10m1d2C[[0,0,1]]p[[[],[],[8,36,54,27]]]nm0.5np0.5c220s0.",0.08, Sat  
3CNF2,vampire,"v10m1d2C[[0,0,1]]p[[[],[],[8,36,54,27]]]nm0.5np0.5c220s1.",0.04, Sat  
3CNF2,vampire,"v10m1d2C[[0,0,1]]p[[[],[],[8,36,54,27]]]nm0.5np0.5c220s2.",0.03, Unsat
3CNF2,vampire,"v10m1d2C[[0,0,1]]p[[[],[],[8,36,54,27]]]nm0.5np0.5c220s3.",0.03, Unsat
3CNF2,vampire,"v10m1d2C[[0,0,1]]p[[[],[],[8,36,54,27]]]nm0.5np0.5c220s4.",9999999.0,NULL
3CNF2,vampire,"v10m1d2C[[0,0,1]]p[[[],[],[8,36,54,27]]]nm0.5np0.5c220s5.",0.03, Unsat
3CNF2,vampire,"v10m1d2C[[0,0,1]]p[[[],[],[8,36,54,27]]]nm0.5np0.5c220s6.",9999999.0,NULL
3CNF2,vampire,"v10m1d2C[[0,0,1]]p[[[],[],[8,36,54,27]]]nm0.5np0.5c220s7.",0.18, Sat  
3CNF2,vampire,"v10m1d2C[[0,0,1]]p[[[],[],[8,36,54,27]]]nm0.5np0.5c220s8.",0.03, Unsat
3CNF2,vampire,"v10m1d2C[[0,0,1]]p[[[],[],[8,36,54,27]]]nm0.5np0.5c220s9.",0.05, Sat  
3CNF2,vampire,"v10m1d2C[[0,0,1]]p[[[],[],[8,36,54,27]]]nm0.5np0.5c240s0.",0.03, Unsat
3CNF2,vampire,"v10m1d2C[[0,0,1]]p[[[],[],[8,36,54,27]]]nm0.5np0.5c240s1.",9999999.0,NULL
3CNF2,vampire,"v10m1d2C[[0,0,1]]p[[[],[],[8,36,54,27]]]nm0.5np0.5c240s2.",0.03, Unsat
3CNF2,vampire,"v10m1d2C[[0,0,1]]p[[[],[],[8,36,54,27]]]nm0.5np0.5c240s3.",0.03, Unsat
3CNF2,vampire,"v10m1d2C[[0,0,1]]p[[[],[],[8,36,54,27]]]nm0.5np0.5c240s4.",9999999.0,NULL
3CNF2,vampire,"v10m1d2C[[0,0,1]]p[[[],[],[8,36,54,27]]]nm0.5np0.5c240s5.",0.03, Unsat
3CNF2,vampire,"v10m1d2C[[0,0,1]]p[[[],[],[8,36,54,27]]]nm0.5np0.5c240s6.",0.25, Sat  
3CNF2,vampire,"v10m1d2C[[0,0,1]]p[[[],[],[8,36,54,27]]]nm0.5np0.5c240s7.",0.03, Unsat
3CNF2,vampire,"v10m1d2C[[0,0,1]]p[[[],[],[8,36,54,27]]]nm0.5np0.5c240s8.",0.03, Unsat
3CNF2,vampire,"v10m1d2C[[0,0,1]]p[[[],[],[8,36,54,27]]]nm0.5np0.5c240s9.",0.03, Unsat
3CNF2,vampire,"v10m1d2C[[0,0,1]]p[[[],[],[8,36,54,27]]]nm0.5np0.5c260s0.",0.03, Unsat
3CNF2,vampire,"v10m1d2C[[0,0,1]]p[[[],[],[8,36,54,27]]]nm0.5np0.5c260s1.",0.03, Unsat
3CNF2,vampire,"v10m1d2C[[0,0,1]]p[[[],[],[8,36,54,27]]]nm0.5np0.5c260s2.",0.03, Unsat
3CNF2,vampire,"v10m1d2C[[0,0,1]]p[[[],[],[8,36,54,27]]]nm0.5np0.5c260s3.",0.03, Unsat
3CNF2,vampire,"v10m1d2C[[0,0,1]]p[[[],[],[8,36,54,27]]]nm0.5np0.5c260s4.",0.03, Unsat
3CNF2,vampire,"v10m1d2C[[0,0,1]]p[[[],[],[8,36,54,27]]]nm0.5np0.5c260s5.",3.01, Sat  
3CNF2,vampire,"v10m1d2C[[0,0,1]]p[[[],[],[8,36,54,27]]]nm0.5np0.5c260s6.",37.22, Sat  
3CNF2,vampire,"v10m1d2C[[0,0,1]]p[[[],[],[8,36,54,27]]]nm0.5np0.5c260s7.",0.03, Unsat
3CNF2,vampire,"v10m1d2C[[0,0,1]]p[[[],[],[8,36,54,27]]]nm0.5np0.5c260s8.",0.03, Unsat
3CNF2,vampire,"v10m1d2C[[0,0,1]]p[[[],[],[8,36,54,27]]]nm0.5np0.5c260s9.",0.08, Sat  
3CNF2,vampire,"v10m1d2C[[0,0,1]]p[[[],[],[8,36,54,27]]]nm0.5np0.5c280s0.",0.03, Unsat
3CNF2,vampire,"v10m1d2C[[0,0,1]]p[[[],[],[8,36,54,27]]]nm0.5np0.5c280s1.",0.03, Unsat
3CNF2,vampire,"v10m1d2C[[0,0,1]]p[[[],[],[8,36,54,27]]]nm0.5np0.5c280s2.",0.03, Unsat
3CNF2,vampire,"v10m1d2C[[0,0,1]]p[[[],[],[8,36,54,27]]]nm0.5np0.5c280s3.",0.03, Unsat
3CNF2,vampire,"v10m1d2C[[0,0,1]]p[[[],[],[8,36,54,27]]]nm0.5np0.5c280s4.",0.03, Unsat
3CNF2,vampire,"v10m1d2C[[0,0,1]]p[[[],[],[8,36,54,27]]]nm0.5np0.5c280s5.",0.03, Unsat
3CNF2,vampire,"v10m1d2C[[0,0,1]]p[[[],[],[8,36,54,27]]]nm0.5np0.5c280s6.",0.03, Unsat
3CNF2,vampire,"v10m1d2C[[0,0,1]]p[[[],[],[8,36,54,27]]]nm0.5np0.5c280s7.",0.03, Unsat
3CNF2,vampire,"v10m1d2C[[0,0,1]]p[[[],[],[8,36,54,27]]]nm0.5np0.5c280s8.",0.03, Unsat
3CNF2,vampire,"v10m1d2C[[0,0,1]]p[[[],[],[8,36,54,27]]]nm0.5np0.5c280s9.",9999999.0,NULL
3CNF2,vampire,"v10m1d2C[[0,0,1]]p[[[],[],[8,36,54,27]]]nm0.5np0.5c300s0.",0.03, Unsat
3CNF2,vampire,"v10m1d2C[[0,0,1]]p[[[],[],[8,36,54,27]]]nm0.5np0.5c300s1.",0.03, Unsat
3CNF2,vampire,"v10m1d2C[[0,0,1]]p[[[],[],[8,36,54,27]]]nm0.5np0.5c300s2.",0.03, Unsat
3CNF2,vampire,"v10m1d2C[[0,0,1]]p[[[],[],[8,36,54,27]]]nm0.5np0.5c300s3.",0.03, Unsat
3CNF2,vampire,"v10m1d2C[[0,0,1]]p[[[],[],[8,36,54,27]]]nm0.5np0.5c300s4.",0.03, Unsat
3CNF2,vampire,"v10m1d2C[[0,0,1]]p[[[],[],[8,36,54,27]]]nm0.5np0.5c300s5.",0.03, Unsat
3CNF2,vampire,"v10m1d2C[[0,0,1]]p[[[],[],[8,36,54,27]]]nm0.5np0.5c300s6.",0.03, Unsat
3CNF2,vampire,"v10m1d2C[[0,0,1]]p[[[],[],[8,36,54,27]]]nm0.5np0.5c300s7.",9999999.0,NULL
3CNF2,vampire,"v10m1d2C[[0,0,1]]p[[[],[],[8,36,54,27]]]nm0.5np0.5c300s8.",0.03, Unsat
3CNF2,vampire,"v10m1d2C[[0,0,1]]p[[[],[],[8,36,54,27]]]nm0.5np0.5c300s9.",9999999.0,NULL
3CNF2,vampire,"v10m1d2C[[0,0,1]]p[[[],[],[8,36,54,27]]]nm0.5np0.5c320s0.",0.03, Unsat
3CNF2,vampire,"v10m1d2C[[0,0,1]]p[[[],[],[8,36,54,27]]]nm0.5np0.5c320s1.",0.03, Unsat
3CNF2,vampire,"v10m1d2C[[0,0,1]]p[[[],[],[8,36,54,27]]]nm0.5np0.5c320s2.",0.03, Unsat
3CNF2,vampire,"v10m1d2C[[0,0,1]]p[[[],[],[8,36,54,27]]]nm0.5np0.5c320s3.",0.03, Unsat
3CNF2,vampire,"v10m1d2C[[0,0,1]]p[[[],[],[8,36,54,27]]]nm0.5np0.5c320s4.",0.03, Unsat
3CNF2,vampire,"v10m1d2C[[0,0,1]]p[[[],[],[8,36,54,27]]]nm0.5np0.5c320s5.",0.03, Unsat
3CNF2,vampire,"v10m1d2C[[0,0,1]]p[[[],[],[8,36,54,27]]]nm0.5np0.5c320s6.",9999999.0,NULL
3CNF2,vampire,"v10m1d2C[[0,0,1]]p[[[],[],[8,36,54,27]]]nm0.5np0.5c320s7.",0.03, Unsat
3CNF2,vampire,"v10m1d2C[[0,0,1]]p[[[],[],[8,36,54,27]]]nm0.5np0.5c320s8.",0.03, Unsat
3CNF2,vampire,"v10m1d2C[[0,0,1]]p[[[],[],[8,36,54,27]]]nm0.5np0.5c320s9.",0.03, Unsat
