  No;Problem;                                                              snf+#negative6;;
   1;qbf/C10-V04-D4/p-qbf-cnf-K4-C10-V04-D4.1;                                0.01; Sat  ;
   2;qbf/C10-V04-D4/p-qbf-cnf-K4-C10-V04-D4.2;                                0.06; Sat  ;
   3;qbf/C10-V04-D4/p-qbf-cnf-K4-C10-V04-D4.3;                             TIMEOUT;      ;
   4;qbf/C10-V04-D4/p-qbf-cnf-K4-C10-V04-D4.4;                                0.01; Sat  ;
   5;qbf/C10-V04-D6/p-qbf-cnf-K4-C10-V04-D6.1;                             TIMEOUT;      ;
   6;qbf/C10-V04-D6/p-qbf-cnf-K4-C10-V04-D6.2;                             TIMEOUT;      ;
   7;qbf/C10-V04-D6/p-qbf-cnf-K4-C10-V04-D6.3;                                0.04; Sat  ;
   8;qbf/C10-V04-D6/p-qbf-cnf-K4-C10-V04-D6.4;                                0.05; Sat  ;
   9;qbf/C10-V08-D4/p-qbf-cnf-K4-C10-V08-D4.1;                                0.12; Sat  ;
  10;qbf/C10-V08-D4/p-qbf-cnf-K4-C10-V08-D4.2;                                0.19; Sat  ;
  11;qbf/C10-V08-D4/p-qbf-cnf-K4-C10-V08-D4.3;                             TIMEOUT;      ;
  12;qbf/C10-V08-D4/p-qbf-cnf-K4-C10-V08-D4.4;                                0.15; Sat  ;
  13;qbf/C10-V08-D6/p-qbf-cnf-K4-C10-V08-D6.1;                             TIMEOUT;      ;
  14;qbf/C10-V08-D6/p-qbf-cnf-K4-C10-V08-D6.2;                                0.33; Sat  ;
  15;qbf/C10-V08-D6/p-qbf-cnf-K4-C10-V08-D6.3;                             TIMEOUT;      ;
  16;qbf/C10-V08-D6/p-qbf-cnf-K4-C10-V08-D6.4;                                0.58; Sat  ;
  17;qbf/C10-V16-D4/p-qbf-cnf-K4-C10-V16-D4.1;                                2.11; Sat  ;
  18;qbf/C10-V16-D4/p-qbf-cnf-K4-C10-V16-D4.2;                             TIMEOUT;      ;
  19;qbf/C10-V16-D4/p-qbf-cnf-K4-C10-V16-D4.3;                             TIMEOUT;      ;
  20;qbf/C10-V16-D4/p-qbf-cnf-K4-C10-V16-D4.4;                             TIMEOUT;      ;
  21;qbf/C10-V16-D6/p-qbf-cnf-K4-C10-V16-D6.1;                             TIMEOUT;      ;
  22;qbf/C10-V16-D6/p-qbf-cnf-K4-C10-V16-D6.2;                                9.99; Sat  ;
  23;qbf/C10-V16-D6/p-qbf-cnf-K4-C10-V16-D6.3;                                8.72; Sat  ;
  24;qbf/C10-V16-D6/p-qbf-cnf-K4-C10-V16-D6.4;                             TIMEOUT;      ;
  25;qbf/C20-V04-D4/p-qbf-cnf-K4-C20-V04-D4.1;                                0.02; Sat  ;
  26;qbf/C20-V04-D4/p-qbf-cnf-K4-C20-V04-D4.2;                                0.02; Sat  ;
  27;qbf/C20-V04-D4/p-qbf-cnf-K4-C20-V04-D4.3;                                0.02; Sat  ;
  28;qbf/C20-V04-D4/p-qbf-cnf-K4-C20-V04-D4.4;                                0.01; Sat  ;
  29;qbf/C20-V04-D6/p-qbf-cnf-K4-C20-V04-D6.1;                                0.07; Sat  ;
  30;qbf/C20-V04-D6/p-qbf-cnf-K4-C20-V04-D6.2;                                0.06; Sat  ;
  31;qbf/C20-V04-D6/p-qbf-cnf-K4-C20-V04-D6.3;                                0.06; Sat  ;
  32;qbf/C20-V04-D6/p-qbf-cnf-K4-C20-V04-D6.4;                                0.06; Sat  ;
  33;qbf/C20-V08-D4/p-qbf-cnf-K4-C20-V08-D4.1;                                0.22; Sat  ;
  34;qbf/C20-V08-D4/p-qbf-cnf-K4-C20-V08-D4.2;                                0.22; Sat  ;
  35;qbf/C20-V08-D4/p-qbf-cnf-K4-C20-V08-D4.3;                                1.40; Sat  ;
  36;qbf/C20-V08-D4/p-qbf-cnf-K4-C20-V08-D4.4;                                0.27; Sat  ;
  37;qbf/C20-V08-D6/p-qbf-cnf-K4-C20-V08-D6.1;                                0.83; Sat  ;
  38;qbf/C20-V08-D6/p-qbf-cnf-K4-C20-V08-D6.2;                                8.38; Sat  ;
  39;qbf/C20-V08-D6/p-qbf-cnf-K4-C20-V08-D6.3;                                1.34; Sat  ;
  40;qbf/C20-V08-D6/p-qbf-cnf-K4-C20-V08-D6.4;                                1.02; Sat  ;
  41;qbf/C20-V16-D4/p-qbf-cnf-K4-C20-V16-D4.1;                             TIMEOUT;      ;
  42;qbf/C20-V16-D4/p-qbf-cnf-K4-C20-V16-D4.2;                             TIMEOUT;      ;
  43;qbf/C20-V16-D4/p-qbf-cnf-K4-C20-V16-D4.3;                                6.90; Sat  ;
  44;qbf/C20-V16-D4/p-qbf-cnf-K4-C20-V16-D4.4;                             TIMEOUT;      ;
  45;qbf/C30-V04-D4/p-qbf-cnf-K4-C30-V04-D4.1;                             TIMEOUT;      ;
  46;qbf/C30-V04-D4/p-qbf-cnf-K4-C30-V04-D4.2;                             TIMEOUT;      ;
  47;qbf/C30-V04-D4/p-qbf-cnf-K4-C30-V04-D4.3;                                0.02; Sat  ;
  48;qbf/C30-V04-D4/p-qbf-cnf-K4-C30-V04-D4.4;                                0.02; Sat  ;
  49;qbf/C30-V08-D4/p-qbf-cnf-K4-C30-V08-D4.1;                                0.28; Sat  ;
  50;qbf/C30-V08-D4/p-qbf-cnf-K4-C30-V08-D4.2;                                0.25; Sat  ;
  51;qbf/C30-V08-D4/p-qbf-cnf-K4-C30-V08-D4.3;                                0.30; Sat  ;
  52;qbf/C30-V08-D4/p-qbf-cnf-K4-C30-V08-D4.4;                                0.28; Sat  ;
  53;qbf/C30-V16-D4/p-qbf-cnf-K4-C30-V16-D4.1;                             TIMEOUT;      ;
  54;qbf/C30-V16-D4/p-qbf-cnf-K4-C30-V16-D4.2;                                9.67; Sat  ;
  55;qbf/C30-V16-D4/p-qbf-cnf-K4-C30-V16-D4.3;                                9.75; Sat  ;
  56;qbf/C30-V16-D4/p-qbf-cnf-K4-C30-V16-D4.4;                               10.81; Sat  ;
  57;qbfL/C10-V04-D4/p-qbf-cnfLadn-K4-C10-V4-D4.1;                            0.01; Sat  ;
  58;qbfL/C10-V04-D4/p-qbf-cnfLadn-K4-C10-V4-D4.2;                            0.01; Sat  ;
  59;qbfL/C10-V04-D4/p-qbf-cnfLadn-K4-C10-V4-D4.3;                            0.01; Sat  ;
  60;qbfL/C10-V04-D4/p-qbf-cnfLadn-K4-C10-V4-D4.4;                            0.01; Sat  ;
  61;qbfL/C10-V04-D4/p-qbf-cnfLadn-K4-C10-V4-D4.5;                            0.01; Sat  ;
  62;qbfL/C10-V04-D4/p-qbf-cnfLadn-K4-C10-V4-D4.6;                            0.01; Sat  ;
  63;qbfL/C10-V04-D4/p-qbf-cnfLadn-K4-C10-V4-D4.7;                            0.01; Sat  ;
  64;qbfL/C10-V04-D4/p-qbf-cnfLadn-K4-C10-V4-D4.8;                            0.01; Sat  ;
  65;qbfL/C10-V04-D6/p-qbf-cnfLadn-K4-C10-V4-D6.1;                            0.02; Sat  ;
  66;qbfL/C10-V04-D6/p-qbf-cnfLadn-K4-C10-V4-D6.2;                            0.01; Sat  ;
  67;qbfL/C10-V04-D6/p-qbf-cnfLadn-K4-C10-V4-D6.3;                            0.01; Sat  ;
  68;qbfL/C10-V04-D6/p-qbf-cnfLadn-K4-C10-V4-D6.4;                            0.02; Sat  ;
  69;qbfL/C10-V04-D6/p-qbf-cnfLadn-K4-C10-V4-D6.5;                            0.02; Sat  ;
  70;qbfL/C10-V04-D6/p-qbf-cnfLadn-K4-C10-V4-D6.6;                            0.02; Sat  ;
  71;qbfL/C10-V04-D6/p-qbf-cnfLadn-K4-C10-V4-D6.7;                            0.02; Sat  ;
  72;qbfL/C10-V04-D6/p-qbf-cnfLadn-K4-C10-V4-D6.8;                            0.02; Sat  ;
  73;qbfL/C10-V08-D4/p-qbf-cnfLadn-K4-C10-V8-D4.1;                            0.03; Sat  ;
  74;qbfL/C10-V08-D4/p-qbf-cnfLadn-K4-C10-V8-D4.2;                            0.03; Sat  ;
  75;qbfL/C10-V08-D4/p-qbf-cnfLadn-K4-C10-V8-D4.3;                            0.03; Sat  ;
  76;qbfL/C10-V08-D4/p-qbf-cnfLadn-K4-C10-V8-D4.4;                            0.04; Sat  ;
  77;qbfL/C10-V08-D4/p-qbf-cnfLadn-K4-C10-V8-D4.5;                            0.03; Sat  ;
  78;qbfL/C10-V08-D4/p-qbf-cnfLadn-K4-C10-V8-D4.6;                            0.03; Sat  ;
  79;qbfL/C10-V08-D4/p-qbf-cnfLadn-K4-C10-V8-D4.7;                            0.03; Sat  ;
  80;qbfL/C10-V08-D4/p-qbf-cnfLadn-K4-C10-V8-D4.8;                            0.03; Sat  ;
  81;qbfL/C10-V08-D6/p-qbf-cnfLadn-K4-C10-V8-D6.1;                            0.06; Sat  ;
  82;qbfL/C10-V08-D6/p-qbf-cnfLadn-K4-C10-V8-D6.2;                            0.06; Sat  ;
  83;qbfL/C10-V08-D6/p-qbf-cnfLadn-K4-C10-V8-D6.3;                            0.06; Sat  ;
  84;qbfL/C10-V08-D6/p-qbf-cnfLadn-K4-C10-V8-D6.4;                            0.05; Sat  ;
  85;qbfL/C10-V08-D6/p-qbf-cnfLadn-K4-C10-V8-D6.5;                            0.05; Sat  ;
  86;qbfL/C10-V08-D6/p-qbf-cnfLadn-K4-C10-V8-D6.6;                            0.06; Sat  ;
  87;qbfL/C10-V08-D6/p-qbf-cnfLadn-K4-C10-V8-D6.7;                            0.05; Sat  ;
  88;qbfL/C10-V08-D6/p-qbf-cnfLadn-K4-C10-V8-D6.8;                            0.04; Sat  ;
  89;qbfL/C10-V16-D4/p-qbf-cnfLadn-K4-C10-V16-D4.1;                           0.08; Sat  ;
  90;qbfL/C10-V16-D4/p-qbf-cnfLadn-K4-C10-V16-D4.2;                           0.10; Sat  ;
  91;qbfL/C10-V16-D4/p-qbf-cnfLadn-K4-C10-V16-D4.3;                           0.10; Sat  ;
  92;qbfL/C10-V16-D4/p-qbf-cnfLadn-K4-C10-V16-D4.4;                           0.09; Sat  ;
  93;qbfL/C10-V16-D4/p-qbf-cnfLadn-K4-C10-V16-D4.5;                           0.08; Sat  ;
  94;qbfL/C10-V16-D4/p-qbf-cnfLadn-K4-C10-V16-D4.6;                           0.11; Sat  ;
  95;qbfL/C10-V16-D4/p-qbf-cnfLadn-K4-C10-V16-D4.7;                           0.11; Sat  ;
  96;qbfL/C10-V16-D4/p-qbf-cnfLadn-K4-C10-V16-D4.8;                           0.09; Sat  ;
  97;qbfL/C10-V16-D6/p-qbf-cnfLadn-K4-C10-V16-D6.1;                           0.16; Sat  ;
  98;qbfL/C10-V16-D6/p-qbf-cnfLadn-K4-C10-V16-D6.2;                           0.17; Sat  ;
  99;qbfL/C10-V16-D6/p-qbf-cnfLadn-K4-C10-V16-D6.3;                           0.12; Sat  ;
 100;qbfL/C10-V16-D6/p-qbf-cnfLadn-K4-C10-V16-D6.4;                           0.16; Sat  ;
 101;qbfL/C10-V16-D6/p-qbf-cnfLadn-K4-C10-V16-D6.5;                           0.14; Sat  ;
 102;qbfL/C10-V16-D6/p-qbf-cnfLadn-K4-C10-V16-D6.6;                           0.15; Sat  ;
 103;qbfL/C10-V16-D6/p-qbf-cnfLadn-K4-C10-V16-D6.7;                           0.16; Sat  ;
 104;qbfL/C10-V16-D6/p-qbf-cnfLadn-K4-C10-V16-D6.8;                           0.18; Sat  ;
 105;qbfL/C20-V04-D4/p-qbf-cnfLadn-K4-C20-V4-D4.1;                            0.02; Sat  ;
 106;qbfL/C20-V04-D4/p-qbf-cnfLadn-K4-C20-V4-D4.2;                            0.04; Sat  ;
 107;qbfL/C20-V04-D4/p-qbf-cnfLadn-K4-C20-V4-D4.3;                            0.03; Sat  ;
 108;qbfL/C20-V04-D4/p-qbf-cnfLadn-K4-C20-V4-D4.4;                            0.03; Sat  ;
 109;qbfL/C20-V04-D4/p-qbf-cnfLadn-K4-C20-V4-D4.5;                            0.03; Sat  ;
 110;qbfL/C20-V04-D4/p-qbf-cnfLadn-K4-C20-V4-D4.6;                            0.03; Sat  ;
 111;qbfL/C20-V04-D4/p-qbf-cnfLadn-K4-C20-V4-D4.7;                            0.04; Sat  ;
 112;qbfL/C20-V04-D4/p-qbf-cnfLadn-K4-C20-V4-D4.8;                            0.04; Sat  ;
 113;qbfL/C20-V04-D6/p-qbf-cnfLadn-K4-C20-V4-D6.1;                            0.11; Sat  ;
 114;qbfL/C20-V04-D6/p-qbf-cnfLadn-K4-C20-V4-D6.2;                            0.04; Sat  ;
 115;qbfL/C20-V04-D6/p-qbf-cnfLadn-K4-C20-V4-D6.3;                            0.05; Sat  ;
 116;qbfL/C20-V04-D6/p-qbf-cnfLadn-K4-C20-V4-D6.4;                            0.04; Sat  ;
 117;qbfL/C20-V04-D6/p-qbf-cnfLadn-K4-C20-V4-D6.5;                            0.04; Sat  ;
 118;qbfL/C20-V04-D6/p-qbf-cnfLadn-K4-C20-V4-D6.6;                            0.06; Sat  ;
 119;qbfL/C20-V04-D6/p-qbf-cnfLadn-K4-C20-V4-D6.7;                            0.06; Sat  ;
 120;qbfL/C20-V04-D6/p-qbf-cnfLadn-K4-C20-V4-D6.8;                            0.07; Sat  ;
 121;qbfL/C20-V08-D4/p-qbf-cnfLadn-K4-C20-V8-D4.1;                            0.06; Sat  ;
 122;qbfL/C20-V08-D4/p-qbf-cnfLadn-K4-C20-V8-D4.2;                            0.07; Sat  ;
 123;qbfL/C20-V08-D4/p-qbf-cnfLadn-K4-C20-V8-D4.3;                            0.07; Sat  ;
 124;qbfL/C20-V08-D4/p-qbf-cnfLadn-K4-C20-V8-D4.4;                            0.11; Sat  ;
 125;qbfL/C20-V08-D4/p-qbf-cnfLadn-K4-C20-V8-D4.5;                            0.07; Sat  ;
 126;qbfL/C20-V08-D4/p-qbf-cnfLadn-K4-C20-V8-D4.6;                            0.07; Sat  ;
 127;qbfL/C20-V08-D4/p-qbf-cnfLadn-K4-C20-V8-D4.7;                            0.07; Sat  ;
 128;qbfL/C20-V08-D4/p-qbf-cnfLadn-K4-C20-V8-D4.8;                            0.08; Sat  ;
 129;qbfL/C20-V08-D6/p-qbf-cnfLadn-K4-C20-V8-D6.1;                            0.13; Sat  ;
 130;qbfL/C20-V08-D6/p-qbf-cnfLadn-K4-C20-V8-D6.2;                            0.12; Sat  ;
 131;qbfL/C20-V08-D6/p-qbf-cnfLadn-K4-C20-V8-D6.3;                            0.12; Sat  ;
 132;qbfL/C20-V08-D6/p-qbf-cnfLadn-K4-C20-V8-D6.4;                            0.13; Sat  ;
 133;qbfL/C20-V08-D6/p-qbf-cnfLadn-K4-C20-V8-D6.5;                            0.17; Sat  ;
 134;qbfL/C20-V08-D6/p-qbf-cnfLadn-K4-C20-V8-D6.6;                            0.13; Sat  ;
 135;qbfL/C20-V08-D6/p-qbf-cnfLadn-K4-C20-V8-D6.7;                            0.13; Sat  ;
 136;qbfL/C20-V08-D6/p-qbf-cnfLadn-K4-C20-V8-D6.8;                            0.12; Sat  ;
 137;qbfL/C20-V16-D4/p-qbf-cnfLadn-K4-C20-V16-D4.1;                           0.26; Sat  ;
 138;qbfL/C20-V16-D4/p-qbf-cnfLadn-K4-C20-V16-D4.2;                           0.22; Sat  ;
 139;qbfL/C20-V16-D4/p-qbf-cnfLadn-K4-C20-V16-D4.3;                           0.25; Sat  ;
 140;qbfL/C20-V16-D4/p-qbf-cnfLadn-K4-C20-V16-D4.4;                           0.20; Sat  ;
 141;qbfL/C20-V16-D4/p-qbf-cnfLadn-K4-C20-V16-D4.5;                           0.24; Sat  ;
 142;qbfL/C20-V16-D4/p-qbf-cnfLadn-K4-C20-V16-D4.6;                           0.31; Sat  ;
 143;qbfL/C20-V16-D4/p-qbf-cnfLadn-K4-C20-V16-D4.7;                           0.28; Sat  ;
 144;qbfL/C20-V16-D4/p-qbf-cnfLadn-K4-C20-V16-D4.8;                           0.24; Sat  ;
 145;qbfL/C20-V16-D6/p-qbf-cnfLadn-K4-C20-V16-D6.1;                           0.45; Sat  ;
 146;qbfL/C20-V16-D6/p-qbf-cnfLadn-K4-C20-V16-D6.2;                           0.40; Sat  ;
 147;qbfL/C20-V16-D6/p-qbf-cnfLadn-K4-C20-V16-D6.3;                           0.52; Sat  ;
 148;qbfL/C20-V16-D6/p-qbf-cnfLadn-K4-C20-V16-D6.4;                           0.44; Sat  ;
 149;qbfL/C20-V16-D6/p-qbf-cnfLadn-K4-C20-V16-D6.5;                           0.35; Sat  ;
 150;qbfL/C20-V16-D6/p-qbf-cnfLadn-K4-C20-V16-D6.6;                           0.49; Sat  ;
 151;qbfL/C20-V16-D6/p-qbf-cnfLadn-K4-C20-V16-D6.7;                           0.55; Sat  ;
 152;qbfL/C20-V16-D6/p-qbf-cnfLadn-K4-C20-V16-D6.8;                           0.45; Sat  ;
 153;qbfL/C30-V04-D4/p-qbf-cnfLadn-K4-C30-V4-D4.1;                            0.15; Sat  ;
 154;qbfL/C30-V04-D4/p-qbf-cnfLadn-K4-C30-V4-D4.2;                            0.08; Unsat;
 155;qbfL/C30-V04-D4/p-qbf-cnfLadn-K4-C30-V4-D4.3;                            0.05; Unsat;
 156;qbfL/C30-V04-D4/p-qbf-cnfLadn-K4-C30-V4-D4.4;                            0.02; Unsat;
 157;qbfL/C30-V04-D4/p-qbf-cnfLadn-K4-C30-V4-D4.5;                            0.03; Unsat;
 158;qbfL/C30-V04-D4/p-qbf-cnfLadn-K4-C30-V4-D4.6;                            0.04; Sat  ;
 159;qbfL/C30-V04-D4/p-qbf-cnfLadn-K4-C30-V4-D4.7;                            0.13; Unsat;
 160;qbfL/C30-V04-D4/p-qbf-cnfLadn-K4-C30-V4-D4.8;                            0.02; Unsat;
 161;qbfL/C30-V04-D6/p-qbf-cnfLadn-K4-C30-V4-D6.1;                            0.17; Sat  ;
 162;qbfL/C30-V04-D6/p-qbf-cnfLadn-K4-C30-V4-D6.2;                            0.11; Sat  ;
 163;qbfL/C30-V04-D6/p-qbf-cnfLadn-K4-C30-V4-D6.3;                            0.06; Sat  ;
 164;qbfL/C30-V04-D6/p-qbf-cnfLadn-K4-C30-V4-D6.4;                            0.09; Sat  ;
 165;qbfL/C30-V04-D6/p-qbf-cnfLadn-K4-C30-V4-D6.5;                            0.08; Sat  ;
 166;qbfL/C30-V04-D6/p-qbf-cnfLadn-K4-C30-V4-D6.6;                            0.07; Sat  ;
 167;qbfL/C30-V04-D6/p-qbf-cnfLadn-K4-C30-V4-D6.7;                            0.07; Sat  ;
 168;qbfL/C30-V04-D6/p-qbf-cnfLadn-K4-C30-V4-D6.8;                            0.08; Unsat;
 169;qbfL/C30-V08-D4/p-qbf-cnfLadn-K4-C30-V8-D4.1;                            0.12; Sat  ;
 170;qbfL/C30-V08-D4/p-qbf-cnfLadn-K4-C30-V8-D4.2;                            0.10; Sat  ;
 171;qbfL/C30-V08-D4/p-qbf-cnfLadn-K4-C30-V8-D4.3;                            0.12; Sat  ;
 172;qbfL/C30-V08-D4/p-qbf-cnfLadn-K4-C30-V8-D4.4;                            0.15; Sat  ;
 173;qbfL/C30-V08-D4/p-qbf-cnfLadn-K4-C30-V8-D4.5;                            0.15; Sat  ;
 174;qbfL/C30-V08-D4/p-qbf-cnfLadn-K4-C30-V8-D4.6;                            0.11; Sat  ;
 175;qbfL/C30-V08-D4/p-qbf-cnfLadn-K4-C30-V8-D4.7;                            0.12; Sat  ;
 176;qbfL/C30-V08-D4/p-qbf-cnfLadn-K4-C30-V8-D4.8;                            0.15; Sat  ;
 177;qbfL/C30-V08-D6/p-qbf-cnfLadn-K4-C30-V8-D6.1;                            0.18; Sat  ;
 178;qbfL/C30-V08-D6/p-qbf-cnfLadn-K4-C30-V8-D6.2;                            0.18; Sat  ;
 179;qbfL/C30-V08-D6/p-qbf-cnfLadn-K4-C30-V8-D6.3;                            0.19; Sat  ;
 180;qbfL/C30-V08-D6/p-qbf-cnfLadn-K4-C30-V8-D6.4;                            0.17; Sat  ;
 181;qbfL/C30-V08-D6/p-qbf-cnfLadn-K4-C30-V8-D6.5;                            0.16; Sat  ;
 182;qbfL/C30-V08-D6/p-qbf-cnfLadn-K4-C30-V8-D6.6;                            0.20; Sat  ;
 183;qbfL/C30-V08-D6/p-qbf-cnfLadn-K4-C30-V8-D6.7;                            0.19; Sat  ;
 184;qbfL/C30-V08-D6/p-qbf-cnfLadn-K4-C30-V8-D6.8;                            0.24; Sat  ;
 185;qbfL/C30-V16-D4/p-qbf-cnfLadn-K4-C30-V16-D4.1;                           0.37; Sat  ;
 186;qbfL/C30-V16-D4/p-qbf-cnfLadn-K4-C30-V16-D4.2;                           0.35; Sat  ;
 187;qbfL/C30-V16-D4/p-qbf-cnfLadn-K4-C30-V16-D4.3;                           0.42; Sat  ;
 188;qbfL/C30-V16-D4/p-qbf-cnfLadn-K4-C30-V16-D4.4;                           0.49; Sat  ;
 189;qbfL/C30-V16-D4/p-qbf-cnfLadn-K4-C30-V16-D4.5;                           0.46; Sat  ;
 190;qbfL/C30-V16-D4/p-qbf-cnfLadn-K4-C30-V16-D4.6;                           0.38; Sat  ;
 191;qbfL/C30-V16-D4/p-qbf-cnfLadn-K4-C30-V16-D4.7;                           0.42; Sat  ;
 192;qbfL/C30-V16-D4/p-qbf-cnfLadn-K4-C30-V16-D4.8;                           0.32; Sat  ;
 193;qbfL/C30-V16-D6/p-qbf-cnfLadn-K4-C30-V16-D6.1;                           0.85; Sat  ;
 194;qbfL/C30-V16-D6/p-qbf-cnfLadn-K4-C30-V16-D6.2;                           0.80; Sat  ;
 195;qbfL/C30-V16-D6/p-qbf-cnfLadn-K4-C30-V16-D6.3;                           0.87; Sat  ;
 196;qbfL/C30-V16-D6/p-qbf-cnfLadn-K4-C30-V16-D6.4;                           1.23; Sat  ;
 197;qbfL/C30-V16-D6/p-qbf-cnfLadn-K4-C30-V16-D6.5;                           1.08; Sat  ;
 198;qbfL/C30-V16-D6/p-qbf-cnfLadn-K4-C30-V16-D6.6;                           0.81; Sat  ;
 199;qbfL/C30-V16-D6/p-qbf-cnfLadn-K4-C30-V16-D6.7;                           0.85; Sat  ;
 200;qbfL/C30-V16-D6/p-qbf-cnfLadn-K4-C30-V16-D6.8;                           0.87; Sat  ;
 201;qbfL/C40-V04-D4/p-qbf-cnfLadn-K4-C40-V4-D4.1;                            0.12; Unsat;
 202;qbfL/C40-V04-D4/p-qbf-cnfLadn-K4-C40-V4-D4.2;                            0.02; Unsat;
 203;qbfL/C40-V04-D4/p-qbf-cnfLadn-K4-C40-V4-D4.3;                            0.04; Unsat;
 204;qbfL/C40-V04-D4/p-qbf-cnfLadn-K4-C40-V4-D4.4;                            0.08; Unsat;
 205;qbfL/C40-V04-D4/p-qbf-cnfLadn-K4-C40-V4-D4.5;                            0.06; Unsat;
 206;qbfL/C40-V04-D4/p-qbf-cnfLadn-K4-C40-V4-D4.6;                            0.05; Unsat;
 207;qbfL/C40-V04-D4/p-qbf-cnfLadn-K4-C40-V4-D4.7;                            0.14; Unsat;
 208;qbfL/C40-V04-D4/p-qbf-cnfLadn-K4-C40-V4-D4.8;                            0.03; Unsat;
 209;qbfL/C40-V04-D6/p-qbf-cnfLadn-K4-C40-V4-D6.1;                            0.16; Unsat;
 210;qbfL/C40-V04-D6/p-qbf-cnfLadn-K4-C40-V4-D6.2;                            0.16; Unsat;
 211;qbfL/C40-V04-D6/p-qbf-cnfLadn-K4-C40-V4-D6.3;                            0.05; Unsat;
 212;qbfL/C40-V04-D6/p-qbf-cnfLadn-K4-C40-V4-D6.4;                            0.08; Unsat;
 213;qbfL/C40-V04-D6/p-qbf-cnfLadn-K4-C40-V4-D6.5;                            0.07; Unsat;
 214;qbfL/C40-V04-D6/p-qbf-cnfLadn-K4-C40-V4-D6.6;                            0.21; Unsat;
 215;qbfL/C40-V04-D6/p-qbf-cnfLadn-K4-C40-V4-D6.7;                            0.45; Sat  ;
 216;qbfL/C40-V04-D6/p-qbf-cnfLadn-K4-C40-V4-D6.8;                            0.05; Unsat;
 217;qbfL/C40-V08-D4/p-qbf-cnfLadn-K4-C40-V8-D4.1;                            0.12; Unsat;
 218;qbfL/C40-V08-D4/p-qbf-cnfLadn-K4-C40-V8-D4.2;                            0.14; Unsat;
 219;qbfL/C40-V08-D4/p-qbf-cnfLadn-K4-C40-V8-D4.3;                            0.14; Sat  ;
 220;qbfL/C40-V08-D4/p-qbf-cnfLadn-K4-C40-V8-D4.4;                            0.18; Sat  ;
 221;qbfL/C40-V08-D4/p-qbf-cnfLadn-K4-C40-V8-D4.5;                            0.10; Sat  ;
 222;qbfL/C40-V08-D4/p-qbf-cnfLadn-K4-C40-V8-D4.6;                            0.13; Sat  ;
 223;qbfL/C40-V08-D4/p-qbf-cnfLadn-K4-C40-V8-D4.7;                            0.36; Sat  ;
 224;qbfL/C40-V08-D4/p-qbf-cnfLadn-K4-C40-V8-D4.8;                            0.17; Sat  ;
 225;qbfL/C40-V08-D6/p-qbf-cnfLadn-K4-C40-V8-D6.1;                            0.24; Sat  ;
 226;qbfL/C40-V08-D6/p-qbf-cnfLadn-K4-C40-V8-D6.2;                            0.29; Sat  ;
 227;qbfL/C40-V08-D6/p-qbf-cnfLadn-K4-C40-V8-D6.3;                            0.25; Sat  ;
 228;qbfL/C40-V08-D6/p-qbf-cnfLadn-K4-C40-V8-D6.4;                            0.26; Sat  ;
 229;qbfL/C40-V08-D6/p-qbf-cnfLadn-K4-C40-V8-D6.5;                            0.26; Sat  ;
 230;qbfL/C40-V08-D6/p-qbf-cnfLadn-K4-C40-V8-D6.6;                            0.26; Sat  ;
 231;qbfL/C40-V08-D6/p-qbf-cnfLadn-K4-C40-V8-D6.7;                            0.32; Sat  ;
 232;qbfL/C40-V08-D6/p-qbf-cnfLadn-K4-C40-V8-D6.8;                            0.24; Sat  ;
 233;qbfL/C40-V16-D4/p-qbf-cnfLadn-K4-C40-V16-D4.1;                           0.54; Sat  ;
 234;qbfL/C40-V16-D4/p-qbf-cnfLadn-K4-C40-V16-D4.2;                           0.55; Sat  ;
 235;qbfL/C40-V16-D4/p-qbf-cnfLadn-K4-C40-V16-D4.3;                           0.65; Sat  ;
 236;qbfL/C40-V16-D4/p-qbf-cnfLadn-K4-C40-V16-D4.4;                           0.45; Sat  ;
 237;qbfL/C40-V16-D4/p-qbf-cnfLadn-K4-C40-V16-D4.5;                           0.54; Sat  ;
 238;qbfL/C40-V16-D4/p-qbf-cnfLadn-K4-C40-V16-D4.6;                           0.60; Sat  ;
 239;qbfL/C40-V16-D4/p-qbf-cnfLadn-K4-C40-V16-D4.7;                           0.55; Sat  ;
 240;qbfL/C40-V16-D4/p-qbf-cnfLadn-K4-C40-V16-D4.8;                           0.55; Sat  ;
 241;qbfL/C40-V16-D6/p-qbf-cnfLadn-K4-C40-V16-D6.1;                           1.72; Sat  ;
 242;qbfL/C40-V16-D6/p-qbf-cnfLadn-K4-C40-V16-D6.2;                           1.97; Sat  ;
 243;qbfL/C40-V16-D6/p-qbf-cnfLadn-K4-C40-V16-D6.3;                           1.57; Sat  ;
 244;qbfL/C40-V16-D6/p-qbf-cnfLadn-K4-C40-V16-D6.4;                           1.67; Sat  ;
 245;qbfL/C40-V16-D6/p-qbf-cnfLadn-K4-C40-V16-D6.5;                           1.52; Sat  ;
 246;qbfL/C40-V16-D6/p-qbf-cnfLadn-K4-C40-V16-D6.6;                           1.23; Sat  ;
 247;qbfL/C40-V16-D6/p-qbf-cnfLadn-K4-C40-V16-D6.7;                           1.33; Sat  ;
 248;qbfL/C40-V16-D6/p-qbf-cnfLadn-K4-C40-V16-D6.8;                           1.21; Sat  ;
 249;qbfL/C50-V04-D4/p-qbf-cnfLadn-K4-C50-V4-D4.1;                            0.06; Unsat;
 250;qbfL/C50-V04-D4/p-qbf-cnfLadn-K4-C50-V4-D4.2;                            0.05; Unsat;
 251;qbfL/C50-V04-D4/p-qbf-cnfLadn-K4-C50-V4-D4.3;                            0.04; Unsat;
 252;qbfL/C50-V04-D4/p-qbf-cnfLadn-K4-C50-V4-D4.4;                            0.05; Unsat;
 253;qbfL/C50-V04-D4/p-qbf-cnfLadn-K4-C50-V4-D4.5;                            0.05; Unsat;
 254;qbfL/C50-V04-D4/p-qbf-cnfLadn-K4-C50-V4-D4.6;                            0.12; Unsat;
 255;qbfL/C50-V04-D4/p-qbf-cnfLadn-K4-C50-V4-D4.7;                            0.38; Sat  ;
 256;qbfL/C50-V04-D4/p-qbf-cnfLadn-K4-C50-V4-D4.8;                            0.04; Unsat;
 257;qbfL/C50-V04-D6/p-qbf-cnfLadn-K4-C50-V4-D6.1;                            0.07; Unsat;
 258;qbfL/C50-V04-D6/p-qbf-cnfLadn-K4-C50-V4-D6.2;                            0.06; Unsat;
 259;qbfL/C50-V04-D6/p-qbf-cnfLadn-K4-C50-V4-D6.3;                            0.07; Unsat;
 260;qbfL/C50-V04-D6/p-qbf-cnfLadn-K4-C50-V4-D6.4;                            0.06; Unsat;
 261;qbfL/C50-V04-D6/p-qbf-cnfLadn-K4-C50-V4-D6.5;                            0.08; Unsat;
 262;qbfL/C50-V04-D6/p-qbf-cnfLadn-K4-C50-V4-D6.6;                            0.05; Unsat;
 263;qbfL/C50-V04-D6/p-qbf-cnfLadn-K4-C50-V4-D6.7;                            0.09; Unsat;
 264;qbfL/C50-V04-D6/p-qbf-cnfLadn-K4-C50-V4-D6.8;                            0.10; Unsat;
 265;qbfL/C50-V08-D4/p-qbf-cnfLadn-K4-C50-V8-D4.1;                            0.13; Unsat;
 266;qbfL/C50-V08-D4/p-qbf-cnfLadn-K4-C50-V8-D4.2;                            0.28; Unsat;
 267;qbfL/C50-V08-D4/p-qbf-cnfLadn-K4-C50-V8-D4.3;                            0.14; Unsat;
 268;qbfL/C50-V08-D4/p-qbf-cnfLadn-K4-C50-V8-D4.4;                            0.24; Sat  ;
 269;qbfL/C50-V08-D4/p-qbf-cnfLadn-K4-C50-V8-D4.5;                            0.20; Sat  ;
 270;qbfL/C50-V08-D4/p-qbf-cnfLadn-K4-C50-V8-D4.6;                            0.28; Unsat;
 271;qbfL/C50-V08-D4/p-qbf-cnfLadn-K4-C50-V8-D4.7;                            0.19; Unsat;
 272;qbfL/C50-V08-D4/p-qbf-cnfLadn-K4-C50-V8-D4.8;                            0.17; Unsat;
 273;qbfL/C50-V08-D6/p-qbf-cnfLadn-K4-C50-V8-D6.1;                            0.38; Sat  ;
 274;qbfL/C50-V08-D6/p-qbf-cnfLadn-K4-C50-V8-D6.2;                            0.32; Sat  ;
 275;qbfL/C50-V08-D6/p-qbf-cnfLadn-K4-C50-V8-D6.3;                            0.38; Sat  ;
 276;qbfL/C50-V08-D6/p-qbf-cnfLadn-K4-C50-V8-D6.4;                            0.58; Sat  ;
 277;qbfL/C50-V08-D6/p-qbf-cnfLadn-K4-C50-V8-D6.5;                            0.31; Sat  ;
 278;qbfL/C50-V08-D6/p-qbf-cnfLadn-K4-C50-V8-D6.6;                            0.24; Unsat;
 279;qbfL/C50-V08-D6/p-qbf-cnfLadn-K4-C50-V8-D6.7;                            0.34; Sat  ;
 280;qbfL/C50-V08-D6/p-qbf-cnfLadn-K4-C50-V8-D6.8;                            0.34; Sat  ;
 281;qbfL/C50-V16-D4/p-qbf-cnfLadn-K4-C50-V16-D4.1;                           0.86; Sat  ;
 282;qbfL/C50-V16-D4/p-qbf-cnfLadn-K4-C50-V16-D4.2;                           0.95; Sat  ;
 283;qbfL/C50-V16-D4/p-qbf-cnfLadn-K4-C50-V16-D4.3;                           0.70; Sat  ;
 284;qbfL/C50-V16-D4/p-qbf-cnfLadn-K4-C50-V16-D4.4;                           0.62; Sat  ;
 285;qbfL/C50-V16-D4/p-qbf-cnfLadn-K4-C50-V16-D4.5;                           0.78; Sat  ;
 286;qbfL/C50-V16-D4/p-qbf-cnfLadn-K4-C50-V16-D4.6;                           0.76; Sat  ;
 287;qbfL/C50-V16-D4/p-qbf-cnfLadn-K4-C50-V16-D4.7;                           0.67; Sat  ;
 288;qbfL/C50-V16-D4/p-qbf-cnfLadn-K4-C50-V16-D4.8;                           0.68; Sat  ;
 289;qbfL/C50-V16-D6/p-qbf-cnfLadn-K4-C50-V16-D6.1;                           1.94; Sat  ;
 290;qbfL/C50-V16-D6/p-qbf-cnfLadn-K4-C50-V16-D6.2;                           1.97; Sat  ;
 291;qbfL/C50-V16-D6/p-qbf-cnfLadn-K4-C50-V16-D6.3;                           1.58; Sat  ;
 292;qbfL/C50-V16-D6/p-qbf-cnfLadn-K4-C50-V16-D6.4;                           1.95; Sat  ;
 293;qbfL/C50-V16-D6/p-qbf-cnfLadn-K4-C50-V16-D6.5;                           2.11; Sat  ;
 294;qbfL/C50-V16-D6/p-qbf-cnfLadn-K4-C50-V16-D6.6;                           1.94; Sat  ;
 295;qbfL/C50-V16-D6/p-qbf-cnfLadn-K4-C50-V16-D6.7;                           2.03; Sat  ;
 296;qbfL/C50-V16-D6/p-qbf-cnfLadn-K4-C50-V16-D6.8;                           2.20; Sat  ;
 297;qbfML/C10-V4-D4/p-qbf-modKLadn-K4-C10-V4-D4.1;                           0.44; Unsat;
 298;qbfML/C10-V4-D4/p-qbf-modKLadn-K4-C10-V4-D4.2;                           0.42; Unsat;
 299;qbfML/C10-V4-D4/p-qbf-modKLadn-K4-C10-V4-D4.3;                           0.48; Unsat;
 300;qbfML/C10-V4-D4/p-qbf-modKLadn-K4-C10-V4-D4.4;                           0.44; Unsat;
 301;qbfML/C10-V4-D4/p-qbf-modKLadn-K4-C10-V4-D4.5;                           0.38; Unsat;
 302;qbfML/C10-V4-D4/p-qbf-modKLadn-K4-C10-V4-D4.6;                           0.23; Unsat;
 303;qbfML/C10-V4-D4/p-qbf-modKLadn-K4-C10-V4-D4.7;                           0.45; Unsat;
 304;qbfML/C10-V4-D4/p-qbf-modKLadn-K4-C10-V4-D4.8;                           0.46; Unsat;
 305;qbfML/C10-V4-D6/p-qbf-modKLadn-K4-C10-V4-D6.1;                           1.07; Unsat;
 306;qbfML/C10-V4-D6/p-qbf-modKLadn-K4-C10-V4-D6.2;                           0.75; Unsat;
 307;qbfML/C10-V4-D6/p-qbf-modKLadn-K4-C10-V4-D6.3;                           1.13; Unsat;
 308;qbfML/C10-V4-D6/p-qbf-modKLadn-K4-C10-V4-D6.4;                           0.49; Unsat;
 309;qbfML/C10-V4-D6/p-qbf-modKLadn-K4-C10-V4-D6.5;                           0.44; Unsat;
 310;qbfML/C10-V4-D6/p-qbf-modKLadn-K4-C10-V4-D6.6;                           1.06; Unsat;
 311;qbfML/C10-V4-D6/p-qbf-modKLadn-K4-C10-V4-D6.7;                           0.67; Unsat;
 312;qbfML/C10-V4-D6/p-qbf-modKLadn-K4-C10-V4-D6.8;                           0.89; Unsat;
 313;qbfML/C10-V8-D4/p-qbf-modKLadn-K4-C10-V8-D4.1;                           4.52; Unsat;
 314;qbfML/C10-V8-D4/p-qbf-modKLadn-K4-C10-V8-D4.2;                           3.12; Unsat;
 315;qbfML/C10-V8-D4/p-qbf-modKLadn-K4-C10-V8-D4.3;                           5.32; Unsat;
 316;qbfML/C10-V8-D4/p-qbf-modKLadn-K4-C10-V8-D4.4;                           3.65; Unsat;
 317;qbfML/C10-V8-D4/p-qbf-modKLadn-K4-C10-V8-D4.5;                           7.15; Unsat;
 318;qbfML/C10-V8-D4/p-qbf-modKLadn-K4-C10-V8-D4.6;                           8.21; Unsat;
 319;qbfML/C10-V8-D4/p-qbf-modKLadn-K4-C10-V8-D4.7;                           4.47; Unsat;
 320;qbfML/C10-V8-D4/p-qbf-modKLadn-K4-C10-V8-D4.8;                           3.31; Unsat;
 321;qbfML/C10-V8-D6/p-qbf-modKLadn-K4-C10-V8-D6.1;                          10.71; Unsat;
 322;qbfML/C10-V8-D6/p-qbf-modKLadn-K4-C10-V8-D6.2;                           2.55; Unsat;
 323;qbfML/C10-V8-D6/p-qbf-modKLadn-K4-C10-V8-D6.3;                           0.93; Unsat;
 324;qbfML/C10-V8-D6/p-qbf-modKLadn-K4-C10-V8-D6.4;                           4.39; Unsat;
 325;qbfML/C10-V8-D6/p-qbf-modKLadn-K4-C10-V8-D6.5;                           1.12; Unsat;
 326;qbfML/C10-V8-D6/p-qbf-modKLadn-K4-C10-V8-D6.6;                          14.63; Unsat;
 327;qbfML/C10-V8-D6/p-qbf-modKLadn-K4-C10-V8-D6.7;                           6.95; Unsat;
 328;qbfML/C10-V8-D6/p-qbf-modKLadn-K4-C10-V8-D6.8;                           0.53; Unsat;
 329;qbfML/C20-V4-D4/p-qbf-modKLadn-K4-C20-V4-D4.1;                           0.71; Unsat;
 330;qbfML/C20-V4-D4/p-qbf-modKLadn-K4-C20-V4-D4.2;                           0.60; Unsat;
 331;qbfML/C20-V4-D4/p-qbf-modKLadn-K4-C20-V4-D4.3;                           0.91; Unsat;
 332;qbfML/C20-V4-D4/p-qbf-modKLadn-K4-C20-V4-D4.4;                           1.06; Unsat;
 333;qbfML/C20-V4-D4/p-qbf-modKLadn-K4-C20-V4-D4.5;                           0.67; Unsat;
 334;qbfML/C20-V4-D4/p-qbf-modKLadn-K4-C20-V4-D4.6;                           0.86; Unsat;
 335;qbfML/C20-V4-D4/p-qbf-modKLadn-K4-C20-V4-D4.7;                           1.34; Unsat;
 336;qbfML/C20-V4-D4/p-qbf-modKLadn-K4-C20-V4-D4.8;                           0.76; Unsat;
 337;qbfML/C20-V4-D6/p-qbf-modKLadn-K4-C20-V4-D6.1;                           3.98; Unsat;
 338;qbfML/C20-V4-D6/p-qbf-modKLadn-K4-C20-V4-D6.2;                           2.30; Unsat;
 339;qbfML/C20-V4-D6/p-qbf-modKLadn-K4-C20-V4-D6.3;                           2.96; Unsat;
 340;qbfML/C20-V4-D6/p-qbf-modKLadn-K4-C20-V4-D6.4;                           4.00; Unsat;
 341;qbfML/C20-V4-D6/p-qbf-modKLadn-K4-C20-V4-D6.5;                           2.70; Unsat;
 342;qbfML/C20-V4-D6/p-qbf-modKLadn-K4-C20-V4-D6.6;                           3.52; Unsat;
 343;qbfML/C20-V4-D6/p-qbf-modKLadn-K4-C20-V4-D6.7;                           4.44; Unsat;
 344;qbfML/C20-V4-D6/p-qbf-modKLadn-K4-C20-V4-D6.8;                           3.34; Unsat;
 345;qbfML/C20-V8-D4/p-qbf-modKLadn-K4-C20-V8-D4.1;                          16.88; Unsat;
 346;qbfML/C20-V8-D4/p-qbf-modKLadn-K4-C20-V8-D4.2;                          14.25; Unsat;
 347;qbfML/C20-V8-D4/p-qbf-modKLadn-K4-C20-V8-D4.3;                          19.93; Unsat;
 348;qbfML/C20-V8-D4/p-qbf-modKLadn-K4-C20-V8-D4.4;                          12.35; Unsat;
 349;qbfML/C20-V8-D4/p-qbf-modKLadn-K4-C20-V8-D4.5;                          11.96; Unsat;
 350;qbfML/C20-V8-D4/p-qbf-modKLadn-K4-C20-V8-D4.6;                           7.95; Unsat;
 351;qbfML/C20-V8-D4/p-qbf-modKLadn-K4-C20-V8-D4.7;                           9.71; Unsat;
 352;qbfML/C20-V8-D4/p-qbf-modKLadn-K4-C20-V8-D4.8;                          10.04; Unsat;
 353;qbfML/C20-V8-D6/p-qbf-modKLadn-K4-C20-V8-D6.1;                          16.84; Unsat;
 354;qbfML/C20-V8-D6/p-qbf-modKLadn-K4-C20-V8-D6.2;                          21.98; Unsat;
 355;qbfML/C20-V8-D6/p-qbf-modKLadn-K4-C20-V8-D6.3;                           7.63; Unsat;
 356;qbfML/C20-V8-D6/p-qbf-modKLadn-K4-C20-V8-D6.4;                           8.46; Unsat;
 357;qbfML/C20-V8-D6/p-qbf-modKLadn-K4-C20-V8-D6.5;                          15.99; Unsat;
 358;qbfML/C20-V8-D6/p-qbf-modKLadn-K4-C20-V8-D6.6;                          14.47; Unsat;
 359;qbfML/C20-V8-D6/p-qbf-modKLadn-K4-C20-V8-D6.7;                           9.10; Unsat;
 360;qbfML/C20-V8-D6/p-qbf-modKLadn-K4-C20-V8-D6.8;                          19.32; Unsat;
 361;qbfML/C30-V4-D4/p-qbf-modKLadn-K4-C30-V4-D4.1;                           1.24; Unsat;
 362;qbfML/C30-V4-D4/p-qbf-modKLadn-K4-C30-V4-D4.2;                           1.36; Unsat;
 363;qbfML/C30-V4-D4/p-qbf-modKLadn-K4-C30-V4-D4.3;                           1.32; Unsat;
 364;qbfML/C30-V4-D4/p-qbf-modKLadn-K4-C30-V4-D4.4;                           1.03; Unsat;
 365;qbfML/C30-V4-D4/p-qbf-modKLadn-K4-C30-V4-D4.5;                           1.47; Unsat;
 366;qbfML/C30-V4-D4/p-qbf-modKLadn-K4-C30-V4-D4.6;                           1.70; Unsat;
 367;qbfML/C30-V4-D4/p-qbf-modKLadn-K4-C30-V4-D4.7;                           1.86; Unsat;
 368;qbfML/C30-V4-D4/p-qbf-modKLadn-K4-C30-V4-D4.8;                           1.25; Unsat;
 369;qbfML/C30-V4-D6/p-qbf-modKLadn-K4-C30-V4-D6.1;                           4.30; Unsat;
 370;qbfML/C30-V4-D6/p-qbf-modKLadn-K4-C30-V4-D6.2;                           3.80; Unsat;
 371;qbfML/C30-V4-D6/p-qbf-modKLadn-K4-C30-V4-D6.3;                           3.82; Unsat;
 372;qbfML/C30-V4-D6/p-qbf-modKLadn-K4-C30-V4-D6.4;                           5.01; Unsat;
 373;qbfML/C30-V4-D6/p-qbf-modKLadn-K4-C30-V4-D6.5;                           5.18; Unsat;
 374;qbfML/C30-V4-D6/p-qbf-modKLadn-K4-C30-V4-D6.6;                           6.53; Unsat;
 375;qbfML/C30-V4-D6/p-qbf-modKLadn-K4-C30-V4-D6.7;                           5.34; Unsat;
 376;qbfML/C30-V4-D6/p-qbf-modKLadn-K4-C30-V4-D6.8;                           4.91; Unsat;
 377;qbfML/C30-V8-D4/p-qbf-modKLadn-K4-C30-V8-D4.1;                          17.62; Unsat;
 378;qbfML/C30-V8-D4/p-qbf-modKLadn-K4-C30-V8-D4.2;                          22.86; Unsat;
 379;qbfML/C30-V8-D4/p-qbf-modKLadn-K4-C30-V8-D4.3;                          27.74; Unsat;
 380;qbfML/C30-V8-D4/p-qbf-modKLadn-K4-C30-V8-D4.4;                          25.80; Unsat;
 381;qbfML/C30-V8-D4/p-qbf-modKLadn-K4-C30-V8-D4.5;                          13.58; Unsat;
 382;qbfML/C30-V8-D4/p-qbf-modKLadn-K4-C30-V8-D4.6;                          25.66; Unsat;
 383;qbfML/C30-V8-D4/p-qbf-modKLadn-K4-C30-V8-D4.7;                          26.76; Unsat;
 384;qbfML/C30-V8-D4/p-qbf-modKLadn-K4-C30-V8-D4.8;                          33.39; Unsat;
 385;qbfML/C30-V8-D6/p-qbf-modKLadn-K4-C30-V8-D6.1;                          68.19; Unsat;
 386;qbfML/C30-V8-D6/p-qbf-modKLadn-K4-C30-V8-D6.2;                          32.68; Unsat;
 387;qbfML/C30-V8-D6/p-qbf-modKLadn-K4-C30-V8-D6.3;                          54.73; Unsat;
 388;qbfML/C30-V8-D6/p-qbf-modKLadn-K4-C30-V8-D6.4;                          31.88; Unsat;
 389;qbfML/C30-V8-D6/p-qbf-modKLadn-K4-C30-V8-D6.5;                          68.94; Unsat;
 390;qbfML/C30-V8-D6/p-qbf-modKLadn-K4-C30-V8-D6.6;                          35.88; Unsat;
 391;qbfML/C30-V8-D6/p-qbf-modKLadn-K4-C30-V8-D6.7;                          55.84; Unsat;
 392;qbfML/C30-V8-D6/p-qbf-modKLadn-K4-C30-V8-D6.8;                          20.11; Unsat;
 393;qbfML/C40-V4-D4/p-qbf-modKLadn-K4-C40-V4-D4.1;                           2.03; Unsat;
 394;qbfML/C40-V4-D4/p-qbf-modKLadn-K4-C40-V4-D4.2;                           1.31; Unsat;
 395;qbfML/C40-V4-D4/p-qbf-modKLadn-K4-C40-V4-D4.3;                           2.02; Unsat;
 396;qbfML/C40-V4-D4/p-qbf-modKLadn-K4-C40-V4-D4.4;                           1.34; Unsat;
 397;qbfML/C40-V4-D4/p-qbf-modKLadn-K4-C40-V4-D4.5;                           1.47; Unsat;
 398;qbfML/C40-V4-D4/p-qbf-modKLadn-K4-C40-V4-D4.6;                           1.72; Unsat;
 399;qbfML/C40-V4-D4/p-qbf-modKLadn-K4-C40-V4-D4.7;                           2.10; Unsat;
 400;qbfML/C40-V4-D4/p-qbf-modKLadn-K4-C40-V4-D4.8;                           1.65; Unsat;
 401;qbfML/C40-V4-D6/p-qbf-modKLadn-K4-C40-V4-D6.1;                           4.37; Unsat;
 402;qbfML/C40-V4-D6/p-qbf-modKLadn-K4-C40-V4-D6.2;                           5.12; Unsat;
 403;qbfML/C40-V4-D6/p-qbf-modKLadn-K4-C40-V4-D6.3;                           6.18; Unsat;
 404;qbfML/C40-V4-D6/p-qbf-modKLadn-K4-C40-V4-D6.4;                           5.80; Unsat;
 405;qbfML/C40-V4-D6/p-qbf-modKLadn-K4-C40-V4-D6.5;                           5.93; Unsat;
 406;qbfML/C40-V4-D6/p-qbf-modKLadn-K4-C40-V4-D6.6;                           5.97; Unsat;
 407;qbfML/C40-V4-D6/p-qbf-modKLadn-K4-C40-V4-D6.7;                           6.14; Unsat;
 408;qbfML/C40-V4-D6/p-qbf-modKLadn-K4-C40-V4-D6.8;                           5.74; Unsat;
 409;qbfML/C40-V8-D4/p-qbf-modKLadn-K4-C40-V8-D4.1;                          31.40; Unsat;
 410;qbfML/C40-V8-D4/p-qbf-modKLadn-K4-C40-V8-D4.2;                          32.92; Unsat;
 411;qbfML/C40-V8-D4/p-qbf-modKLadn-K4-C40-V8-D4.3;                          32.10; Unsat;
 412;qbfML/C40-V8-D4/p-qbf-modKLadn-K4-C40-V8-D4.4;                          33.31; Unsat;
 413;qbfML/C40-V8-D4/p-qbf-modKLadn-K4-C40-V8-D4.5;                          22.50; Unsat;
 414;qbfML/C40-V8-D4/p-qbf-modKLadn-K4-C40-V8-D4.6;                          32.10; Unsat;
 415;qbfML/C40-V8-D4/p-qbf-modKLadn-K4-C40-V8-D4.7;                          36.29; Unsat;
 416;qbfML/C40-V8-D4/p-qbf-modKLadn-K4-C40-V8-D4.8;                          24.10; Unsat;
 417;qbfML/C40-V8-D6/p-qbf-modKLadn-K4-C40-V8-D6.1;                         108.55; Unsat;
 418;qbfML/C40-V8-D6/p-qbf-modKLadn-K4-C40-V8-D6.2;                          62.96; Unsat;
 419;qbfML/C40-V8-D6/p-qbf-modKLadn-K4-C40-V8-D6.3;                          88.17; Unsat;
 420;qbfML/C40-V8-D6/p-qbf-modKLadn-K4-C40-V8-D6.4;                         125.97; Unsat;
 421;qbfML/C40-V8-D6/p-qbf-modKLadn-K4-C40-V8-D6.5;                          95.94; Unsat;
 422;qbfML/C40-V8-D6/p-qbf-modKLadn-K4-C40-V8-D6.6;                         121.20; Unsat;
 423;qbfML/C40-V8-D6/p-qbf-modKLadn-K4-C40-V8-D6.7;                         105.55; Unsat;
 424;qbfML/C40-V8-D6/p-qbf-modKLadn-K4-C40-V8-D6.8;                          54.58; Unsat;
 425;qbfML/C50-V4-D4/p-qbf-modKLadn-K4-C50-V4-D4.1;                           1.17; Unsat;
 426;qbfML/C50-V4-D4/p-qbf-modKLadn-K4-C50-V4-D4.2;                           1.61; Unsat;
 427;qbfML/C50-V4-D4/p-qbf-modKLadn-K4-C50-V4-D4.3;                           1.31; Unsat;
 428;qbfML/C50-V4-D4/p-qbf-modKLadn-K4-C50-V4-D4.4;                           1.64; Unsat;
 429;qbfML/C50-V4-D4/p-qbf-modKLadn-K4-C50-V4-D4.5;                           1.39; Unsat;
 430;qbfML/C50-V4-D4/p-qbf-modKLadn-K4-C50-V4-D4.6;                           1.71; Unsat;
 431;qbfML/C50-V4-D4/p-qbf-modKLadn-K4-C50-V4-D4.7;                           1.26; Unsat;
 432;qbfML/C50-V4-D4/p-qbf-modKLadn-K4-C50-V4-D4.8;                           1.28; Unsat;
 433;qbfML/C50-V4-D6/p-qbf-modKLadn-K4-C50-V4-D6.1;                           8.38; Unsat;
 434;qbfML/C50-V4-D6/p-qbf-modKLadn-K4-C50-V4-D6.2;                           7.35; Unsat;
 435;qbfML/C50-V4-D6/p-qbf-modKLadn-K4-C50-V4-D6.3;                           7.27; Unsat;
 436;qbfML/C50-V4-D6/p-qbf-modKLadn-K4-C50-V4-D6.4;                           6.44; Unsat;
 437;qbfML/C50-V4-D6/p-qbf-modKLadn-K4-C50-V4-D6.5;                           6.40; Unsat;
 438;qbfML/C50-V4-D6/p-qbf-modKLadn-K4-C50-V4-D6.6;                           7.65; Unsat;
 439;qbfML/C50-V4-D6/p-qbf-modKLadn-K4-C50-V4-D6.7;                           6.61; Unsat;
 440;qbfML/C50-V4-D6/p-qbf-modKLadn-K4-C50-V4-D6.8;                           5.93; Unsat;
 441;qbfML/C50-V8-D4/p-qbf-modKLadn-K4-C50-V8-D4.1;                          31.42; Unsat;
 442;qbfML/C50-V8-D4/p-qbf-modKLadn-K4-C50-V8-D4.2;                          42.22; Unsat;
 443;qbfML/C50-V8-D4/p-qbf-modKLadn-K4-C50-V8-D4.3;                          27.71; Unsat;
 444;qbfML/C50-V8-D4/p-qbf-modKLadn-K4-C50-V8-D4.4;                          34.85; Unsat;
 445;qbfML/C50-V8-D4/p-qbf-modKLadn-K4-C50-V8-D4.5;                          31.73; Unsat;
 446;qbfML/C50-V8-D4/p-qbf-modKLadn-K4-C50-V8-D4.6;                          37.47; Unsat;
 447;qbfML/C50-V8-D4/p-qbf-modKLadn-K4-C50-V8-D4.7;                          37.14; Unsat;
 448;qbfML/C50-V8-D4/p-qbf-modKLadn-K4-C50-V8-D4.8;                          36.19; Unsat;
 449;qbfML/C50-V8-D6/p-qbf-modKLadn-K4-C50-V8-D6.1;                         146.02; Unsat;
 450;qbfML/C50-V8-D6/p-qbf-modKLadn-K4-C50-V8-D6.2;                         125.01; Unsat;
 451;qbfML/C50-V8-D6/p-qbf-modKLadn-K4-C50-V8-D6.3;                         106.07; Unsat;
 452;qbfML/C50-V8-D6/p-qbf-modKLadn-K4-C50-V8-D6.4;                          84.03; Unsat;
 453;qbfML/C50-V8-D6/p-qbf-modKLadn-K4-C50-V8-D6.5;                         124.01; Unsat;
 454;qbfML/C50-V8-D6/p-qbf-modKLadn-K4-C50-V8-D6.6;                          74.46; Unsat;
 455;qbfML/C50-V8-D6/p-qbf-modKLadn-K4-C50-V8-D6.7;                         107.52; Unsat;
 456;qbfML/C50-V8-D6/p-qbf-modKLadn-K4-C50-V8-D6.8;                         125.29; Unsat;
 457;qbfML/CXX-V16-DX/p-qbf-modKLadn-K4-C10-V16-D4.1;                         5.16; Unsat;
 458;qbfML/CXX-V16-DX/p-qbf-modKLadn-K4-C10-V16-D4.2;                         4.16; Unsat;
 459;qbfML/CXX-V16-DX/p-qbf-modKLadn-K4-C10-V16-D4.3;                         7.64; Unsat;
 460;qbfML/CXX-V16-DX/p-qbf-modKLadn-K4-C10-V16-D4.4;                        10.76; Unsat;
 461;qbfML/CXX-V16-DX/p-qbf-modKLadn-K4-C10-V16-D4.5;                        15.25; Unsat;
 462;qbfML/CXX-V16-DX/p-qbf-modKLadn-K4-C10-V16-D4.6;                        69.35; Unsat;
 463;qbfML/CXX-V16-DX/p-qbf-modKLadn-K4-C10-V16-D4.7;                        73.81; Unsat;
 464;qbfML/CXX-V16-DX/p-qbf-modKLadn-K4-C10-V16-D4.8;                        17.22; Unsat;
 465;qbfML/CXX-V16-DX/p-qbf-modKLadn-K4-C10-V16-D6.1;                        45.30; Unsat;
 466;qbfML/CXX-V16-DX/p-qbf-modKLadn-K4-C10-V16-D6.2;                         8.37; Unsat;
 467;qbfML/CXX-V16-DX/p-qbf-modKLadn-K4-C10-V16-D6.3;                        39.31; Unsat;
 468;qbfML/CXX-V16-DX/p-qbf-modKLadn-K4-C10-V16-D6.4;                         9.40; Unsat;
 469;qbfML/CXX-V16-DX/p-qbf-modKLadn-K4-C10-V16-D6.5;                         1.80; Unsat;
 470;qbfML/CXX-V16-DX/p-qbf-modKLadn-K4-C10-V16-D6.6;                        37.73; Unsat;
 471;qbfML/CXX-V16-DX/p-qbf-modKLadn-K4-C10-V16-D6.7;                         7.18; Unsat;
 472;qbfML/CXX-V16-DX/p-qbf-modKLadn-K4-C10-V16-D6.8;                         5.68; Unsat;
 473;qbfML/CXX-V16-DX/p-qbf-modKLadn-K4-C20-V16-D4.1;                        33.84; Unsat;
 474;qbfML/CXX-V16-DX/p-qbf-modKLadn-K4-C20-V16-D4.2;                        44.97; Unsat;
 475;qbfML/CXX-V16-DX/p-qbf-modKLadn-K4-C20-V16-D4.3;                       207.20; Unsat;
 476;qbfML/CXX-V16-DX/p-qbf-modKLadn-K4-C20-V16-D4.4;                        25.61; Unsat;
 477;qbfML/CXX-V16-DX/p-qbf-modKLadn-K4-C20-V16-D4.5;                        42.44; Unsat;
 478;qbfML/CXX-V16-DX/p-qbf-modKLadn-K4-C20-V16-D4.6;                        15.76; Unsat;
 479;qbfML/CXX-V16-DX/p-qbf-modKLadn-K4-C20-V16-D4.7;                        12.74; Unsat;
 480;qbfML/CXX-V16-DX/p-qbf-modKLadn-K4-C20-V16-D4.8;                        73.68; Unsat;
 481;qbfML/CXX-V16-DX/p-qbf-modKLadn-K4-C20-V16-D6.1;                        36.81; Unsat;
 482;qbfML/CXX-V16-DX/p-qbf-modKLadn-K4-C20-V16-D6.2;                        14.05; Unsat;
 483;qbfML/CXX-V16-DX/p-qbf-modKLadn-K4-C20-V16-D6.3;                        21.15; Unsat;
 484;qbfML/CXX-V16-DX/p-qbf-modKLadn-K4-C20-V16-D6.4;                        47.35; Unsat;
 485;qbfML/CXX-V16-DX/p-qbf-modKLadn-K4-C20-V16-D6.5;                        51.58; Unsat;
 486;qbfML/CXX-V16-DX/p-qbf-modKLadn-K4-C20-V16-D6.6;                        60.84; Unsat;
 487;qbfML/CXX-V16-DX/p-qbf-modKLadn-K4-C20-V16-D6.7;                       110.32; Unsat;
 488;qbfML/CXX-V16-DX/p-qbf-modKLadn-K4-C20-V16-D6.8;                        61.15; Unsat;
 489;qbfML/CXX-V16-DX/p-qbf-modKLadn-K4-C30-V16-D4.1;                       197.63; Unsat;
 490;qbfML/CXX-V16-DX/p-qbf-modKLadn-K4-C30-V16-D4.2;                       306.80; Unsat;
 491;qbfML/CXX-V16-DX/p-qbf-modKLadn-K4-C30-V16-D4.3;                       116.97; Unsat;
 492;qbfML/CXX-V16-DX/p-qbf-modKLadn-K4-C30-V16-D4.4;                       544.34; Unsat;
 493;qbfML/CXX-V16-DX/p-qbf-modKLadn-K4-C30-V16-D4.5;                        83.33; Unsat;
 494;qbfML/CXX-V16-DX/p-qbf-modKLadn-K4-C30-V16-D4.6;                       118.19; Unsat;
 495;qbfML/CXX-V16-DX/p-qbf-modKLadn-K4-C30-V16-D4.7;                       270.70; Unsat;
 496;qbfML/CXX-V16-DX/p-qbf-modKLadn-K4-C30-V16-D4.8;                       285.97; Unsat;
 497;qbfML/CXX-V16-DX/p-qbf-modKLadn-K4-C30-V16-D6.1;                       133.24; Unsat;
 498;qbfML/CXX-V16-DX/p-qbf-modKLadn-K4-C30-V16-D6.2;                        94.10; Unsat;
 499;qbfML/CXX-V16-DX/p-qbf-modKLadn-K4-C30-V16-D6.3;                       176.28; Unsat;
 500;qbfML/CXX-V16-DX/p-qbf-modKLadn-K4-C30-V16-D6.4;                       333.71; Unsat;
 501;qbfML/CXX-V16-DX/p-qbf-modKLadn-K4-C30-V16-D6.5;                       132.26; Unsat;
 502;qbfML/CXX-V16-DX/p-qbf-modKLadn-K4-C30-V16-D6.6;                       237.32; Unsat;
 503;qbfML/CXX-V16-DX/p-qbf-modKLadn-K4-C30-V16-D6.7;                        98.46; Unsat;
 504;qbfML/CXX-V16-DX/p-qbf-modKLadn-K4-C30-V16-D6.8;                        98.93; Unsat;
 505;qbfML/CXX-V16-DX/p-qbf-modKLadn-K4-C40-V16-D4.1;                       255.82; Unsat;
 506;qbfML/CXX-V16-DX/p-qbf-modKLadn-K4-C40-V16-D4.2;                       590.13; Unsat;
 507;qbfML/CXX-V16-DX/p-qbf-modKLadn-K4-C40-V16-D4.3;                       524.44; Unsat;
 508;qbfML/CXX-V16-DX/p-qbf-modKLadn-K4-C40-V16-D4.4;                       608.48; Unsat;
 509;qbfML/CXX-V16-DX/p-qbf-modKLadn-K4-C40-V16-D4.5;                       333.72; Unsat;
 510;qbfML/CXX-V16-DX/p-qbf-modKLadn-K4-C40-V16-D4.6;                       673.21; Unsat;
 511;qbfML/CXX-V16-DX/p-qbf-modKLadn-K4-C40-V16-D4.7;                       397.23; Unsat;
 512;qbfML/CXX-V16-DX/p-qbf-modKLadn-K4-C40-V16-D4.8;                       684.22; Unsat;
 513;qbfML/CXX-V16-DX/p-qbf-modKLadn-K4-C40-V16-D6.1;                       138.11; Unsat;
 514;qbfML/CXX-V16-DX/p-qbf-modKLadn-K4-C40-V16-D6.2;                       167.80; Unsat;
 515;qbfML/CXX-V16-DX/p-qbf-modKLadn-K4-C40-V16-D6.3;                       169.84; Unsat;
 516;qbfML/CXX-V16-DX/p-qbf-modKLadn-K4-C40-V16-D6.4;                       201.19; Unsat;
 517;qbfML/CXX-V16-DX/p-qbf-modKLadn-K4-C40-V16-D6.5;                        88.14; Unsat;
 518;qbfML/CXX-V16-DX/p-qbf-modKLadn-K4-C40-V16-D6.6;                       150.90; Unsat;
 519;qbfML/CXX-V16-DX/p-qbf-modKLadn-K4-C40-V16-D6.7;                       346.60; Unsat;
 520;qbfML/CXX-V16-DX/p-qbf-modKLadn-K4-C40-V16-D6.8;                       313.97; Unsat;
 521;qbfML/CXX-V16-DX/p-qbf-modKLadn-K4-C50-V16-D4.1;                       867.56; Unsat;
 522;qbfML/CXX-V16-DX/p-qbf-modKLadn-K4-C50-V16-D4.2;                       327.97; Unsat;
 523;qbfML/CXX-V16-DX/p-qbf-modKLadn-K4-C50-V16-D4.3;                       473.27; Unsat;
 524;qbfML/CXX-V16-DX/p-qbf-modKLadn-K4-C50-V16-D4.4;                       722.14; Unsat;
 525;qbfML/CXX-V16-DX/p-qbf-modKLadn-K4-C50-V16-D4.5;                       758.30; Unsat;
 526;qbfML/CXX-V16-DX/p-qbf-modKLadn-K4-C50-V16-D4.6;                       999.35; Unsat;
 527;qbfML/CXX-V16-DX/p-qbf-modKLadn-K4-C50-V16-D4.7;                       597.37; Unsat;
 528;qbfML/CXX-V16-DX/p-qbf-modKLadn-K4-C50-V16-D4.8;                       929.79; Unsat;
 529;qbfML/CXX-V16-DX/p-qbf-modKLadn-K4-C50-V16-D6.1;                      TIMEOUT;      ;
 530;qbfML/CXX-V16-DX/p-qbf-modKLadn-K4-C50-V16-D6.2;                       132.88; Unsat;
 531;qbfML/CXX-V16-DX/p-qbf-modKLadn-K4-C50-V16-D6.3;                       103.96; Unsat;
 532;qbfML/CXX-V16-DX/p-qbf-modKLadn-K4-C50-V16-D6.4;                       624.47; Unsat;
 533;qbfML/CXX-V16-DX/p-qbf-modKLadn-K4-C50-V16-D6.5;                       283.17; Unsat;
 534;qbfML/CXX-V16-DX/p-qbf-modKLadn-K4-C50-V16-D6.6;                       112.27; Unsat;
 535;qbfML/CXX-V16-DX/p-qbf-modKLadn-K4-C50-V16-D6.7;                       529.42; Unsat;
 536;qbfML/CXX-V16-DX/p-qbf-modKLadn-K4-C50-V16-D6.8;                       648.40; Unsat;
 537;qbfMS/C10-V04-D4/p-qbf-modKSSS-K4-C10-V4-D4.1;                           0.00; Sat  ;
 538;qbfMS/C10-V04-D4/p-qbf-modKSSS-K4-C10-V4-D4.2;                           0.00; Sat  ;
 539;qbfMS/C10-V04-D4/p-qbf-modKSSS-K4-C10-V4-D4.3;                           0.00; Sat  ;
 540;qbfMS/C10-V04-D4/p-qbf-modKSSS-K4-C10-V4-D4.4;                           0.00; Sat  ;
 541;qbfMS/C10-V04-D4/p-qbf-modKSSS-K4-C10-V4-D4.5;                           0.00; Sat  ;
 542;qbfMS/C10-V04-D4/p-qbf-modKSSS-K4-C10-V4-D4.6;                           0.00; Sat  ;
 543;qbfMS/C10-V04-D4/p-qbf-modKSSS-K4-C10-V4-D4.7;                           0.00; Sat  ;
 544;qbfMS/C10-V04-D4/p-qbf-modKSSS-K4-C10-V4-D4.8;                           0.00; Sat  ;
 545;qbfMS/C10-V04-D6/p-qbf-modKSSS-K4-C10-V4-D6.1;                           0.00; Sat  ;
 546;qbfMS/C10-V04-D6/p-qbf-modKSSS-K4-C10-V4-D6.2;                           0.00; Sat  ;
 547;qbfMS/C10-V04-D6/p-qbf-modKSSS-K4-C10-V4-D6.3;                           0.00; Sat  ;
 548;qbfMS/C10-V04-D6/p-qbf-modKSSS-K4-C10-V4-D6.4;                           0.00; Sat  ;
 549;qbfMS/C10-V04-D6/p-qbf-modKSSS-K4-C10-V4-D6.5;                           0.00; Sat  ;
 550;qbfMS/C10-V04-D6/p-qbf-modKSSS-K4-C10-V4-D6.6;                           0.00; Sat  ;
 551;qbfMS/C10-V04-D6/p-qbf-modKSSS-K4-C10-V4-D6.7;                           0.00; Sat  ;
 552;qbfMS/C10-V04-D6/p-qbf-modKSSS-K4-C10-V4-D6.8;                           0.00; Sat  ;
 553;qbfMS/C10-V08-D4/p-qbf-modKSSS-K4-C10-V8-D4.1;                           0.00; Sat  ;
 554;qbfMS/C10-V08-D4/p-qbf-modKSSS-K4-C10-V8-D4.2;                           0.00; Sat  ;
 555;qbfMS/C10-V08-D4/p-qbf-modKSSS-K4-C10-V8-D4.3;                           0.00; Sat  ;
 556;qbfMS/C10-V08-D4/p-qbf-modKSSS-K4-C10-V8-D4.4;                           0.00; Sat  ;
 557;qbfMS/C10-V08-D4/p-qbf-modKSSS-K4-C10-V8-D4.5;                           0.00; Sat  ;
 558;qbfMS/C10-V08-D4/p-qbf-modKSSS-K4-C10-V8-D4.6;                           0.00; Sat  ;
 559;qbfMS/C10-V08-D4/p-qbf-modKSSS-K4-C10-V8-D4.7;                           0.00; Sat  ;
 560;qbfMS/C10-V08-D4/p-qbf-modKSSS-K4-C10-V8-D4.8;                           0.00; Sat  ;
 561;qbfMS/C10-V08-D6/p-qbf-modKSSS-K4-C10-V8-D6.1;                           0.00; Sat  ;
 562;qbfMS/C10-V08-D6/p-qbf-modKSSS-K4-C10-V8-D6.2;                           0.00; Sat  ;
 563;qbfMS/C10-V08-D6/p-qbf-modKSSS-K4-C10-V8-D6.3;                           0.00; Sat  ;
 564;qbfMS/C10-V08-D6/p-qbf-modKSSS-K4-C10-V8-D6.4;                           0.00; Sat  ;
 565;qbfMS/C10-V08-D6/p-qbf-modKSSS-K4-C10-V8-D6.5;                           0.00; Sat  ;
 566;qbfMS/C10-V08-D6/p-qbf-modKSSS-K4-C10-V8-D6.6;                           0.00; Sat  ;
 567;qbfMS/C10-V08-D6/p-qbf-modKSSS-K4-C10-V8-D6.7;                           0.00; Sat  ;
 568;qbfMS/C10-V08-D6/p-qbf-modKSSS-K4-C10-V8-D6.8;                           0.00; Sat  ;
 569;qbfMS/C10-V16-D4/p-qbf-modKSSS-K4-C10-V16-D4.1;                          0.00; Sat  ;
 570;qbfMS/C10-V16-D4/p-qbf-modKSSS-K4-C10-V16-D4.2;                          0.00; Sat  ;
 571;qbfMS/C10-V16-D4/p-qbf-modKSSS-K4-C10-V16-D4.3;                          0.00; Sat  ;
 572;qbfMS/C10-V16-D4/p-qbf-modKSSS-K4-C10-V16-D4.4;                          0.00; Sat  ;
 573;qbfMS/C10-V16-D4/p-qbf-modKSSS-K4-C10-V16-D4.5;                          0.00; Sat  ;
 574;qbfMS/C10-V16-D4/p-qbf-modKSSS-K4-C10-V16-D4.6;                          0.00; Sat  ;
 575;qbfMS/C10-V16-D4/p-qbf-modKSSS-K4-C10-V16-D4.7;                          0.00; Sat  ;
 576;qbfMS/C10-V16-D4/p-qbf-modKSSS-K4-C10-V16-D4.8;                          0.00; Sat  ;
 577;qbfMS/C10-V16-D6/p-qbf-modKSSS-K4-C10-V16-D6.1;                          0.00; Sat  ;
 578;qbfMS/C10-V16-D6/p-qbf-modKSSS-K4-C10-V16-D6.2;                          0.01; Sat  ;
 579;qbfMS/C10-V16-D6/p-qbf-modKSSS-K4-C10-V16-D6.3;                          0.01; Sat  ;
 580;qbfMS/C10-V16-D6/p-qbf-modKSSS-K4-C10-V16-D6.4;                          0.01; Sat  ;
 581;qbfMS/C10-V16-D6/p-qbf-modKSSS-K4-C10-V16-D6.5;                          0.01; Sat  ;
 582;qbfMS/C10-V16-D6/p-qbf-modKSSS-K4-C10-V16-D6.6;                          0.01; Sat  ;
 583;qbfMS/C10-V16-D6/p-qbf-modKSSS-K4-C10-V16-D6.7;                          0.00; Sat  ;
 584;qbfMS/C10-V16-D6/p-qbf-modKSSS-K4-C10-V16-D6.8;                          0.01; Sat  ;
 585;qbfMS/C20-V04-D4/p-qbf-modKSSS-K4-C20-V4-D4.1;                           0.00; Sat  ;
 586;qbfMS/C20-V04-D4/p-qbf-modKSSS-K4-C20-V4-D4.2;                           0.00; Sat  ;
 587;qbfMS/C20-V04-D4/p-qbf-modKSSS-K4-C20-V4-D4.3;                           0.01; Sat  ;
 588;qbfMS/C20-V04-D4/p-qbf-modKSSS-K4-C20-V4-D4.4;                           0.00; Sat  ;
 589;qbfMS/C20-V04-D4/p-qbf-modKSSS-K4-C20-V4-D4.5;                           0.00; Sat  ;
 590;qbfMS/C20-V04-D4/p-qbf-modKSSS-K4-C20-V4-D4.6;                           0.03; Sat  ;
 591;qbfMS/C20-V04-D4/p-qbf-modKSSS-K4-C20-V4-D4.7;                           0.00; Unsat;
 592;qbfMS/C20-V04-D4/p-qbf-modKSSS-K4-C20-V4-D4.8;                           0.01; Sat  ;
 593;qbfMS/C20-V04-D6/p-qbf-modKSSS-K4-C20-V4-D6.1;                           0.01; Sat  ;
 594;qbfMS/C20-V04-D6/p-qbf-modKSSS-K4-C20-V4-D6.2;                           0.00; Sat  ;
 595;qbfMS/C20-V04-D6/p-qbf-modKSSS-K4-C20-V4-D6.3;                           0.00; Sat  ;
 596;qbfMS/C20-V04-D6/p-qbf-modKSSS-K4-C20-V4-D6.4;                           0.01; Sat  ;
 597;qbfMS/C20-V04-D6/p-qbf-modKSSS-K4-C20-V4-D6.5;                           0.00; Sat  ;
 598;qbfMS/C20-V04-D6/p-qbf-modKSSS-K4-C20-V4-D6.6;                           0.00; Sat  ;
 599;qbfMS/C20-V04-D6/p-qbf-modKSSS-K4-C20-V4-D6.7;                           0.00; Sat  ;
 600;qbfMS/C20-V04-D6/p-qbf-modKSSS-K4-C20-V4-D6.8;                           0.00; Sat  ;
 601;qbfMS/C20-V08-D4/p-qbf-modKSSS-K4-C20-V8-D4.1;                           0.00; Sat  ;
 602;qbfMS/C20-V08-D4/p-qbf-modKSSS-K4-C20-V8-D4.2;                           0.00; Sat  ;
 603;qbfMS/C20-V08-D4/p-qbf-modKSSS-K4-C20-V8-D4.3;                           0.00; Sat  ;
 604;qbfMS/C20-V08-D4/p-qbf-modKSSS-K4-C20-V8-D4.4;                           0.00; Sat  ;
 605;qbfMS/C20-V08-D4/p-qbf-modKSSS-K4-C20-V8-D4.5;                           0.00; Sat  ;
 606;qbfMS/C20-V08-D4/p-qbf-modKSSS-K4-C20-V8-D4.6;                           0.01; Sat  ;
 607;qbfMS/C20-V08-D4/p-qbf-modKSSS-K4-C20-V8-D4.7;                           0.00; Sat  ;
 608;qbfMS/C20-V08-D4/p-qbf-modKSSS-K4-C20-V8-D4.8;                           0.00; Sat  ;
 609;qbfMS/C20-V08-D6/p-qbf-modKSSS-K4-C20-V8-D6.1;                           0.00; Sat  ;
 610;qbfMS/C20-V08-D6/p-qbf-modKSSS-K4-C20-V8-D6.2;                           0.01; Sat  ;
 611;qbfMS/C20-V08-D6/p-qbf-modKSSS-K4-C20-V8-D6.3;                           0.01; Sat  ;
 612;qbfMS/C20-V08-D6/p-qbf-modKSSS-K4-C20-V8-D6.4;                           0.01; Sat  ;
 613;qbfMS/C20-V08-D6/p-qbf-modKSSS-K4-C20-V8-D6.5;                           0.00; Sat  ;
 614;qbfMS/C20-V08-D6/p-qbf-modKSSS-K4-C20-V8-D6.6;                           0.00; Sat  ;
 615;qbfMS/C20-V08-D6/p-qbf-modKSSS-K4-C20-V8-D6.7;                           0.01; Sat  ;
 616;qbfMS/C20-V08-D6/p-qbf-modKSSS-K4-C20-V8-D6.8;                           0.01; Sat  ;
 617;qbfMS/C20-V16-D4/p-qbf-modKSSS-K4-C20-V16-D4.1;                          0.01; Sat  ;
 618;qbfMS/C20-V16-D4/p-qbf-modKSSS-K4-C20-V16-D4.2;                          0.01; Sat  ;
 619;qbfMS/C20-V16-D4/p-qbf-modKSSS-K4-C20-V16-D4.3;                          0.01; Sat  ;
 620;qbfMS/C20-V16-D4/p-qbf-modKSSS-K4-C20-V16-D4.4;                          0.01; Sat  ;
 621;qbfMS/C20-V16-D4/p-qbf-modKSSS-K4-C20-V16-D4.5;                          0.01; Sat  ;
 622;qbfMS/C20-V16-D4/p-qbf-modKSSS-K4-C20-V16-D4.6;                          0.01; Sat  ;
 623;qbfMS/C20-V16-D4/p-qbf-modKSSS-K4-C20-V16-D4.7;                          0.01; Sat  ;
 624;qbfMS/C20-V16-D4/p-qbf-modKSSS-K4-C20-V16-D4.8;                          0.01; Sat  ;
 625;qbfMS/C20-V16-D6/p-qbf-modKSSS-K4-C20-V16-D6.1;                          0.01; Sat  ;
 626;qbfMS/C20-V16-D6/p-qbf-modKSSS-K4-C20-V16-D6.2;                          0.01; Sat  ;
 627;qbfMS/C20-V16-D6/p-qbf-modKSSS-K4-C20-V16-D6.3;                          0.02; Sat  ;
 628;qbfMS/C20-V16-D6/p-qbf-modKSSS-K4-C20-V16-D6.4;                          0.01; Sat  ;
 629;qbfMS/C20-V16-D6/p-qbf-modKSSS-K4-C20-V16-D6.5;                          0.01; Sat  ;
 630;qbfMS/C20-V16-D6/p-qbf-modKSSS-K4-C20-V16-D6.6;                          0.01; Sat  ;
 631;qbfMS/C20-V16-D6/p-qbf-modKSSS-K4-C20-V16-D6.7;                          0.02; Sat  ;
 632;qbfMS/C20-V16-D6/p-qbf-modKSSS-K4-C20-V16-D6.8;                          0.02; Sat  ;
 633;qbfMS/C30-V04-D4/p-qbf-modKSSS-K4-C30-V4-D4.1;                           0.01; Unsat;
 634;qbfMS/C30-V04-D4/p-qbf-modKSSS-K4-C30-V4-D4.2;                           0.03; Sat  ;
 635;qbfMS/C30-V04-D4/p-qbf-modKSSS-K4-C30-V4-D4.3;                           0.01; Unsat;
 636;qbfMS/C30-V04-D4/p-qbf-modKSSS-K4-C30-V4-D4.4;                           0.01; Unsat;
 637;qbfMS/C30-V04-D4/p-qbf-modKSSS-K4-C30-V4-D4.5;                           0.01; Unsat;
 638;qbfMS/C30-V04-D4/p-qbf-modKSSS-K4-C30-V4-D4.6;                           0.04; Unsat;
 639;qbfMS/C30-V04-D4/p-qbf-modKSSS-K4-C30-V4-D4.7;                           0.03; Sat  ;
 640;qbfMS/C30-V04-D4/p-qbf-modKSSS-K4-C30-V4-D4.8;                           0.17; Sat  ;
 641;qbfMS/C30-V04-D6/p-qbf-modKSSS-K4-C30-V4-D6.1;                           0.02; Unsat;
 642;qbfMS/C30-V04-D6/p-qbf-modKSSS-K4-C30-V4-D6.2;                           0.02; Unsat;
 643;qbfMS/C30-V04-D6/p-qbf-modKSSS-K4-C30-V4-D6.3;                           0.01; Sat  ;
 644;qbfMS/C30-V04-D6/p-qbf-modKSSS-K4-C30-V4-D6.4;                           0.02; Unsat;
 645;qbfMS/C30-V04-D6/p-qbf-modKSSS-K4-C30-V4-D6.5;                           0.01; Sat  ;
 646;qbfMS/C30-V04-D6/p-qbf-modKSSS-K4-C30-V4-D6.6;                           0.08; Sat  ;
 647;qbfMS/C30-V04-D6/p-qbf-modKSSS-K4-C30-V4-D6.7;                           0.03; Unsat;
 648;qbfMS/C30-V04-D6/p-qbf-modKSSS-K4-C30-V4-D6.8;                           0.02; Unsat;
 649;qbfMS/C30-V08-D4/p-qbf-modKSSS-K4-C30-V8-D4.1;                           0.01; Sat  ;
 650;qbfMS/C30-V08-D4/p-qbf-modKSSS-K4-C30-V8-D4.2;                           0.01; Sat  ;
 651;qbfMS/C30-V08-D4/p-qbf-modKSSS-K4-C30-V8-D4.3;                           0.01; Sat  ;
 652;qbfMS/C30-V08-D4/p-qbf-modKSSS-K4-C30-V8-D4.4;                           0.01; Sat  ;
 653;qbfMS/C30-V08-D4/p-qbf-modKSSS-K4-C30-V8-D4.5;                           0.02; Sat  ;
 654;qbfMS/C30-V08-D4/p-qbf-modKSSS-K4-C30-V8-D4.6;                           0.01; Sat  ;
 655;qbfMS/C30-V08-D4/p-qbf-modKSSS-K4-C30-V8-D4.7;                           0.02; Sat  ;
 656;qbfMS/C30-V08-D4/p-qbf-modKSSS-K4-C30-V8-D4.8;                           0.00; Sat  ;
 657;qbfMS/C30-V08-D6/p-qbf-modKSSS-K4-C30-V8-D6.1;                           0.02; Sat  ;
 658;qbfMS/C30-V08-D6/p-qbf-modKSSS-K4-C30-V8-D6.2;                           0.02; Sat  ;
 659;qbfMS/C30-V08-D6/p-qbf-modKSSS-K4-C30-V8-D6.3;                           0.01; Sat  ;
 660;qbfMS/C30-V08-D6/p-qbf-modKSSS-K4-C30-V8-D6.4;                           0.03; Sat  ;
 661;qbfMS/C30-V08-D6/p-qbf-modKSSS-K4-C30-V8-D6.5;                           0.01; Sat  ;
 662;qbfMS/C30-V08-D6/p-qbf-modKSSS-K4-C30-V8-D6.6;                           0.01; Sat  ;
 663;qbfMS/C30-V08-D6/p-qbf-modKSSS-K4-C30-V8-D6.7;                           0.01; Sat  ;
 664;qbfMS/C30-V08-D6/p-qbf-modKSSS-K4-C30-V8-D6.8;                           0.01; Sat  ;
 665;qbfMS/C30-V16-D4/p-qbf-modKSSS-K4-C30-V16-D4.1;                          0.01; Sat  ;
 666;qbfMS/C30-V16-D4/p-qbf-modKSSS-K4-C30-V16-D4.2;                          0.01; Sat  ;
 667;qbfMS/C30-V16-D4/p-qbf-modKSSS-K4-C30-V16-D4.3;                          0.02; Sat  ;
 668;qbfMS/C30-V16-D4/p-qbf-modKSSS-K4-C30-V16-D4.4;                          0.02; Sat  ;
 669;qbfMS/C30-V16-D4/p-qbf-modKSSS-K4-C30-V16-D4.5;                          0.01; Sat  ;
 670;qbfMS/C30-V16-D4/p-qbf-modKSSS-K4-C30-V16-D4.6;                          0.03; Sat  ;
 671;qbfMS/C30-V16-D4/p-qbf-modKSSS-K4-C30-V16-D4.7;                          0.02; Sat  ;
 672;qbfMS/C30-V16-D4/p-qbf-modKSSS-K4-C30-V16-D4.8;                          0.01; Sat  ;
 673;qbfMS/C30-V16-D6/p-qbf-modKSSS-K4-C30-V16-D6.1;                          0.03; Sat  ;
 674;qbfMS/C30-V16-D6/p-qbf-modKSSS-K4-C30-V16-D6.2;                          0.02; Sat  ;
 675;qbfMS/C30-V16-D6/p-qbf-modKSSS-K4-C30-V16-D6.3;                          0.02; Sat  ;
 676;qbfMS/C30-V16-D6/p-qbf-modKSSS-K4-C30-V16-D6.4;                          0.02; Sat  ;
 677;qbfMS/C30-V16-D6/p-qbf-modKSSS-K4-C30-V16-D6.5;                          0.02; Sat  ;
 678;qbfMS/C30-V16-D6/p-qbf-modKSSS-K4-C30-V16-D6.6;                          0.02; Sat  ;
 679;qbfMS/C30-V16-D6/p-qbf-modKSSS-K4-C30-V16-D6.7;                          0.02; Sat  ;
 680;qbfMS/C30-V16-D6/p-qbf-modKSSS-K4-C30-V16-D6.8;                          0.03; Sat  ;
 681;qbfMS/C40-V04-D4/p-qbf-modKSSS-K4-C40-V4-D4.1;                           0.02; Unsat;
 682;qbfMS/C40-V04-D4/p-qbf-modKSSS-K4-C40-V4-D4.2;                           0.02; Unsat;
 683;qbfMS/C40-V04-D4/p-qbf-modKSSS-K4-C40-V4-D4.3;                           0.02; Unsat;
 684;qbfMS/C40-V04-D4/p-qbf-modKSSS-K4-C40-V4-D4.4;                           0.02; Unsat;
 685;qbfMS/C40-V04-D4/p-qbf-modKSSS-K4-C40-V4-D4.5;                           0.02; Unsat;
 686;qbfMS/C40-V04-D4/p-qbf-modKSSS-K4-C40-V4-D4.6;                           0.03; Unsat;
 687;qbfMS/C40-V04-D4/p-qbf-modKSSS-K4-C40-V4-D4.7;                           0.01; Unsat;
 688;qbfMS/C40-V04-D4/p-qbf-modKSSS-K4-C40-V4-D4.8;                           0.02; Unsat;
 689;qbfMS/C40-V04-D6/p-qbf-modKSSS-K4-C40-V4-D6.1;                           0.02; Unsat;
 690;qbfMS/C40-V04-D6/p-qbf-modKSSS-K4-C40-V4-D6.2;                           0.02; Unsat;
 691;qbfMS/C40-V04-D6/p-qbf-modKSSS-K4-C40-V4-D6.3;                           0.02; Unsat;
 692;qbfMS/C40-V04-D6/p-qbf-modKSSS-K4-C40-V4-D6.4;                           0.07; Unsat;
 693;qbfMS/C40-V04-D6/p-qbf-modKSSS-K4-C40-V4-D6.5;                           0.04; Unsat;
 694;qbfMS/C40-V04-D6/p-qbf-modKSSS-K4-C40-V4-D6.6;                           0.04; Unsat;
 695;qbfMS/C40-V04-D6/p-qbf-modKSSS-K4-C40-V4-D6.7;                          14.55; Sat  ;
 696;qbfMS/C40-V04-D6/p-qbf-modKSSS-K4-C40-V4-D6.8;                           0.02; Unsat;
 697;qbfMS/C40-V08-D4/p-qbf-modKSSS-K4-C40-V8-D4.1;                           0.06; Sat  ;
 698;qbfMS/C40-V08-D4/p-qbf-modKSSS-K4-C40-V8-D4.2;                           0.10; Unsat;
 699;qbfMS/C40-V08-D4/p-qbf-modKSSS-K4-C40-V8-D4.3;                           0.03; Sat  ;
 700;qbfMS/C40-V08-D4/p-qbf-modKSSS-K4-C40-V8-D4.4;                           0.08; Sat  ;
 701;qbfMS/C40-V08-D4/p-qbf-modKSSS-K4-C40-V8-D4.5;                           0.04; Sat  ;
 702;qbfMS/C40-V08-D4/p-qbf-modKSSS-K4-C40-V8-D4.6;                           0.02; Unsat;
 703;qbfMS/C40-V08-D4/p-qbf-modKSSS-K4-C40-V8-D4.7;                           0.06; Sat  ;
 704;qbfMS/C40-V08-D4/p-qbf-modKSSS-K4-C40-V8-D4.8;                           0.03; Unsat;
 705;qbfMS/C40-V08-D6/p-qbf-modKSSS-K4-C40-V8-D6.1;                           0.04; Sat  ;
 706;qbfMS/C40-V08-D6/p-qbf-modKSSS-K4-C40-V8-D6.2;                           0.02; Sat  ;
 707;qbfMS/C40-V08-D6/p-qbf-modKSSS-K4-C40-V8-D6.3;                           0.02; Sat  ;
 708;qbfMS/C40-V08-D6/p-qbf-modKSSS-K4-C40-V8-D6.4;                           0.04; Sat  ;
 709;qbfMS/C40-V08-D6/p-qbf-modKSSS-K4-C40-V8-D6.5;                           0.03; Sat  ;
 710;qbfMS/C40-V08-D6/p-qbf-modKSSS-K4-C40-V8-D6.6;                           0.03; Sat  ;
 711;qbfMS/C40-V08-D6/p-qbf-modKSSS-K4-C40-V8-D6.7;                           0.04; Sat  ;
 712;qbfMS/C40-V08-D6/p-qbf-modKSSS-K4-C40-V8-D6.8;                           0.02; Sat  ;
 713;qbfMS/C40-V16-D4/p-qbf-modKSSS-K4-C40-V16-D4.1;                          0.02; Sat  ;
 714;qbfMS/C40-V16-D4/p-qbf-modKSSS-K4-C40-V16-D4.2;                          0.03; Unsat;
 715;qbfMS/C40-V16-D4/p-qbf-modKSSS-K4-C40-V16-D4.3;                          0.04; Sat  ;
 716;qbfMS/C40-V16-D4/p-qbf-modKSSS-K4-C40-V16-D4.4;                          0.06; Sat  ;
 717;qbfMS/C40-V16-D4/p-qbf-modKSSS-K4-C40-V16-D4.5;                          0.04; Sat  ;
 718;qbfMS/C40-V16-D4/p-qbf-modKSSS-K4-C40-V16-D4.6;                          0.03; Sat  ;
 719;qbfMS/C40-V16-D4/p-qbf-modKSSS-K4-C40-V16-D4.7;                          0.02; Sat  ;
 720;qbfMS/C40-V16-D4/p-qbf-modKSSS-K4-C40-V16-D4.8;                          0.03; Sat  ;
 721;qbfMS/C40-V16-D6/p-qbf-modKSSS-K4-C40-V16-D6.1;                          0.03; Sat  ;
 722;qbfMS/C40-V16-D6/p-qbf-modKSSS-K4-C40-V16-D6.2;                          0.05; Sat  ;
 723;qbfMS/C40-V16-D6/p-qbf-modKSSS-K4-C40-V16-D6.3;                          0.03; Sat  ;
 724;qbfMS/C40-V16-D6/p-qbf-modKSSS-K4-C40-V16-D6.4;                          0.05; Sat  ;
 725;qbfMS/C40-V16-D6/p-qbf-modKSSS-K4-C40-V16-D6.5;                          0.03; Sat  ;
 726;qbfMS/C40-V16-D6/p-qbf-modKSSS-K4-C40-V16-D6.6;                          0.03; Sat  ;
 727;qbfMS/C40-V16-D6/p-qbf-modKSSS-K4-C40-V16-D6.7;                          0.05; Sat  ;
 728;qbfMS/C40-V16-D6/p-qbf-modKSSS-K4-C40-V16-D6.8;                          0.04; Sat  ;
 729;qbfMS/C50-V04-D4/p-qbf-modKSSS-K4-C50-V4-D4.1;                           0.03; Unsat;
 730;qbfMS/C50-V04-D4/p-qbf-modKSSS-K4-C50-V4-D4.2;                           0.03; Unsat;
 731;qbfMS/C50-V04-D4/p-qbf-modKSSS-K4-C50-V4-D4.3;                           0.03; Unsat;
 732;qbfMS/C50-V04-D4/p-qbf-modKSSS-K4-C50-V4-D4.4;                           0.03; Unsat;
 733;qbfMS/C50-V04-D4/p-qbf-modKSSS-K4-C50-V4-D4.5;                           0.02; Unsat;
 734;qbfMS/C50-V04-D4/p-qbf-modKSSS-K4-C50-V4-D4.6;                           0.03; Unsat;
 735;qbfMS/C50-V04-D4/p-qbf-modKSSS-K4-C50-V4-D4.7;                           0.02; Unsat;
 736;qbfMS/C50-V04-D4/p-qbf-modKSSS-K4-C50-V4-D4.8;                           0.05; Unsat;
 737;qbfMS/C50-V04-D6/p-qbf-modKSSS-K4-C50-V4-D6.1;                           0.05; Unsat;
 738;qbfMS/C50-V04-D6/p-qbf-modKSSS-K4-C50-V4-D6.2;                           0.04; Unsat;
 739;qbfMS/C50-V04-D6/p-qbf-modKSSS-K4-C50-V4-D6.3;                           0.02; Unsat;
 740;qbfMS/C50-V04-D6/p-qbf-modKSSS-K4-C50-V4-D6.4;                           0.06; Unsat;
 741;qbfMS/C50-V04-D6/p-qbf-modKSSS-K4-C50-V4-D6.5;                           0.03; Unsat;
 742;qbfMS/C50-V04-D6/p-qbf-modKSSS-K4-C50-V4-D6.6;                           0.03; Unsat;
 743;qbfMS/C50-V04-D6/p-qbf-modKSSS-K4-C50-V4-D6.7;                           0.05; Unsat;
 744;qbfMS/C50-V04-D6/p-qbf-modKSSS-K4-C50-V4-D6.8;                           0.03; Unsat;
 745;qbfMS/C50-V08-D4/p-qbf-modKSSS-K4-C50-V8-D4.1;                           1.18; Sat  ;
 746;qbfMS/C50-V08-D4/p-qbf-modKSSS-K4-C50-V8-D4.2;                           0.04; Unsat;
 747;qbfMS/C50-V08-D4/p-qbf-modKSSS-K4-C50-V8-D4.3;                           0.02; Unsat;
 748;qbfMS/C50-V08-D4/p-qbf-modKSSS-K4-C50-V8-D4.4;                           0.04; Unsat;
 749;qbfMS/C50-V08-D4/p-qbf-modKSSS-K4-C50-V8-D4.5;                           0.04; Unsat;
 750;qbfMS/C50-V08-D4/p-qbf-modKSSS-K4-C50-V8-D4.6;                           0.05; Unsat;
 751;qbfMS/C50-V08-D4/p-qbf-modKSSS-K4-C50-V8-D4.7;                           0.12; Sat  ;
 752;qbfMS/C50-V08-D4/p-qbf-modKSSS-K4-C50-V8-D4.8;                           0.05; Unsat;
 753;qbfMS/C50-V08-D6/p-qbf-modKSSS-K4-C50-V8-D6.1;                           0.06; Sat  ;
 754;qbfMS/C50-V08-D6/p-qbf-modKSSS-K4-C50-V8-D6.2;                           0.08; Unsat;
 755;qbfMS/C50-V08-D6/p-qbf-modKSSS-K4-C50-V8-D6.3;                           0.05; Sat  ;
 756;qbfMS/C50-V08-D6/p-qbf-modKSSS-K4-C50-V8-D6.4;                           0.07; Unsat;
 757;qbfMS/C50-V08-D6/p-qbf-modKSSS-K4-C50-V8-D6.5;                           0.05; Unsat;
 758;qbfMS/C50-V08-D6/p-qbf-modKSSS-K4-C50-V8-D6.6;                           0.03; Sat  ;
 759;qbfMS/C50-V08-D6/p-qbf-modKSSS-K4-C50-V8-D6.7;                           0.04; Unsat;
 760;qbfMS/C50-V08-D6/p-qbf-modKSSS-K4-C50-V8-D6.8;                           0.05; Unsat;
 761;qbfMS/C50-V16-D4/p-qbf-modKSSS-K4-C50-V16-D4.1;                          0.05; Sat  ;
 762;qbfMS/C50-V16-D4/p-qbf-modKSSS-K4-C50-V16-D4.2;                          0.06; Sat  ;
 763;qbfMS/C50-V16-D4/p-qbf-modKSSS-K4-C50-V16-D4.3;                          0.05; Sat  ;
 764;qbfMS/C50-V16-D4/p-qbf-modKSSS-K4-C50-V16-D4.4;                          0.04; Sat  ;
 765;qbfMS/C50-V16-D4/p-qbf-modKSSS-K4-C50-V16-D4.5;                          0.04; Sat  ;
 766;qbfMS/C50-V16-D4/p-qbf-modKSSS-K4-C50-V16-D4.6;                          0.05; Unsat;
 767;qbfMS/C50-V16-D4/p-qbf-modKSSS-K4-C50-V16-D4.7;                          0.09; Sat  ;
 768;qbfMS/C50-V16-D4/p-qbf-modKSSS-K4-C50-V16-D4.8;                          0.04; Sat  ;
 769;qbfMS/C50-V16-D6/p-qbf-modKSSS-K4-C50-V16-D6.1;                          0.08; Sat  ;
 770;qbfMS/C50-V16-D6/p-qbf-modKSSS-K4-C50-V16-D6.2;                          0.08; Sat  ;
 771;qbfMS/C50-V16-D6/p-qbf-modKSSS-K4-C50-V16-D6.3;                          0.05; Sat  ;
 772;qbfMS/C50-V16-D6/p-qbf-modKSSS-K4-C50-V16-D6.4;                          0.04; Sat  ;
 773;qbfMS/C50-V16-D6/p-qbf-modKSSS-K4-C50-V16-D6.5;                          0.07; Sat  ;
 774;qbfMS/C50-V16-D6/p-qbf-modKSSS-K4-C50-V16-D6.6;                          0.04; Sat  ;
 775;qbfMS/C50-V16-D6/p-qbf-modKSSS-K4-C50-V16-D6.7;                          0.07; Sat  ;
 776;qbfMS/C50-V16-D6/p-qbf-modKSSS-K4-C50-V16-D6.8;                          0.05; Sat  ;
 777;qbfS/C10-V04-D4/p-qbf-cnfSSS-K4-C10-V4-D4.1;                             0.00; Sat  ;
 778;qbfS/C10-V04-D4/p-qbf-cnfSSS-K4-C10-V4-D4.2;                             0.00; Sat  ;
 779;qbfS/C10-V04-D4/p-qbf-cnfSSS-K4-C10-V4-D4.3;                             0.00; Sat  ;
 780;qbfS/C10-V04-D4/p-qbf-cnfSSS-K4-C10-V4-D4.4;                             0.00; Sat  ;
 781;qbfS/C10-V04-D4/p-qbf-cnfSSS-K4-C10-V4-D4.5;                             0.00; Sat  ;
 782;qbfS/C10-V04-D4/p-qbf-cnfSSS-K4-C10-V4-D4.6;                             0.00; Sat  ;
 783;qbfS/C10-V04-D4/p-qbf-cnfSSS-K4-C10-V4-D4.7;                             0.00; Sat  ;
 784;qbfS/C10-V04-D4/p-qbf-cnfSSS-K4-C10-V4-D4.8;                             0.00; Sat  ;
 785;qbfS/C10-V04-D6/p-qbf-cnfSSS-K4-C10-V4-D6.1;                             0.00; Sat  ;
 786;qbfS/C10-V04-D6/p-qbf-cnfSSS-K4-C10-V4-D6.2;                             0.00; Sat  ;
 787;qbfS/C10-V04-D6/p-qbf-cnfSSS-K4-C10-V4-D6.3;                             0.00; Sat  ;
 788;qbfS/C10-V04-D6/p-qbf-cnfSSS-K4-C10-V4-D6.4;                             0.00; Sat  ;
 789;qbfS/C10-V04-D6/p-qbf-cnfSSS-K4-C10-V4-D6.5;                             0.00; Sat  ;
 790;qbfS/C10-V04-D6/p-qbf-cnfSSS-K4-C10-V4-D6.6;                             0.00; Sat  ;
 791;qbfS/C10-V04-D6/p-qbf-cnfSSS-K4-C10-V4-D6.7;                             0.00; Sat  ;
 792;qbfS/C10-V04-D6/p-qbf-cnfSSS-K4-C10-V4-D6.8;                             0.00; Sat  ;
 793;qbfS/C10-V08-D4/p-qbf-cnfSSS-K4-C10-V8-D4.1;                             0.00; Sat  ;
 794;qbfS/C10-V08-D4/p-qbf-cnfSSS-K4-C10-V8-D4.2;                             0.00; Sat  ;
 795;qbfS/C10-V08-D4/p-qbf-cnfSSS-K4-C10-V8-D4.3;                             0.00; Sat  ;
 796;qbfS/C10-V08-D4/p-qbf-cnfSSS-K4-C10-V8-D4.4;                             0.00; Sat  ;
 797;qbfS/C10-V08-D4/p-qbf-cnfSSS-K4-C10-V8-D4.5;                             0.00; Sat  ;
 798;qbfS/C10-V08-D4/p-qbf-cnfSSS-K4-C10-V8-D4.6;                             0.00; Sat  ;
 799;qbfS/C10-V08-D4/p-qbf-cnfSSS-K4-C10-V8-D4.7;                             0.00; Sat  ;
 800;qbfS/C10-V08-D4/p-qbf-cnfSSS-K4-C10-V8-D4.8;                             0.00; Sat  ;
 801;qbfS/C10-V08-D6/p-qbf-cnfSSS-K4-C10-V8-D6.1;                             0.00; Sat  ;
 802;qbfS/C10-V08-D6/p-qbf-cnfSSS-K4-C10-V8-D6.2;                             0.00; Sat  ;
 803;qbfS/C10-V08-D6/p-qbf-cnfSSS-K4-C10-V8-D6.3;                             0.00; Sat  ;
 804;qbfS/C10-V08-D6/p-qbf-cnfSSS-K4-C10-V8-D6.4;                             0.00; Sat  ;
 805;qbfS/C10-V08-D6/p-qbf-cnfSSS-K4-C10-V8-D6.5;                             0.00; Sat  ;
 806;qbfS/C10-V08-D6/p-qbf-cnfSSS-K4-C10-V8-D6.6;                             0.00; Sat  ;
 807;qbfS/C10-V08-D6/p-qbf-cnfSSS-K4-C10-V8-D6.7;                             0.00; Sat  ;
 808;qbfS/C10-V08-D6/p-qbf-cnfSSS-K4-C10-V8-D6.8;                             0.00; Sat  ;
 809;qbfS/C10-V16-D4/p-qbf-cnfSSS-K4-C10-V16-D4.1;                            0.00; Sat  ;
 810;qbfS/C10-V16-D4/p-qbf-cnfSSS-K4-C10-V16-D4.2;                            0.00; Sat  ;
 811;qbfS/C10-V16-D4/p-qbf-cnfSSS-K4-C10-V16-D4.3;                            0.00; Sat  ;
 812;qbfS/C10-V16-D4/p-qbf-cnfSSS-K4-C10-V16-D4.4;                            0.00; Sat  ;
 813;qbfS/C10-V16-D4/p-qbf-cnfSSS-K4-C10-V16-D4.5;                            0.00; Sat  ;
 814;qbfS/C10-V16-D4/p-qbf-cnfSSS-K4-C10-V16-D4.6;                            0.00; Sat  ;
 815;qbfS/C10-V16-D4/p-qbf-cnfSSS-K4-C10-V16-D4.7;                            0.00; Sat  ;
 816;qbfS/C10-V16-D4/p-qbf-cnfSSS-K4-C10-V16-D4.8;                            0.00; Sat  ;
 817;qbfS/C10-V16-D6/p-qbf-cnfSSS-K4-C10-V16-D6.1;                            0.00; Sat  ;
 818;qbfS/C10-V16-D6/p-qbf-cnfSSS-K4-C10-V16-D6.2;                            0.00; Sat  ;
 819;qbfS/C10-V16-D6/p-qbf-cnfSSS-K4-C10-V16-D6.3;                            0.00; Sat  ;
 820;qbfS/C10-V16-D6/p-qbf-cnfSSS-K4-C10-V16-D6.4;                            0.00; Sat  ;
 821;qbfS/C10-V16-D6/p-qbf-cnfSSS-K4-C10-V16-D6.5;                            0.00; Sat  ;
 822;qbfS/C10-V16-D6/p-qbf-cnfSSS-K4-C10-V16-D6.6;                            0.00; Sat  ;
 823;qbfS/C10-V16-D6/p-qbf-cnfSSS-K4-C10-V16-D6.7;                            0.00; Sat  ;
 824;qbfS/C10-V16-D6/p-qbf-cnfSSS-K4-C10-V16-D6.8;                            0.00; Sat  ;
 825;qbfS/C20-V04-D4/p-qbf-cnfSSS-K4-C20-V4-D4.1;                             0.00; Unsat;
 826;qbfS/C20-V04-D4/p-qbf-cnfSSS-K4-C20-V4-D4.2;                             0.00; Sat  ;
 827;qbfS/C20-V04-D4/p-qbf-cnfSSS-K4-C20-V4-D4.3;                             0.00; Sat  ;
 828;qbfS/C20-V04-D4/p-qbf-cnfSSS-K4-C20-V4-D4.4;                             0.00; Sat  ;
 829;qbfS/C20-V04-D4/p-qbf-cnfSSS-K4-C20-V4-D4.5;                             0.00; Sat  ;
 830;qbfS/C20-V04-D4/p-qbf-cnfSSS-K4-C20-V4-D4.6;                             0.00; Unsat;
 831;qbfS/C20-V04-D4/p-qbf-cnfSSS-K4-C20-V4-D4.7;                             0.00; Sat  ;
 832;qbfS/C20-V04-D4/p-qbf-cnfSSS-K4-C20-V4-D4.8;                             0.00; Sat  ;
 833;qbfS/C20-V04-D6/p-qbf-cnfSSS-K4-C20-V4-D6.1;                             0.00; Sat  ;
 834;qbfS/C20-V04-D6/p-qbf-cnfSSS-K4-C20-V4-D6.2;                             0.00; Sat  ;
 835;qbfS/C20-V04-D6/p-qbf-cnfSSS-K4-C20-V4-D6.3;                             0.00; Sat  ;
 836;qbfS/C20-V04-D6/p-qbf-cnfSSS-K4-C20-V4-D6.4;                             0.00; Sat  ;
 837;qbfS/C20-V04-D6/p-qbf-cnfSSS-K4-C20-V4-D6.5;                             0.00; Sat  ;
 838;qbfS/C20-V04-D6/p-qbf-cnfSSS-K4-C20-V4-D6.6;                             0.00; Sat  ;
 839;qbfS/C20-V04-D6/p-qbf-cnfSSS-K4-C20-V4-D6.7;                             0.00; Sat  ;
 840;qbfS/C20-V04-D6/p-qbf-cnfSSS-K4-C20-V4-D6.8;                             0.00; Sat  ;
 841;qbfS/C20-V08-D4/p-qbf-cnfSSS-K4-C20-V8-D4.1;                             0.00; Sat  ;
 842;qbfS/C20-V08-D4/p-qbf-cnfSSS-K4-C20-V8-D4.2;                             0.00; Sat  ;
 843;qbfS/C20-V08-D4/p-qbf-cnfSSS-K4-C20-V8-D4.3;                             0.00; Sat  ;
 844;qbfS/C20-V08-D4/p-qbf-cnfSSS-K4-C20-V8-D4.4;                             0.00; Sat  ;
 845;qbfS/C20-V08-D4/p-qbf-cnfSSS-K4-C20-V8-D4.5;                             0.00; Sat  ;
 846;qbfS/C20-V08-D4/p-qbf-cnfSSS-K4-C20-V8-D4.6;                             0.00; Sat  ;
 847;qbfS/C20-V08-D4/p-qbf-cnfSSS-K4-C20-V8-D4.7;                             0.00; Sat  ;
 848;qbfS/C20-V08-D4/p-qbf-cnfSSS-K4-C20-V8-D4.8;                             0.00; Sat  ;
 849;qbfS/C20-V08-D6/p-qbf-cnfSSS-K4-C20-V8-D6.1;                             0.00; Sat  ;
 850;qbfS/C20-V08-D6/p-qbf-cnfSSS-K4-C20-V8-D6.2;                             0.00; Sat  ;
 851;qbfS/C20-V08-D6/p-qbf-cnfSSS-K4-C20-V8-D6.3;                             0.00; Sat  ;
 852;qbfS/C20-V08-D6/p-qbf-cnfSSS-K4-C20-V8-D6.4;                             0.00; Sat  ;
 853;qbfS/C20-V08-D6/p-qbf-cnfSSS-K4-C20-V8-D6.5;                             0.00; Sat  ;
 854;qbfS/C20-V08-D6/p-qbf-cnfSSS-K4-C20-V8-D6.6;                             0.00; Sat  ;
 855;qbfS/C20-V08-D6/p-qbf-cnfSSS-K4-C20-V8-D6.7;                             0.00; Sat  ;
 856;qbfS/C20-V08-D6/p-qbf-cnfSSS-K4-C20-V8-D6.8;                             0.00; Sat  ;
 857;qbfS/C20-V16-D4/p-qbf-cnfSSS-K4-C20-V16-D4.1;                            0.00; Sat  ;
 858;qbfS/C20-V16-D4/p-qbf-cnfSSS-K4-C20-V16-D4.2;                            0.00; Sat  ;
 859;qbfS/C20-V16-D4/p-qbf-cnfSSS-K4-C20-V16-D4.3;                            0.00; Sat  ;
 860;qbfS/C20-V16-D4/p-qbf-cnfSSS-K4-C20-V16-D4.4;                            0.00; Sat  ;
 861;qbfS/C20-V16-D4/p-qbf-cnfSSS-K4-C20-V16-D4.5;                            0.00; Sat  ;
 862;qbfS/C20-V16-D4/p-qbf-cnfSSS-K4-C20-V16-D4.6;                            0.00; Sat  ;
 863;qbfS/C20-V16-D4/p-qbf-cnfSSS-K4-C20-V16-D4.7;                            0.00; Sat  ;
 864;qbfS/C20-V16-D4/p-qbf-cnfSSS-K4-C20-V16-D4.8;                            0.00; Sat  ;
 865;qbfS/C20-V16-D6/p-qbf-cnfSSS-K4-C20-V16-D6.1;                            0.00; Sat  ;
 866;qbfS/C20-V16-D6/p-qbf-cnfSSS-K4-C20-V16-D6.2;                            0.00; Sat  ;
 867;qbfS/C20-V16-D6/p-qbf-cnfSSS-K4-C20-V16-D6.3;                            0.00; Sat  ;
 868;qbfS/C20-V16-D6/p-qbf-cnfSSS-K4-C20-V16-D6.4;                            0.00; Sat  ;
 869;qbfS/C20-V16-D6/p-qbf-cnfSSS-K4-C20-V16-D6.5;                            0.00; Sat  ;
 870;qbfS/C20-V16-D6/p-qbf-cnfSSS-K4-C20-V16-D6.6;                            0.00; Sat  ;
 871;qbfS/C20-V16-D6/p-qbf-cnfSSS-K4-C20-V16-D6.7;                            0.00; Sat  ;
 872;qbfS/C20-V16-D6/p-qbf-cnfSSS-K4-C20-V16-D6.8;                            0.00; Sat  ;
 873;qbfS/C30-V04-D4/p-qbf-cnfSSS-K4-C30-V4-D4.1;                             0.00; Unsat;
 874;qbfS/C30-V04-D4/p-qbf-cnfSSS-K4-C30-V4-D4.2;                             0.00; Unsat;
 875;qbfS/C30-V04-D4/p-qbf-cnfSSS-K4-C30-V4-D4.3;                             0.00; Unsat;
 876;qbfS/C30-V04-D4/p-qbf-cnfSSS-K4-C30-V4-D4.4;                             0.00; Sat  ;
 877;qbfS/C30-V04-D4/p-qbf-cnfSSS-K4-C30-V4-D4.5;                             0.01; Sat  ;
 878;qbfS/C30-V04-D4/p-qbf-cnfSSS-K4-C30-V4-D4.6;                             0.00; Unsat;
 879;qbfS/C30-V04-D4/p-qbf-cnfSSS-K4-C30-V4-D4.7;                             0.00; Unsat;
 880;qbfS/C30-V04-D4/p-qbf-cnfSSS-K4-C30-V4-D4.8;                             0.00; Unsat;
 881;qbfS/C30-V04-D6/p-qbf-cnfSSS-K4-C30-V4-D6.1;                             0.00; Sat  ;
 882;qbfS/C30-V04-D6/p-qbf-cnfSSS-K4-C30-V4-D6.2;                             0.00; Sat  ;
 883;qbfS/C30-V04-D6/p-qbf-cnfSSS-K4-C30-V4-D6.3;                             0.00; Unsat;
 884;qbfS/C30-V04-D6/p-qbf-cnfSSS-K4-C30-V4-D6.4;                             0.00; Sat  ;
 885;qbfS/C30-V04-D6/p-qbf-cnfSSS-K4-C30-V4-D6.5;                             0.00; Sat  ;
 886;qbfS/C30-V04-D6/p-qbf-cnfSSS-K4-C30-V4-D6.6;                             0.00; Sat  ;
 887;qbfS/C30-V04-D6/p-qbf-cnfSSS-K4-C30-V4-D6.7;                             0.00; Sat  ;
 888;qbfS/C30-V04-D6/p-qbf-cnfSSS-K4-C30-V4-D6.8;                             0.00; Sat  ;
 889;qbfS/C30-V08-D4/p-qbf-cnfSSS-K4-C30-V8-D4.1;                             0.00; Sat  ;
 890;qbfS/C30-V08-D4/p-qbf-cnfSSS-K4-C30-V8-D4.2;                             0.00; Sat  ;
 891;qbfS/C30-V08-D4/p-qbf-cnfSSS-K4-C30-V8-D4.3;                             0.00; Sat  ;
 892;qbfS/C30-V08-D4/p-qbf-cnfSSS-K4-C30-V8-D4.4;                             0.00; Sat  ;
 893;qbfS/C30-V08-D4/p-qbf-cnfSSS-K4-C30-V8-D4.5;                             0.00; Sat  ;
 894;qbfS/C30-V08-D4/p-qbf-cnfSSS-K4-C30-V8-D4.6;                             0.00; Sat  ;
 895;qbfS/C30-V08-D4/p-qbf-cnfSSS-K4-C30-V8-D4.7;                             0.00; Sat  ;
 896;qbfS/C30-V08-D4/p-qbf-cnfSSS-K4-C30-V8-D4.8;                             0.00; Sat  ;
 897;qbfS/C30-V08-D6/p-qbf-cnfSSS-K4-C30-V8-D6.1;                             0.00; Sat  ;
 898;qbfS/C30-V08-D6/p-qbf-cnfSSS-K4-C30-V8-D6.2;                             0.00; Sat  ;
 899;qbfS/C30-V08-D6/p-qbf-cnfSSS-K4-C30-V8-D6.3;                             0.00; Sat  ;
 900;qbfS/C30-V08-D6/p-qbf-cnfSSS-K4-C30-V8-D6.4;                             0.00; Sat  ;
 901;qbfS/C30-V08-D6/p-qbf-cnfSSS-K4-C30-V8-D6.5;                             0.00; Sat  ;
 902;qbfS/C30-V08-D6/p-qbf-cnfSSS-K4-C30-V8-D6.6;                             0.00; Sat  ;
 903;qbfS/C30-V08-D6/p-qbf-cnfSSS-K4-C30-V8-D6.7;                             0.00; Sat  ;
 904;qbfS/C30-V08-D6/p-qbf-cnfSSS-K4-C30-V8-D6.8;                             0.00; Sat  ;
 905;qbfS/C30-V16-D4/p-qbf-cnfSSS-K4-C30-V16-D4.1;                            0.00; Sat  ;
 906;qbfS/C30-V16-D4/p-qbf-cnfSSS-K4-C30-V16-D4.2;                            0.00; Sat  ;
 907;qbfS/C30-V16-D4/p-qbf-cnfSSS-K4-C30-V16-D4.3;                            0.00; Sat  ;
 908;qbfS/C30-V16-D4/p-qbf-cnfSSS-K4-C30-V16-D4.4;                            0.00; Sat  ;
 909;qbfS/C30-V16-D4/p-qbf-cnfSSS-K4-C30-V16-D4.5;                            0.00; Sat  ;
 910;qbfS/C30-V16-D4/p-qbf-cnfSSS-K4-C30-V16-D4.6;                            0.00; Sat  ;
 911;qbfS/C30-V16-D4/p-qbf-cnfSSS-K4-C30-V16-D4.7;                            0.00; Sat  ;
 912;qbfS/C30-V16-D4/p-qbf-cnfSSS-K4-C30-V16-D4.8;                            0.00; Sat  ;
 913;qbfS/C30-V16-D6/p-qbf-cnfSSS-K4-C30-V16-D6.1;                            0.00; Sat  ;
 914;qbfS/C30-V16-D6/p-qbf-cnfSSS-K4-C30-V16-D6.2;                            0.00; Sat  ;
 915;qbfS/C30-V16-D6/p-qbf-cnfSSS-K4-C30-V16-D6.3;                            0.00; Sat  ;
 916;qbfS/C30-V16-D6/p-qbf-cnfSSS-K4-C30-V16-D6.4;                            0.00; Sat  ;
 917;qbfS/C30-V16-D6/p-qbf-cnfSSS-K4-C30-V16-D6.5;                            0.00; Sat  ;
 918;qbfS/C30-V16-D6/p-qbf-cnfSSS-K4-C30-V16-D6.6;                            0.00; Sat  ;
 919;qbfS/C30-V16-D6/p-qbf-cnfSSS-K4-C30-V16-D6.7;                            0.00; Sat  ;
 920;qbfS/C30-V16-D6/p-qbf-cnfSSS-K4-C30-V16-D6.8;                            0.00; Sat  ;
 921;qbfS/C40-V04-D4/p-qbf-cnfSSS-K4-C40-V4-D4.1;                             0.01; Unsat;
 922;qbfS/C40-V04-D4/p-qbf-cnfSSS-K4-C40-V4-D4.2;                             0.00; Unsat;
 923;qbfS/C40-V04-D4/p-qbf-cnfSSS-K4-C40-V4-D4.3;                             0.01; Sat  ;
 924;qbfS/C40-V04-D4/p-qbf-cnfSSS-K4-C40-V4-D4.4;                             0.01; Unsat;
 925;qbfS/C40-V04-D4/p-qbf-cnfSSS-K4-C40-V4-D4.5;                             0.00; Unsat;
 926;qbfS/C40-V04-D4/p-qbf-cnfSSS-K4-C40-V4-D4.6;                             0.00; Unsat;
 927;qbfS/C40-V04-D4/p-qbf-cnfSSS-K4-C40-V4-D4.7;                             0.01; Unsat;
 928;qbfS/C40-V04-D4/p-qbf-cnfSSS-K4-C40-V4-D4.8;                             0.00; Unsat;
 929;qbfS/C40-V04-D6/p-qbf-cnfSSS-K4-C40-V4-D6.1;                             0.00; Unsat;
 930;qbfS/C40-V04-D6/p-qbf-cnfSSS-K4-C40-V4-D6.2;                             0.02; Sat  ;
 931;qbfS/C40-V04-D6/p-qbf-cnfSSS-K4-C40-V4-D6.3;                             0.01; Sat  ;
 932;qbfS/C40-V04-D6/p-qbf-cnfSSS-K4-C40-V4-D6.4;                             0.01; Unsat;
 933;qbfS/C40-V04-D6/p-qbf-cnfSSS-K4-C40-V4-D6.5;                             0.01; Unsat;
 934;qbfS/C40-V04-D6/p-qbf-cnfSSS-K4-C40-V4-D6.6;                             0.01; Unsat;
 935;qbfS/C40-V04-D6/p-qbf-cnfSSS-K4-C40-V4-D6.7;                             0.01; Unsat;
 936;qbfS/C40-V04-D6/p-qbf-cnfSSS-K4-C40-V4-D6.8;                             0.00; Unsat;
 937;qbfS/C40-V08-D4/p-qbf-cnfSSS-K4-C40-V8-D4.1;                             0.00; Unsat;
 938;qbfS/C40-V08-D4/p-qbf-cnfSSS-K4-C40-V8-D4.2;                             0.00; Unsat;
 939;qbfS/C40-V08-D4/p-qbf-cnfSSS-K4-C40-V8-D4.3;                             0.00; Sat  ;
 940;qbfS/C40-V08-D4/p-qbf-cnfSSS-K4-C40-V8-D4.4;                             0.01; Unsat;
 941;qbfS/C40-V08-D4/p-qbf-cnfSSS-K4-C40-V8-D4.5;                             0.00; Unsat;
 942;qbfS/C40-V08-D4/p-qbf-cnfSSS-K4-C40-V8-D4.6;                             0.00; Unsat;
 943;qbfS/C40-V08-D4/p-qbf-cnfSSS-K4-C40-V8-D4.7;                             0.00; Unsat;
 944;qbfS/C40-V08-D4/p-qbf-cnfSSS-K4-C40-V8-D4.8;                             0.00; Sat  ;
 945;qbfS/C40-V08-D6/p-qbf-cnfSSS-K4-C40-V8-D6.1;                             0.00; Sat  ;
 946;qbfS/C40-V08-D6/p-qbf-cnfSSS-K4-C40-V8-D6.2;                             0.00; Sat  ;
 947;qbfS/C40-V08-D6/p-qbf-cnfSSS-K4-C40-V8-D6.3;                             0.01; Unsat;
 948;qbfS/C40-V08-D6/p-qbf-cnfSSS-K4-C40-V8-D6.4;                             0.01; Sat  ;
 949;qbfS/C40-V08-D6/p-qbf-cnfSSS-K4-C40-V8-D6.5;                             0.00; Sat  ;
 950;qbfS/C40-V08-D6/p-qbf-cnfSSS-K4-C40-V8-D6.6;                             0.00; Sat  ;
 951;qbfS/C40-V08-D6/p-qbf-cnfSSS-K4-C40-V8-D6.7;                             0.00; Sat  ;
 952;qbfS/C40-V08-D6/p-qbf-cnfSSS-K4-C40-V8-D6.8;                             0.00; Sat  ;
 953;qbfS/C40-V16-D4/p-qbf-cnfSSS-K4-C40-V16-D4.1;                            0.00; Sat  ;
 954;qbfS/C40-V16-D4/p-qbf-cnfSSS-K4-C40-V16-D4.2;                            0.00; Sat  ;
 955;qbfS/C40-V16-D4/p-qbf-cnfSSS-K4-C40-V16-D4.3;                            0.00; Sat  ;
 956;qbfS/C40-V16-D4/p-qbf-cnfSSS-K4-C40-V16-D4.4;                            0.00; Sat  ;
 957;qbfS/C40-V16-D4/p-qbf-cnfSSS-K4-C40-V16-D4.5;                            0.00; Sat  ;
 958;qbfS/C40-V16-D4/p-qbf-cnfSSS-K4-C40-V16-D4.6;                            0.00; Sat  ;
 959;qbfS/C40-V16-D4/p-qbf-cnfSSS-K4-C40-V16-D4.7;                            0.00; Sat  ;
 960;qbfS/C40-V16-D4/p-qbf-cnfSSS-K4-C40-V16-D4.8;                            0.00; Sat  ;
 961;qbfS/C40-V16-D6/p-qbf-cnfSSS-K4-C40-V16-D6.1;                            0.00; Sat  ;
 962;qbfS/C40-V16-D6/p-qbf-cnfSSS-K4-C40-V16-D6.2;                            0.00; Sat  ;
 963;qbfS/C40-V16-D6/p-qbf-cnfSSS-K4-C40-V16-D6.3;                            0.00; Sat  ;
 964;qbfS/C40-V16-D6/p-qbf-cnfSSS-K4-C40-V16-D6.4;                            0.00; Sat  ;
 965;qbfS/C40-V16-D6/p-qbf-cnfSSS-K4-C40-V16-D6.5;                            0.00; Sat  ;
 966;qbfS/C40-V16-D6/p-qbf-cnfSSS-K4-C40-V16-D6.6;                            0.00; Sat  ;
 967;qbfS/C40-V16-D6/p-qbf-cnfSSS-K4-C40-V16-D6.7;                            0.00; Sat  ;
 968;qbfS/C40-V16-D6/p-qbf-cnfSSS-K4-C40-V16-D6.8;                            0.00; Sat  ;
 969;qbfS/C50-V04-D4/p-qbf-cnfSSS-K4-C50-V4-D4.1;                             0.01; Unsat;
 970;qbfS/C50-V04-D4/p-qbf-cnfSSS-K4-C50-V4-D4.2;                             0.00; Unsat;
 971;qbfS/C50-V04-D4/p-qbf-cnfSSS-K4-C50-V4-D4.3;                             0.01; Unsat;
 972;qbfS/C50-V04-D4/p-qbf-cnfSSS-K4-C50-V4-D4.4;                             0.01; Unsat;
 973;qbfS/C50-V04-D4/p-qbf-cnfSSS-K4-C50-V4-D4.5;                             0.00; Unsat;
 974;qbfS/C50-V04-D4/p-qbf-cnfSSS-K4-C50-V4-D4.6;                             0.01; Unsat;
 975;qbfS/C50-V04-D4/p-qbf-cnfSSS-K4-C50-V4-D4.7;                             0.01; Unsat;
 976;qbfS/C50-V04-D4/p-qbf-cnfSSS-K4-C50-V4-D4.8;                             0.01; Unsat;
 977;qbfS/C50-V04-D6/p-qbf-cnfSSS-K4-C50-V4-D6.1;                             0.00; Unsat;
 978;qbfS/C50-V04-D6/p-qbf-cnfSSS-K4-C50-V4-D6.2;                             0.01; Unsat;
 979;qbfS/C50-V04-D6/p-qbf-cnfSSS-K4-C50-V4-D6.3;                             0.00; Unsat;
 980;qbfS/C50-V04-D6/p-qbf-cnfSSS-K4-C50-V4-D6.4;                             0.01; Unsat;
 981;qbfS/C50-V04-D6/p-qbf-cnfSSS-K4-C50-V4-D6.5;                             0.01; Unsat;
 982;qbfS/C50-V04-D6/p-qbf-cnfSSS-K4-C50-V4-D6.6;                             0.01; Unsat;
 983;qbfS/C50-V04-D6/p-qbf-cnfSSS-K4-C50-V4-D6.7;                             0.01; Unsat;
 984;qbfS/C50-V04-D6/p-qbf-cnfSSS-K4-C50-V4-D6.8;                             0.01; Unsat;
 985;qbfS/C50-V08-D4/p-qbf-cnfSSS-K4-C50-V8-D4.1;                             0.01; Unsat;
 986;qbfS/C50-V08-D4/p-qbf-cnfSSS-K4-C50-V8-D4.2;                             0.02; Unsat;
 987;qbfS/C50-V08-D4/p-qbf-cnfSSS-K4-C50-V8-D4.3;                             0.01; Unsat;
 988;qbfS/C50-V08-D4/p-qbf-cnfSSS-K4-C50-V8-D4.4;                             0.02; Unsat;
 989;qbfS/C50-V08-D4/p-qbf-cnfSSS-K4-C50-V8-D4.5;                             0.02; Unsat;
 990;qbfS/C50-V08-D4/p-qbf-cnfSSS-K4-C50-V8-D4.6;                             0.02; Unsat;
 991;qbfS/C50-V08-D4/p-qbf-cnfSSS-K4-C50-V8-D4.7;                             0.01; Unsat;
 992;qbfS/C50-V08-D4/p-qbf-cnfSSS-K4-C50-V8-D4.8;                             0.01; Unsat;
 993;qbfS/C50-V08-D6/p-qbf-cnfSSS-K4-C50-V8-D6.1;                             0.01; Unsat;
 994;qbfS/C50-V08-D6/p-qbf-cnfSSS-K4-C50-V8-D6.2;                             0.00; Sat  ;
 995;qbfS/C50-V08-D6/p-qbf-cnfSSS-K4-C50-V8-D6.3;                             0.01; Sat  ;
 996;qbfS/C50-V08-D6/p-qbf-cnfSSS-K4-C50-V8-D6.4;                             0.00; Sat  ;
 997;qbfS/C50-V08-D6/p-qbf-cnfSSS-K4-C50-V8-D6.5;                             0.00; Sat  ;
 998;qbfS/C50-V08-D6/p-qbf-cnfSSS-K4-C50-V8-D6.6;                             0.00; Sat  ;
 999;qbfS/C50-V08-D6/p-qbf-cnfSSS-K4-C50-V8-D6.7;                             0.01; Unsat;
1000;qbfS/C50-V08-D6/p-qbf-cnfSSS-K4-C50-V8-D6.8;                             0.02; Sat  ;
1001;qbfS/C50-V16-D4/p-qbf-cnfSSS-K4-C50-V16-D4.1;                            0.00; Sat  ;
1002;qbfS/C50-V16-D4/p-qbf-cnfSSS-K4-C50-V16-D4.2;                            0.00; Sat  ;
1003;qbfS/C50-V16-D4/p-qbf-cnfSSS-K4-C50-V16-D4.3;                            0.00; Sat  ;
1004;qbfS/C50-V16-D4/p-qbf-cnfSSS-K4-C50-V16-D4.4;                            0.00; Sat  ;
1005;qbfS/C50-V16-D4/p-qbf-cnfSSS-K4-C50-V16-D4.5;                            0.00; Sat  ;
1006;qbfS/C50-V16-D4/p-qbf-cnfSSS-K4-C50-V16-D4.6;                            0.01; Sat  ;
1007;qbfS/C50-V16-D4/p-qbf-cnfSSS-K4-C50-V16-D4.7;                            0.00; Sat  ;
1008;qbfS/C50-V16-D4/p-qbf-cnfSSS-K4-C50-V16-D4.8;                            0.00; Sat  ;
1009;qbfS/C50-V16-D6/p-qbf-cnfSSS-K4-C50-V16-D6.1;                            0.00; Sat  ;
1010;qbfS/C50-V16-D6/p-qbf-cnfSSS-K4-C50-V16-D6.2;                            0.00; Sat  ;
1011;qbfS/C50-V16-D6/p-qbf-cnfSSS-K4-C50-V16-D6.3;                            0.00; Sat  ;
1012;qbfS/C50-V16-D6/p-qbf-cnfSSS-K4-C50-V16-D6.4;                            0.00; Sat  ;
1013;qbfS/C50-V16-D6/p-qbf-cnfSSS-K4-C50-V16-D6.5;                            0.00; Sat  ;
1014;qbfS/C50-V16-D6/p-qbf-cnfSSS-K4-C50-V16-D6.6;                            0.00; Sat  ;
1015;qbfS/C50-V16-D6/p-qbf-cnfSSS-K4-C50-V16-D6.7;                            0.00; Sat  ;
1016;qbfS/C50-V16-D6/p-qbf-cnfSSS-K4-C50-V16-D6.8;                            0.00; Sat  ;
